customer_id,listing_id,crop_id,crop_name,purchase_count,total_quantity,recommendation_type
415c5186-549e-44e9-9132-6d158175f5c1,bf9e355c-e1c9-428e-906d-8e9a455ce885,abef6b46-97a3-4d47-847a-0a058895e915,Tomato,4,9.39,BUY_AGAIN
415c5186-549e-44e9-9132-6d158175f5c1,fc99c491-28ac-40fc-bd3b-edf6d3a3588b,d98d579c-c9b5-454e-8a92-971240c312eb,Onion,4,13.330000000000002,BUY_AGAIN
415c5186-549e-44e9-9132-6d158175f5c1,798ae4e6-fad9-4806-8971-c892a9483220,2f6f3a77-07d3-4a5d-9422-277b8cb53de2,Potato,3,13.0,BUY_AGAIN
415c5186-549e-44e9-9132-6d158175f5c1,26aee757-06a2-4ead-ab16-d1e71fd68f1b,653ff738-2173-4c0d-9619-2be06db39e8c,Green Chilli,1,4.73,BUY_AGAIN
415c5186-549e-44e9-9132-6d158175f5c1,c6914581-923c-445a-9f9c-eaf0ec5a2c33,ef45df06-ae20-45cb-9c78-f423589fe7a0,Coriander,1,2.74,BUY_AGAIN
7da7a7d5-e468-4f10-a91c-c07fd503dc72,bf9e355c-e1c9-428e-906d-8e9a455ce885,abef6b46-97a3-4d47-847a-0a058895e915,Tomato,4,14.4,BUY_AGAIN
7da7a7d5-e468-4f10-a91c-c07fd503dc72,fc99c491-28ac-40fc-bd3b-edf6d3a3588b,d98d579c-c9b5-454e-8a92-971240c312eb,Onion,4,10.420000000000002,BUY_AGAIN
7da7a7d5-e468-4f10-a91c-c07fd503dc72,26aee757-06a2-4ead-ab16-d1e71fd68f1b,653ff738-2173-4c0d-9619-2be06db39e8c,Green Chilli,4,13.75,BUY_AGAIN
7da7a7d5-e468-4f10-a91c-c07fd503dc72,c6914581-923c-445a-9f9c-eaf0ec5a2c33,ef45df06-ae20-45cb-9c78-f423589fe7a0,Coriander,4,7.09,BUY_AGAIN
7da7a7d5-e468-4f10-a91c-c07fd503dc72,39dac036-1cbb-41e3-9550-b0ec6a31b6eb,178c56a4-1347-43a1-9c70-b8ad4e14aebd,Palak,1,1.81,BUY_AGAIN
7da7a7d5-e468-4f10-a91c-c07fd503dc72,6fcc34f9-1490-4c70-ae89-f338a3157ec6,59533992-5f56-4fd7-aafc-039199e5d9d6,Carrot,1,2.3,BUY_AGAIN
7da7a7d5-e468-4f10-a91c-c07fd503dc72,53375854-801f-4fc4-9bca-a764bf6963fe,abf9c741-823f-4047-ae80-0254c25dfaf7,Banana,1,2.21,BUY_AGAIN
7da7a7d5-e468-4f10-a91c-c07fd503dc72,f2ae0ff7-611d-4a23-b1ee-97688a2701e7,68333e4b-e52f-429e-9139-07cc61dc5eb0,Cabbage,1,3.48,BUY_AGAIN
4be287a3-4af7-4b0f-93da-1215dbbe7007,39dac036-1cbb-41e3-9550-b0ec6a31b6eb,178c56a4-1347-43a1-9c70-b8ad4e14aebd,Palak,3,5.75,BUY_AGAIN
4be287a3-4af7-4b0f-93da-1215dbbe7007,6fcc34f9-1490-4c70-ae89-f338a3157ec6,59533992-5f56-4fd7-aafc-039199e5d9d6,Carrot,3,8.16,BUY_AGAIN
4be287a3-4af7-4b0f-93da-1215dbbe7007,53375854-801f-4fc4-9bca-a764bf6963fe,abf9c741-823f-4047-ae80-0254c25dfaf7,Banana,3,5.26,BUY_AGAIN
4be287a3-4af7-4b0f-93da-1215dbbe7007,4db9e4de-ce3d-41d7-bdf4-3931e7243df5,ac8068c4-442e-467b-90c9-366eb7fc7bba,Grapes,1,1.54,BUY_AGAIN
f685a52e-f09f-45e3-b296-668bbb414f9f,bf9e355c-e1c9-428e-906d-8e9a455ce885,abef6b46-97a3-4d47-847a-0a058895e915,Tomato,6,16.18,BUY_AGAIN
f685a52e-f09f-45e3-b296-668bbb414f9f,fc99c491-28ac-40fc-bd3b-edf6d3a3588b,d98d579c-c9b5-454e-8a92-971240c312eb,Onion,6,16.36,BUY_AGAIN
f685a52e-f09f-45e3-b296-668bbb414f9f,f23a48e4-f663-406f-9b04-9f6835aaa9f4,6bd8ceef-eebc-4d0b-8d12-2dd14c109468,Ginger,6,18.32,BUY_AGAIN
f685a52e-f09f-45e3-b296-668bbb414f9f,f001e0a4-8020-4880-8626-0a0c1e822852,6276a613-f3d1-4ca2-b763-bcc62ebbb363,Garlic,6,15.950000000000001,BUY_AGAIN
f685a52e-f09f-45e3-b296-668bbb414f9f,c6914581-923c-445a-9f9c-eaf0ec5a2c33,ef45df06-ae20-45cb-9c78-f423589fe7a0,Coriander,6,11.82,BUY_AGAIN
f685a52e-f09f-45e3-b296-668bbb414f9f,ffcbe3ac-c1c6-4338-b2aa-421e7396924a,c7ebf4b8-4f50-4c0a-9816-6a6769943bce,Green Capsicum,1,1.45,BUY_AGAIN
f685a52e-f09f-45e3-b296-668bbb414f9f,3a34d1a4-8f79-4d3b-8d81-bb5fd72a1b3a,3c31fec3-4390-4ed9-99ac-e13a88d60684,Ragi,1,3.91,BUY_AGAIN
f685a52e-f09f-45e3-b296-668bbb414f9f,4db9e4de-ce3d-41d7-bdf4-3931e7243df5,ac8068c4-442e-467b-90c9-366eb7fc7bba,Grapes,1,3.08,BUY_AGAIN
f3fa5f28-5d69-41fc-a0e8-369ed44442f3,798ae4e6-fad9-4806-8971-c892a9483220,2f6f3a77-07d3-4a5d-9422-277b8cb53de2,Potato,5,10.680000000000001,BUY_AGAIN
f3fa5f28-5d69-41fc-a0e8-369ed44442f3,fc99c491-28ac-40fc-bd3b-edf6d3a3588b,d98d579c-c9b5-454e-8a92-971240c312eb,Onion,5,15.120000000000001,BUY_AGAIN
f3fa5f28-5d69-41fc-a0e8-369ed44442f3,bf9e355c-e1c9-428e-906d-8e9a455ce885,abef6b46-97a3-4d47-847a-0a058895e915,Tomato,5,9.53,BUY_AGAIN
f3fa5f28-5d69-41fc-a0e8-369ed44442f3,6fcc34f9-1490-4c70-ae89-f338a3157ec6,59533992-5f56-4fd7-aafc-039199e5d9d6,Carrot,3,5.69,BUY_AGAIN
f3fa5f28-5d69-41fc-a0e8-369ed44442f3,90c03401-3bc8-4be4-a348-da1419ba95ab,55048485-b49a-41a8-831b-42e14f8ce5f9,Green Peas,3,8.52,BUY_AGAIN
94141fff-971c-4f52-8395-528bde27315a,798ae4e6-fad9-4806-8971-c892a9483220,2f6f3a77-07d3-4a5d-9422-277b8cb53de2,Potato,1,1.25,BUY_AGAIN
94141fff-971c-4f52-8395-528bde27315a,fc99c491-28ac-40fc-bd3b-edf6d3a3588b,d98d579c-c9b5-454e-8a92-971240c312eb,Onion,1,2.3,BUY_AGAIN
94141fff-971c-4f52-8395-528bde27315a,bf9e355c-e1c9-428e-906d-8e9a455ce885,abef6b46-97a3-4d47-847a-0a058895e915,Tomato,1,2.29,BUY_AGAIN
94141fff-971c-4f52-8395-528bde27315a,6fcc34f9-1490-4c70-ae89-f338a3157ec6,59533992-5f56-4fd7-aafc-039199e5d9d6,Carrot,1,3.37,BUY_AGAIN
94141fff-971c-4f52-8395-528bde27315a,90c03401-3bc8-4be4-a348-da1419ba95ab,55048485-b49a-41a8-831b-42e14f8ce5f9,Green Peas,1,4.03,BUY_AGAIN
94141fff-971c-4f52-8395-528bde27315a,43d6910f-14b0-4fa4-8763-100d2a5ef4f5,b64ca3f8-fd63-4652-b8ab-d082ef554f58,Mint,1,1.88,BUY_AGAIN
94141fff-971c-4f52-8395-528bde27315a,53375854-801f-4fc4-9bca-a764bf6963fe,abf9c741-823f-4047-ae80-0254c25dfaf7,Banana,3,7.54,BUY_AGAIN
94141fff-971c-4f52-8395-528bde27315a,0f39696d-33be-4ab3-98ce-dfbfa4d9b7e5,0ea55d0f-d8b6-4cb1-9303-1c884505a25a,Papaya,3,7.03,BUY_AGAIN
94141fff-971c-4f52-8395-528bde27315a,7a7c4c3b-cbaa-425a-94c8-f3bcd4fe371d,f1ad8b2f-18d6-4dff-a217-b1353e48b40d,Pomegranate,3,7.58,BUY_AGAIN
94141fff-971c-4f52-8395-528bde27315a,6e117cbd-35bc-431a-a87b-ec32590c8c57,7324117d-fdfd-4313-8e9c-1e922f46ed4f,Rice,1,4.45,BUY_AGAIN
94141fff-971c-4f52-8395-528bde27315a,ffcbe3ac-c1c6-4338-b2aa-421e7396924a,c7ebf4b8-4f50-4c0a-9816-6a6769943bce,Green Capsicum,1,1.42,BUY_AGAIN
37bb059b-5e8d-42e0-9849-022dce333f74,bf9e355c-e1c9-428e-906d-8e9a455ce885,abef6b46-97a3-4d47-847a-0a058895e915,Tomato,5,15.12,BUY_AGAIN
37bb059b-5e8d-42e0-9849-022dce333f74,39dac036-1cbb-41e3-9550-b0ec6a31b6eb,178c56a4-1347-43a1-9c70-b8ad4e14aebd,Palak,5,10.030000000000001,BUY_AGAIN
37bb059b-5e8d-42e0-9849-022dce333f74,6fcc34f9-1490-4c70-ae89-f338a3157ec6,59533992-5f56-4fd7-aafc-039199e5d9d6,Carrot,5,16.26,BUY_AGAIN
37bb059b-5e8d-42e0-9849-022dce333f74,ffcbe3ac-c1c6-4338-b2aa-421e7396924a,c7ebf4b8-4f50-4c0a-9816-6a6769943bce,Green Capsicum,1,1.22,BUY_AGAIN
37bb059b-5e8d-42e0-9849-022dce333f74,6e117cbd-35bc-431a-a87b-ec32590c8c57,7324117d-fdfd-4313-8e9c-1e922f46ed4f,Rice,1,4.16,BUY_AGAIN
37bb059b-5e8d-42e0-9849-022dce333f74,f23a48e4-f663-406f-9b04-9f6835aaa9f4,6bd8ceef-eebc-4d0b-8d12-2dd14c109468,Ginger,1,4.35,BUY_AGAIN
37bb059b-5e8d-42e0-9849-022dce333f74,f001e0a4-8020-4880-8626-0a0c1e822852,6276a613-f3d1-4ca2-b763-bcc62ebbb363,Garlic,1,1.99,BUY_AGAIN
37bb059b-5e8d-42e0-9849-022dce333f74,26aee757-06a2-4ead-ab16-d1e71fd68f1b,653ff738-2173-4c0d-9619-2be06db39e8c,Green Chilli,1,4.66,BUY_AGAIN
37bb059b-5e8d-42e0-9849-022dce333f74,c6914581-923c-445a-9f9c-eaf0ec5a2c33,ef45df06-ae20-45cb-9c78-f423589fe7a0,Coriander,1,1.08,BUY_AGAIN
37bb059b-5e8d-42e0-9849-022dce333f74,3a34d1a4-8f79-4d3b-8d81-bb5fd72a1b3a,3c31fec3-4390-4ed9-99ac-e13a88d60684,Ragi,1,2.7,BUY_AGAIN
9f45ad9e-b71e-4c60-9339-d23440eeb9ec,bf9e355c-e1c9-428e-906d-8e9a455ce885,abef6b46-97a3-4d47-847a-0a058895e915,Tomato,1,2.11,BUY_AGAIN
9f45ad9e-b71e-4c60-9339-d23440eeb9ec,39dac036-1cbb-41e3-9550-b0ec6a31b6eb,178c56a4-1347-43a1-9c70-b8ad4e14aebd,Palak,1,2.0,BUY_AGAIN
9f45ad9e-b71e-4c60-9339-d23440eeb9ec,6fcc34f9-1490-4c70-ae89-f338a3157ec6,59533992-5f56-4fd7-aafc-039199e5d9d6,Carrot,1,2.81,BUY_AGAIN
9f45ad9e-b71e-4c60-9339-d23440eeb9ec,f23a48e4-f663-406f-9b04-9f6835aaa9f4,6bd8ceef-eebc-4d0b-8d12-2dd14c109468,Ginger,3,8.38,BUY_AGAIN
9f45ad9e-b71e-4c60-9339-d23440eeb9ec,f001e0a4-8020-4880-8626-0a0c1e822852,6276a613-f3d1-4ca2-b763-bcc62ebbb363,Garlic,3,9.15,BUY_AGAIN
9f45ad9e-b71e-4c60-9339-d23440eeb9ec,26aee757-06a2-4ead-ab16-d1e71fd68f1b,653ff738-2173-4c0d-9619-2be06db39e8c,Green Chilli,3,8.39,BUY_AGAIN
9f45ad9e-b71e-4c60-9339-d23440eeb9ec,c6914581-923c-445a-9f9c-eaf0ec5a2c33,ef45df06-ae20-45cb-9c78-f423589fe7a0,Coriander,3,5.68,BUY_AGAIN
9f45ad9e-b71e-4c60-9339-d23440eeb9ec,3a34d1a4-8f79-4d3b-8d81-bb5fd72a1b3a,3c31fec3-4390-4ed9-99ac-e13a88d60684,Ragi,1,2.21,BUY_AGAIN
c10ab049-f2a7-46b2-b4fb-24d4a0618ba0,bf9e355c-e1c9-428e-906d-8e9a455ce885,abef6b46-97a3-4d47-847a-0a058895e915,Tomato,4,13.83,BUY_AGAIN
c10ab049-f2a7-46b2-b4fb-24d4a0618ba0,fc99c491-28ac-40fc-bd3b-edf6d3a3588b,d98d579c-c9b5-454e-8a92-971240c312eb,Onion,4,11.610000000000001,BUY_AGAIN
c10ab049-f2a7-46b2-b4fb-24d4a0618ba0,798ae4e6-fad9-4806-8971-c892a9483220,2f6f3a77-07d3-4a5d-9422-277b8cb53de2,Potato,4,11.19,BUY_AGAIN
c10ab049-f2a7-46b2-b4fb-24d4a0618ba0,3a34d1a4-8f79-4d3b-8d81-bb5fd72a1b3a,3c31fec3-4390-4ed9-99ac-e13a88d60684,Ragi,1,2.58,BUY_AGAIN
c10ab049-f2a7-46b2-b4fb-24d4a0618ba0,39dac036-1cbb-41e3-9550-b0ec6a31b6eb,178c56a4-1347-43a1-9c70-b8ad4e14aebd,Palak,1,1.57,BUY_AGAIN
c10ab049-f2a7-46b2-b4fb-24d4a0618ba0,6fcc34f9-1490-4c70-ae89-f338a3157ec6,59533992-5f56-4fd7-aafc-039199e5d9d6,Carrot,1,1.35,BUY_AGAIN
c10ab049-f2a7-46b2-b4fb-24d4a0618ba0,53375854-801f-4fc4-9bca-a764bf6963fe,abf9c741-823f-4047-ae80-0254c25dfaf7,Banana,1,4.21,BUY_AGAIN
c10ab049-f2a7-46b2-b4fb-24d4a0618ba0,f2ae0ff7-611d-4a23-b1ee-97688a2701e7,68333e4b-e52f-429e-9139-07cc61dc5eb0,Cabbage,1,2.16,BUY_AGAIN
ade771d7-33ad-4f40-b456-f0a9fee988ff,bf9e355c-e1c9-428e-906d-8e9a455ce885,abef6b46-97a3-4d47-847a-0a058895e915,Tomato,3,6.84,BUY_AGAIN
ade771d7-33ad-4f40-b456-f0a9fee988ff,fc99c491-28ac-40fc-bd3b-edf6d3a3588b,d98d579c-c9b5-454e-8a92-971240c312eb,Onion,3,7.34,BUY_AGAIN
ade771d7-33ad-4f40-b456-f0a9fee988ff,26aee757-06a2-4ead-ab16-d1e71fd68f1b,653ff738-2173-4c0d-9619-2be06db39e8c,Green Chilli,3,5.61,BUY_AGAIN
ade771d7-33ad-4f40-b456-f0a9fee988ff,c6914581-923c-445a-9f9c-eaf0ec5a2c33,ef45df06-ae20-45cb-9c78-f423589fe7a0,Coriander,3,4.26,BUY_AGAIN
ade771d7-33ad-4f40-b456-f0a9fee988ff,ffcbe3ac-c1c6-4338-b2aa-421e7396924a,c7ebf4b8-4f50-4c0a-9816-6a6769943bce,Green Capsicum,3,7.33,BUY_AGAIN
ade771d7-33ad-4f40-b456-f0a9fee988ff,39dac036-1cbb-41e3-9550-b0ec6a31b6eb,178c56a4-1347-43a1-9c70-b8ad4e14aebd,Palak,3,7.4799999999999995,BUY_AGAIN
ade771d7-33ad-4f40-b456-f0a9fee988ff,6fcc34f9-1490-4c70-ae89-f338a3157ec6,59533992-5f56-4fd7-aafc-039199e5d9d6,Carrot,3,8.04,BUY_AGAIN
ade771d7-33ad-4f40-b456-f0a9fee988ff,53375854-801f-4fc4-9bca-a764bf6963fe,abf9c741-823f-4047-ae80-0254c25dfaf7,Banana,3,8.98,BUY_AGAIN
ade771d7-33ad-4f40-b456-f0a9fee988ff,43d6910f-14b0-4fa4-8763-100d2a5ef4f5,b64ca3f8-fd63-4652-b8ab-d082ef554f58,Mint,1,2.06,BUY_AGAIN
d4948ab5-15b7-42a9-a4d8-4c92da1b486c,39dac036-1cbb-41e3-9550-b0ec6a31b6eb,178c56a4-1347-43a1-9c70-b8ad4e14aebd,Palak,3,4.5,BUY_AGAIN
d4948ab5-15b7-42a9-a4d8-4c92da1b486c,6fcc34f9-1490-4c70-ae89-f338a3157ec6,59533992-5f56-4fd7-aafc-039199e5d9d6,Carrot,3,7.63,BUY_AGAIN
d4948ab5-15b7-42a9-a4d8-4c92da1b486c,53375854-801f-4fc4-9bca-a764bf6963fe,abf9c741-823f-4047-ae80-0254c25dfaf7,Banana,3,9.46,BUY_AGAIN
d4948ab5-15b7-42a9-a4d8-4c92da1b486c,f2ae0ff7-611d-4a23-b1ee-97688a2701e7,68333e4b-e52f-429e-9139-07cc61dc5eb0,Cabbage,1,3.69,BUY_AGAIN
60bce0c4-e075-416e-b530-453c6922b587,bf9e355c-e1c9-428e-906d-8e9a455ce885,abef6b46-97a3-4d47-847a-0a058895e915,Tomato,4,10.2,BUY_AGAIN
60bce0c4-e075-416e-b530-453c6922b587,fc99c491-28ac-40fc-bd3b-edf6d3a3588b,d98d579c-c9b5-454e-8a92-971240c312eb,Onion,4,16.13,BUY_AGAIN
60bce0c4-e075-416e-b530-453c6922b587,f23a48e4-f663-406f-9b04-9f6835aaa9f4,6bd8ceef-eebc-4d0b-8d12-2dd14c109468,Ginger,4,7.2299999999999995,BUY_AGAIN
60bce0c4-e075-416e-b530-453c6922b587,f001e0a4-8020-4880-8626-0a0c1e822852,6276a613-f3d1-4ca2-b763-bcc62ebbb363,Garlic,4,8.76,BUY_AGAIN
60bce0c4-e075-416e-b530-453c6922b587,c6914581-923c-445a-9f9c-eaf0ec5a2c33,ef45df06-ae20-45cb-9c78-f423589fe7a0,Coriander,4,8.8,BUY_AGAIN
60bce0c4-e075-416e-b530-453c6922b587,6e117cbd-35bc-431a-a87b-ec32590c8c57,7324117d-fdfd-4313-8e9c-1e922f46ed4f,Rice,2,5.09,BUY_AGAIN
5146f581-8c3c-4ddb-a6bf-90392f31cff7,798ae4e6-fad9-4806-8971-c892a9483220,2f6f3a77-07d3-4a5d-9422-277b8cb53de2,Potato,5,17.65,BUY_AGAIN
5146f581-8c3c-4ddb-a6bf-90392f31cff7,fc99c491-28ac-40fc-bd3b-edf6d3a3588b,d98d579c-c9b5-454e-8a92-971240c312eb,Onion,5,16.41,BUY_AGAIN
5146f581-8c3c-4ddb-a6bf-90392f31cff7,bf9e355c-e1c9-428e-906d-8e9a455ce885,abef6b46-97a3-4d47-847a-0a058895e915,Tomato,5,17.3,BUY_AGAIN
5146f581-8c3c-4ddb-a6bf-90392f31cff7,6fcc34f9-1490-4c70-ae89-f338a3157ec6,59533992-5f56-4fd7-aafc-039199e5d9d6,Carrot,5,13.84,BUY_AGAIN
5146f581-8c3c-4ddb-a6bf-90392f31cff7,90c03401-3bc8-4be4-a348-da1419ba95ab,55048485-b49a-41a8-831b-42e14f8ce5f9,Green Peas,5,13.64,BUY_AGAIN
5146f581-8c3c-4ddb-a6bf-90392f31cff7,43d6910f-14b0-4fa4-8763-100d2a5ef4f5,b64ca3f8-fd63-4652-b8ab-d082ef554f58,Mint,1,1.73,BUY_AGAIN
6e8429bb-4b3a-4f9f-90fd-1714a5be004d,53375854-801f-4fc4-9bca-a764bf6963fe,abf9c741-823f-4047-ae80-0254c25dfaf7,Banana,6,21.85,BUY_AGAIN
6e8429bb-4b3a-4f9f-90fd-1714a5be004d,0f39696d-33be-4ab3-98ce-dfbfa4d9b7e5,0ea55d0f-d8b6-4cb1-9303-1c884505a25a,Papaya,6,21.060000000000002,BUY_AGAIN
6e8429bb-4b3a-4f9f-90fd-1714a5be004d,7a7c4c3b-cbaa-425a-94c8-f3bcd4fe371d,f1ad8b2f-18d6-4dff-a217-b1353e48b40d,Pomegranate,6,20.21,BUY_AGAIN
6e8429bb-4b3a-4f9f-90fd-1714a5be004d,43d6910f-14b0-4fa4-8763-100d2a5ef4f5,b64ca3f8-fd63-4652-b8ab-d082ef554f58,Mint,2,3.4299999999999997,BUY_AGAIN
6e8429bb-4b3a-4f9f-90fd-1714a5be004d,3a34d1a4-8f79-4d3b-8d81-bb5fd72a1b3a,3c31fec3-4390-4ed9-99ac-e13a88d60684,Ragi,1,4.09,BUY_AGAIN
56422f53-2ae2-4b6f-b750-b63ee1e07845,bf9e355c-e1c9-428e-906d-8e9a455ce885,abef6b46-97a3-4d47-847a-0a058895e915,Tomato,4,15.03,BUY_AGAIN
56422f53-2ae2-4b6f-b750-b63ee1e07845,39dac036-1cbb-41e3-9550-b0ec6a31b6eb,178c56a4-1347-43a1-9c70-b8ad4e14aebd,Palak,4,8.09,BUY_AGAIN
56422f53-2ae2-4b6f-b750-b63ee1e07845,6fcc34f9-1490-4c70-ae89-f338a3157ec6,59533992-5f56-4fd7-aafc-039199e5d9d6,Carrot,4,10.19,BUY_AGAIN
56422f53-2ae2-4b6f-b750-b63ee1e07845,ffcbe3ac-c1c6-4338-b2aa-421e7396924a,c7ebf4b8-4f50-4c0a-9816-6a6769943bce,Green Capsicum,1,1.21,BUY_AGAIN
56422f53-2ae2-4b6f-b750-b63ee1e07845,f23a48e4-f663-406f-9b04-9f6835aaa9f4,6bd8ceef-eebc-4d0b-8d12-2dd14c109468,Ginger,1,2.67,BUY_AGAIN
56422f53-2ae2-4b6f-b750-b63ee1e07845,f001e0a4-8020-4880-8626-0a0c1e822852,6276a613-f3d1-4ca2-b763-bcc62ebbb363,Garlic,1,4.55,BUY_AGAIN
56422f53-2ae2-4b6f-b750-b63ee1e07845,26aee757-06a2-4ead-ab16-d1e71fd68f1b,653ff738-2173-4c0d-9619-2be06db39e8c,Green Chilli,1,2.58,BUY_AGAIN
56422f53-2ae2-4b6f-b750-b63ee1e07845,c6914581-923c-445a-9f9c-eaf0ec5a2c33,ef45df06-ae20-45cb-9c78-f423589fe7a0,Coriander,1,1.31,BUY_AGAIN
56422f53-2ae2-4b6f-b750-b63ee1e07845,43d6910f-14b0-4fa4-8763-100d2a5ef4f5,b64ca3f8-fd63-4652-b8ab-d082ef554f58,Mint,1,1.18,BUY_AGAIN
2553a9ec-9e91-4594-92cb-e95a45580b2c,f23a48e4-f663-406f-9b04-9f6835aaa9f4,6bd8ceef-eebc-4d0b-8d12-2dd14c109468,Ginger,6,17.33,BUY_AGAIN
2553a9ec-9e91-4594-92cb-e95a45580b2c,f001e0a4-8020-4880-8626-0a0c1e822852,6276a613-f3d1-4ca2-b763-bcc62ebbb363,Garlic,6,17.89,BUY_AGAIN
2553a9ec-9e91-4594-92cb-e95a45580b2c,26aee757-06a2-4ead-ab16-d1e71fd68f1b,653ff738-2173-4c0d-9619-2be06db39e8c,Green Chilli,6,19.06,BUY_AGAIN
2553a9ec-9e91-4594-92cb-e95a45580b2c,c6914581-923c-445a-9f9c-eaf0ec5a2c33,ef45df06-ae20-45cb-9c78-f423589fe7a0,Coriander,6,9.899999999999999,BUY_AGAIN
2553a9ec-9e91-4594-92cb-e95a45580b2c,ffcbe3ac-c1c6-4338-b2aa-421e7396924a,c7ebf4b8-4f50-4c0a-9816-6a6769943bce,Green Capsicum,2,6.970000000000001,BUY_AGAIN
6a46c140-d217-4b21-a864-dcc86a03328e,f23a48e4-f663-406f-9b04-9f6835aaa9f4,6bd8ceef-eebc-4d0b-8d12-2dd14c109468,Ginger,3,6.5,BUY_AGAIN
6a46c140-d217-4b21-a864-dcc86a03328e,f001e0a4-8020-4880-8626-0a0c1e822852,6276a613-f3d1-4ca2-b763-bcc62ebbb363,Garlic,3,6.67,BUY_AGAIN
6a46c140-d217-4b21-a864-dcc86a03328e,26aee757-06a2-4ead-ab16-d1e71fd68f1b,653ff738-2173-4c0d-9619-2be06db39e8c,Green Chilli,3,9.709999999999999,BUY_AGAIN
6a46c140-d217-4b21-a864-dcc86a03328e,c6914581-923c-445a-9f9c-eaf0ec5a2c33,ef45df06-ae20-45cb-9c78-f423589fe7a0,Coriander,3,6.74,BUY_AGAIN
6a46c140-d217-4b21-a864-dcc86a03328e,bf9e355c-e1c9-428e-906d-8e9a455ce885,abef6b46-97a3-4d47-847a-0a058895e915,Tomato,1,1.48,BUY_AGAIN
6a46c140-d217-4b21-a864-dcc86a03328e,fc99c491-28ac-40fc-bd3b-edf6d3a3588b,d98d579c-c9b5-454e-8a92-971240c312eb,Onion,1,4.14,BUY_AGAIN
6a46c140-d217-4b21-a864-dcc86a03328e,798ae4e6-fad9-4806-8971-c892a9483220,2f6f3a77-07d3-4a5d-9422-277b8cb53de2,Potato,1,2.07,BUY_AGAIN
6a46c140-d217-4b21-a864-dcc86a03328e,3a34d1a4-8f79-4d3b-8d81-bb5fd72a1b3a,3c31fec3-4390-4ed9-99ac-e13a88d60684,Ragi,1,3.42,BUY_AGAIN
2631bbc2-340f-4a9a-a752-4cec04e400d2,bf9e355c-e1c9-428e-906d-8e9a455ce885,abef6b46-97a3-4d47-847a-0a058895e915,Tomato,4,16.48,BUY_AGAIN
2631bbc2-340f-4a9a-a752-4cec04e400d2,fc99c491-28ac-40fc-bd3b-edf6d3a3588b,d98d579c-c9b5-454e-8a92-971240c312eb,Onion,4,14.05,BUY_AGAIN
2631bbc2-340f-4a9a-a752-4cec04e400d2,798ae4e6-fad9-4806-8971-c892a9483220,2f6f3a77-07d3-4a5d-9422-277b8cb53de2,Potato,3,10.09,BUY_AGAIN
2631bbc2-340f-4a9a-a752-4cec04e400d2,26aee757-06a2-4ead-ab16-d1e71fd68f1b,653ff738-2173-4c0d-9619-2be06db39e8c,Green Chilli,1,3.91,BUY_AGAIN
2631bbc2-340f-4a9a-a752-4cec04e400d2,c6914581-923c-445a-9f9c-eaf0ec5a2c33,ef45df06-ae20-45cb-9c78-f423589fe7a0,Coriander,1,2.46,BUY_AGAIN
2631bbc2-340f-4a9a-a752-4cec04e400d2,6e117cbd-35bc-431a-a87b-ec32590c8c57,7324117d-fdfd-4313-8e9c-1e922f46ed4f,Rice,1,1.5,BUY_AGAIN
c3df3a50-2251-45a6-883f-032b8033f52e,f23a48e4-f663-406f-9b04-9f6835aaa9f4,6bd8ceef-eebc-4d0b-8d12-2dd14c109468,Ginger,4,11.6,BUY_AGAIN
c3df3a50-2251-45a6-883f-032b8033f52e,f001e0a4-8020-4880-8626-0a0c1e822852,6276a613-f3d1-4ca2-b763-bcc62ebbb363,Garlic,4,9.69,BUY_AGAIN
c3df3a50-2251-45a6-883f-032b8033f52e,26aee757-06a2-4ead-ab16-d1e71fd68f1b,653ff738-2173-4c0d-9619-2be06db39e8c,Green Chilli,4,13.600000000000001,BUY_AGAIN
c3df3a50-2251-45a6-883f-032b8033f52e,c6914581-923c-445a-9f9c-eaf0ec5a2c33,ef45df06-ae20-45cb-9c78-f423589fe7a0,Coriander,4,7.46,BUY_AGAIN
c3df3a50-2251-45a6-883f-032b8033f52e,3a34d1a4-8f79-4d3b-8d81-bb5fd72a1b3a,3c31fec3-4390-4ed9-99ac-e13a88d60684,Ragi,2,7.25,BUY_AGAIN
c3df3a50-2251-45a6-883f-032b8033f52e,39dac036-1cbb-41e3-9550-b0ec6a31b6eb,178c56a4-1347-43a1-9c70-b8ad4e14aebd,Palak,2,3.6899999999999995,BUY_AGAIN
c3df3a50-2251-45a6-883f-032b8033f52e,6fcc34f9-1490-4c70-ae89-f338a3157ec6,59533992-5f56-4fd7-aafc-039199e5d9d6,Carrot,2,5.66,BUY_AGAIN
c3df3a50-2251-45a6-883f-032b8033f52e,53375854-801f-4fc4-9bca-a764bf6963fe,abf9c741-823f-4047-ae80-0254c25dfaf7,Banana,2,5.42,BUY_AGAIN
c3df3a50-2251-45a6-883f-032b8033f52e,4db9e4de-ce3d-41d7-bdf4-3931e7243df5,ac8068c4-442e-467b-90c9-366eb7fc7bba,Grapes,1,1.11,BUY_AGAIN
3fe7f558-21bf-4ff6-8746-47c0323cafb0,bf9e355c-e1c9-428e-906d-8e9a455ce885,abef6b46-97a3-4d47-847a-0a058895e915,Tomato,6,15.499999999999998,BUY_AGAIN
3fe7f558-21bf-4ff6-8746-47c0323cafb0,39dac036-1cbb-41e3-9550-b0ec6a31b6eb,178c56a4-1347-43a1-9c70-b8ad4e14aebd,Palak,2,4.29,BUY_AGAIN
3fe7f558-21bf-4ff6-8746-47c0323cafb0,6fcc34f9-1490-4c70-ae89-f338a3157ec6,59533992-5f56-4fd7-aafc-039199e5d9d6,Carrot,2,6.359999999999999,BUY_AGAIN
3fe7f558-21bf-4ff6-8746-47c0323cafb0,43d6910f-14b0-4fa4-8763-100d2a5ef4f5,b64ca3f8-fd63-4652-b8ab-d082ef554f58,Mint,1,2.83,BUY_AGAIN
3fe7f558-21bf-4ff6-8746-47c0323cafb0,fc99c491-28ac-40fc-bd3b-edf6d3a3588b,d98d579c-c9b5-454e-8a92-971240c312eb,Onion,4,9.34,BUY_AGAIN
3fe7f558-21bf-4ff6-8746-47c0323cafb0,f23a48e4-f663-406f-9b04-9f6835aaa9f4,6bd8ceef-eebc-4d0b-8d12-2dd14c109468,Ginger,4,16.77,BUY_AGAIN
3fe7f558-21bf-4ff6-8746-47c0323cafb0,f001e0a4-8020-4880-8626-0a0c1e822852,6276a613-f3d1-4ca2-b763-bcc62ebbb363,Garlic,4,15.16,BUY_AGAIN
3fe7f558-21bf-4ff6-8746-47c0323cafb0,c6914581-923c-445a-9f9c-eaf0ec5a2c33,ef45df06-ae20-45cb-9c78-f423589fe7a0,Coriander,4,7.58,BUY_AGAIN
3fe7f558-21bf-4ff6-8746-47c0323cafb0,6e117cbd-35bc-431a-a87b-ec32590c8c57,7324117d-fdfd-4313-8e9c-1e922f46ed4f,Rice,1,3.69,BUY_AGAIN
3fe7f558-21bf-4ff6-8746-47c0323cafb0,ffcbe3ac-c1c6-4338-b2aa-421e7396924a,c7ebf4b8-4f50-4c0a-9816-6a6769943bce,Green Capsicum,1,2.1,BUY_AGAIN
db2f9e6e-c99d-4f6e-8640-8a7f9ee121bc,53375854-801f-4fc4-9bca-a764bf6963fe,abf9c741-823f-4047-ae80-0254c25dfaf7,Banana,2,6.52,BUY_AGAIN
db2f9e6e-c99d-4f6e-8640-8a7f9ee121bc,0f39696d-33be-4ab3-98ce-dfbfa4d9b7e5,0ea55d0f-d8b6-4cb1-9303-1c884505a25a,Papaya,2,4.65,BUY_AGAIN
db2f9e6e-c99d-4f6e-8640-8a7f9ee121bc,7a7c4c3b-cbaa-425a-94c8-f3bcd4fe371d,f1ad8b2f-18d6-4dff-a217-b1353e48b40d,Pomegranate,2,3.34,BUY_AGAIN
db2f9e6e-c99d-4f6e-8640-8a7f9ee121bc,f2ae0ff7-611d-4a23-b1ee-97688a2701e7,68333e4b-e52f-429e-9139-07cc61dc5eb0,Cabbage,1,1.11,BUY_AGAIN
db2f9e6e-c99d-4f6e-8640-8a7f9ee121bc,4db9e4de-ce3d-41d7-bdf4-3931e7243df5,ac8068c4-442e-467b-90c9-366eb7fc7bba,Grapes,1,4.56,BUY_AGAIN
db2f9e6e-c99d-4f6e-8640-8a7f9ee121bc,798ae4e6-fad9-4806-8971-c892a9483220,2f6f3a77-07d3-4a5d-9422-277b8cb53de2,Potato,1,1.21,BUY_AGAIN
db2f9e6e-c99d-4f6e-8640-8a7f9ee121bc,fc99c491-28ac-40fc-bd3b-edf6d3a3588b,d98d579c-c9b5-454e-8a92-971240c312eb,Onion,1,1.93,BUY_AGAIN
db2f9e6e-c99d-4f6e-8640-8a7f9ee121bc,bf9e355c-e1c9-428e-906d-8e9a455ce885,abef6b46-97a3-4d47-847a-0a058895e915,Tomato,1,2.81,BUY_AGAIN
db2f9e6e-c99d-4f6e-8640-8a7f9ee121bc,6fcc34f9-1490-4c70-ae89-f338a3157ec6,59533992-5f56-4fd7-aafc-039199e5d9d6,Carrot,1,2.36,BUY_AGAIN
db2f9e6e-c99d-4f6e-8640-8a7f9ee121bc,90c03401-3bc8-4be4-a348-da1419ba95ab,55048485-b49a-41a8-831b-42e14f8ce5f9,Green Peas,1,3.07,BUY_AGAIN
2434510b-4b97-4d29-92d1-a8c111c4d0b8,53375854-801f-4fc4-9bca-a764bf6963fe,abf9c741-823f-4047-ae80-0254c25dfaf7,Banana,2,4.82,BUY_AGAIN
2434510b-4b97-4d29-92d1-a8c111c4d0b8,0f39696d-33be-4ab3-98ce-dfbfa4d9b7e5,0ea55d0f-d8b6-4cb1-9303-1c884505a25a,Papaya,2,7.11,BUY_AGAIN
2434510b-4b97-4d29-92d1-a8c111c4d0b8,7a7c4c3b-cbaa-425a-94c8-f3bcd4fe371d,f1ad8b2f-18d6-4dff-a217-b1353e48b40d,Pomegranate,2,7.01,BUY_AGAIN
2434510b-4b97-4d29-92d1-a8c111c4d0b8,bf9e355c-e1c9-428e-906d-8e9a455ce885,abef6b46-97a3-4d47-847a-0a058895e915,Tomato,1,3.07,BUY_AGAIN
2434510b-4b97-4d29-92d1-a8c111c4d0b8,fc99c491-28ac-40fc-bd3b-edf6d3a3588b,d98d579c-c9b5-454e-8a92-971240c312eb,Onion,1,1.23,BUY_AGAIN
2434510b-4b97-4d29-92d1-a8c111c4d0b8,f23a48e4-f663-406f-9b04-9f6835aaa9f4,6bd8ceef-eebc-4d0b-8d12-2dd14c109468,Ginger,1,4.43,BUY_AGAIN
2434510b-4b97-4d29-92d1-a8c111c4d0b8,f001e0a4-8020-4880-8626-0a0c1e822852,6276a613-f3d1-4ca2-b763-bcc62ebbb363,Garlic,1,3.56,BUY_AGAIN
2434510b-4b97-4d29-92d1-a8c111c4d0b8,c6914581-923c-445a-9f9c-eaf0ec5a2c33,ef45df06-ae20-45cb-9c78-f423589fe7a0,Coriander,1,2.34,BUY_AGAIN
2434510b-4b97-4d29-92d1-a8c111c4d0b8,f2ae0ff7-611d-4a23-b1ee-97688a2701e7,68333e4b-e52f-429e-9139-07cc61dc5eb0,Cabbage,1,3.77,BUY_AGAIN
2434510b-4b97-4d29-92d1-a8c111c4d0b8,4db9e4de-ce3d-41d7-bdf4-3931e7243df5,ac8068c4-442e-467b-90c9-366eb7fc7bba,Grapes,1,4.3,BUY_AGAIN
300ccb51-269e-4dad-bbd7-bc4d6f1214bf,bf9e355c-e1c9-428e-906d-8e9a455ce885,abef6b46-97a3-4d47-847a-0a058895e915,Tomato,3,7.619999999999999,BUY_AGAIN
300ccb51-269e-4dad-bbd7-bc4d6f1214bf,39dac036-1cbb-41e3-9550-b0ec6a31b6eb,178c56a4-1347-43a1-9c70-b8ad4e14aebd,Palak,3,6.29,BUY_AGAIN
300ccb51-269e-4dad-bbd7-bc4d6f1214bf,6fcc34f9-1490-4c70-ae89-f338a3157ec6,59533992-5f56-4fd7-aafc-039199e5d9d6,Carrot,3,10.780000000000001,BUY_AGAIN
ad765317-0ae5-4394-9861-e51d92a1fcc6,bf9e355c-e1c9-428e-906d-8e9a455ce885,abef6b46-97a3-4d47-847a-0a058895e915,Tomato,2,7.15,BUY_AGAIN
ad765317-0ae5-4394-9861-e51d92a1fcc6,fc99c491-28ac-40fc-bd3b-edf6d3a3588b,d98d579c-c9b5-454e-8a92-971240c312eb,Onion,2,8.15,BUY_AGAIN
ad765317-0ae5-4394-9861-e51d92a1fcc6,26aee757-06a2-4ead-ab16-d1e71fd68f1b,653ff738-2173-4c0d-9619-2be06db39e8c,Green Chilli,6,16.55,BUY_AGAIN
ad765317-0ae5-4394-9861-e51d92a1fcc6,c6914581-923c-445a-9f9c-eaf0ec5a2c33,ef45df06-ae20-45cb-9c78-f423589fe7a0,Coriander,6,11.309999999999999,BUY_AGAIN
ad765317-0ae5-4394-9861-e51d92a1fcc6,f23a48e4-f663-406f-9b04-9f6835aaa9f4,6bd8ceef-eebc-4d0b-8d12-2dd14c109468,Ginger,4,14.43,BUY_AGAIN
ad765317-0ae5-4394-9861-e51d92a1fcc6,f001e0a4-8020-4880-8626-0a0c1e822852,6276a613-f3d1-4ca2-b763-bcc62ebbb363,Garlic,4,11.74,BUY_AGAIN
f0727e5c-5d1e-4ea7-aa00-d6053f839ba3,bf9e355c-e1c9-428e-906d-8e9a455ce885,abef6b46-97a3-4d47-847a-0a058895e915,Tomato,2,4.04,BUY_AGAIN
f0727e5c-5d1e-4ea7-aa00-d6053f839ba3,fc99c491-28ac-40fc-bd3b-edf6d3a3588b,d98d579c-c9b5-454e-8a92-971240c312eb,Onion,2,3.3200000000000003,BUY_AGAIN
f0727e5c-5d1e-4ea7-aa00-d6053f839ba3,798ae4e6-fad9-4806-8971-c892a9483220,2f6f3a77-07d3-4a5d-9422-277b8cb53de2,Potato,2,3.57,BUY_AGAIN
f0727e5c-5d1e-4ea7-aa00-d6053f839ba3,4db9e4de-ce3d-41d7-bdf4-3931e7243df5,ac8068c4-442e-467b-90c9-366eb7fc7bba,Grapes,1,3.35,BUY_AGAIN
f0727e5c-5d1e-4ea7-aa00-d6053f839ba3,53375854-801f-4fc4-9bca-a764bf6963fe,abf9c741-823f-4047-ae80-0254c25dfaf7,Banana,1,2.84,BUY_AGAIN
f0727e5c-5d1e-4ea7-aa00-d6053f839ba3,0f39696d-33be-4ab3-98ce-dfbfa4d9b7e5,0ea55d0f-d8b6-4cb1-9303-1c884505a25a,Papaya,1,3.59,BUY_AGAIN
f0727e5c-5d1e-4ea7-aa00-d6053f839ba3,7a7c4c3b-cbaa-425a-94c8-f3bcd4fe371d,f1ad8b2f-18d6-4dff-a217-b1353e48b40d,Pomegranate,1,2.56,BUY_AGAIN
d42e4be4-b29c-47fe-a1b3-8255948344ac,bf9e355c-e1c9-428e-906d-8e9a455ce885,abef6b46-97a3-4d47-847a-0a058895e915,Tomato,6,18.43,BUY_AGAIN
d42e4be4-b29c-47fe-a1b3-8255948344ac,fc99c491-28ac-40fc-bd3b-edf6d3a3588b,d98d579c-c9b5-454e-8a92-971240c312eb,Onion,5,15.459999999999999,BUY_AGAIN
d42e4be4-b29c-47fe-a1b3-8255948344ac,26aee757-06a2-4ead-ab16-d1e71fd68f1b,653ff738-2173-4c0d-9619-2be06db39e8c,Green Chilli,5,14.27,BUY_AGAIN
d42e4be4-b29c-47fe-a1b3-8255948344ac,c6914581-923c-445a-9f9c-eaf0ec5a2c33,ef45df06-ae20-45cb-9c78-f423589fe7a0,Coriander,5,10.5,BUY_AGAIN
d42e4be4-b29c-47fe-a1b3-8255948344ac,3a34d1a4-8f79-4d3b-8d81-bb5fd72a1b3a,3c31fec3-4390-4ed9-99ac-e13a88d60684,Ragi,1,1.33,BUY_AGAIN
d42e4be4-b29c-47fe-a1b3-8255948344ac,39dac036-1cbb-41e3-9550-b0ec6a31b6eb,178c56a4-1347-43a1-9c70-b8ad4e14aebd,Palak,1,2.35,BUY_AGAIN
d42e4be4-b29c-47fe-a1b3-8255948344ac,6fcc34f9-1490-4c70-ae89-f338a3157ec6,59533992-5f56-4fd7-aafc-039199e5d9d6,Carrot,1,3.86,BUY_AGAIN
d42e4be4-b29c-47fe-a1b3-8255948344ac,43d6910f-14b0-4fa4-8763-100d2a5ef4f5,b64ca3f8-fd63-4652-b8ab-d082ef554f58,Mint,1,1.43,BUY_AGAIN
d42e4be4-b29c-47fe-a1b3-8255948344ac,f2ae0ff7-611d-4a23-b1ee-97688a2701e7,68333e4b-e52f-429e-9139-07cc61dc5eb0,Cabbage,1,2.93,BUY_AGAIN
db1b9299-96df-4fd8-932c-3ad6613bc967,39dac036-1cbb-41e3-9550-b0ec6a31b6eb,178c56a4-1347-43a1-9c70-b8ad4e14aebd,Palak,4,7.96,BUY_AGAIN
db1b9299-96df-4fd8-932c-3ad6613bc967,6fcc34f9-1490-4c70-ae89-f338a3157ec6,59533992-5f56-4fd7-aafc-039199e5d9d6,Carrot,4,8.440000000000001,BUY_AGAIN
db1b9299-96df-4fd8-932c-3ad6613bc967,53375854-801f-4fc4-9bca-a764bf6963fe,abf9c741-823f-4047-ae80-0254c25dfaf7,Banana,4,13.249999999999998,BUY_AGAIN
db1b9299-96df-4fd8-932c-3ad6613bc967,f2ae0ff7-611d-4a23-b1ee-97688a2701e7,68333e4b-e52f-429e-9139-07cc61dc5eb0,Cabbage,1,3.43,BUY_AGAIN
db1b9299-96df-4fd8-932c-3ad6613bc967,3a34d1a4-8f79-4d3b-8d81-bb5fd72a1b3a,3c31fec3-4390-4ed9-99ac-e13a88d60684,Ragi,1,1.08,BUY_AGAIN
fc895620-c446-471c-972e-18f4ce979e28,bf9e355c-e1c9-428e-906d-8e9a455ce885,abef6b46-97a3-4d47-847a-0a058895e915,Tomato,4,9.919999999999998,BUY_AGAIN
fc895620-c446-471c-972e-18f4ce979e28,fc99c491-28ac-40fc-bd3b-edf6d3a3588b,d98d579c-c9b5-454e-8a92-971240c312eb,Onion,4,15.659999999999998,BUY_AGAIN
fc895620-c446-471c-972e-18f4ce979e28,f23a48e4-f663-406f-9b04-9f6835aaa9f4,6bd8ceef-eebc-4d0b-8d12-2dd14c109468,Ginger,4,13.43,BUY_AGAIN
fc895620-c446-471c-972e-18f4ce979e28,f001e0a4-8020-4880-8626-0a0c1e822852,6276a613-f3d1-4ca2-b763-bcc62ebbb363,Garlic,4,12.19,BUY_AGAIN
fc895620-c446-471c-972e-18f4ce979e28,c6914581-923c-445a-9f9c-eaf0ec5a2c33,ef45df06-ae20-45cb-9c78-f423589fe7a0,Coriander,4,7.51,BUY_AGAIN
fc895620-c446-471c-972e-18f4ce979e28,4db9e4de-ce3d-41d7-bdf4-3931e7243df5,ac8068c4-442e-467b-90c9-366eb7fc7bba,Grapes,2,6.81,BUY_AGAIN
389a7839-5278-4984-bbc6-7d40b80eec74,798ae4e6-fad9-4806-8971-c892a9483220,2f6f3a77-07d3-4a5d-9422-277b8cb53de2,Potato,2,3.84,BUY_AGAIN
389a7839-5278-4984-bbc6-7d40b80eec74,fc99c491-28ac-40fc-bd3b-edf6d3a3588b,d98d579c-c9b5-454e-8a92-971240c312eb,Onion,2,6.1499999999999995,BUY_AGAIN
389a7839-5278-4984-bbc6-7d40b80eec74,bf9e355c-e1c9-428e-906d-8e9a455ce885,abef6b46-97a3-4d47-847a-0a058895e915,Tomato,2,7.51,BUY_AGAIN
389a7839-5278-4984-bbc6-7d40b80eec74,6fcc34f9-1490-4c70-ae89-f338a3157ec6,59533992-5f56-4fd7-aafc-039199e5d9d6,Carrot,2,6.32,BUY_AGAIN
389a7839-5278-4984-bbc6-7d40b80eec74,90c03401-3bc8-4be4-a348-da1419ba95ab,55048485-b49a-41a8-831b-42e14f8ce5f9,Green Peas,2,7.869999999999999,BUY_AGAIN
389a7839-5278-4984-bbc6-7d40b80eec74,ffcbe3ac-c1c6-4338-b2aa-421e7396924a,c7ebf4b8-4f50-4c0a-9816-6a6769943bce,Green Capsicum,1,4.76,BUY_AGAIN
389a7839-5278-4984-bbc6-7d40b80eec74,53375854-801f-4fc4-9bca-a764bf6963fe,abf9c741-823f-4047-ae80-0254c25dfaf7,Banana,3,3.7800000000000002,BUY_AGAIN
389a7839-5278-4984-bbc6-7d40b80eec74,0f39696d-33be-4ab3-98ce-dfbfa4d9b7e5,0ea55d0f-d8b6-4cb1-9303-1c884505a25a,Papaya,3,11.02,BUY_AGAIN
389a7839-5278-4984-bbc6-7d40b80eec74,7a7c4c3b-cbaa-425a-94c8-f3bcd4fe371d,f1ad8b2f-18d6-4dff-a217-b1353e48b40d,Pomegranate,3,10.950000000000001,BUY_AGAIN
389a7839-5278-4984-bbc6-7d40b80eec74,6e117cbd-35bc-431a-a87b-ec32590c8c57,7324117d-fdfd-4313-8e9c-1e922f46ed4f,Rice,2,5.640000000000001,BUY_AGAIN
f93c5b61-46df-44b0-a718-571307f2d308,53375854-801f-4fc4-9bca-a764bf6963fe,abf9c741-823f-4047-ae80-0254c25dfaf7,Banana,5,19.46,BUY_AGAIN
f93c5b61-46df-44b0-a718-571307f2d308,0f39696d-33be-4ab3-98ce-dfbfa4d9b7e5,0ea55d0f-d8b6-4cb1-9303-1c884505a25a,Papaya,5,15.570000000000002,BUY_AGAIN
f93c5b61-46df-44b0-a718-571307f2d308,7a7c4c3b-cbaa-425a-94c8-f3bcd4fe371d,f1ad8b2f-18d6-4dff-a217-b1353e48b40d,Pomegranate,5,13.459999999999999,BUY_AGAIN
f93c5b61-46df-44b0-a718-571307f2d308,4db9e4de-ce3d-41d7-bdf4-3931e7243df5,ac8068c4-442e-467b-90c9-366eb7fc7bba,Grapes,1,1.43,BUY_AGAIN
f93c5b61-46df-44b0-a718-571307f2d308,6e117cbd-35bc-431a-a87b-ec32590c8c57,7324117d-fdfd-4313-8e9c-1e922f46ed4f,Rice,1,4.22,BUY_AGAIN
6d807f3a-a6f7-4bd1-9559-7d534e353dc6,bf9e355c-e1c9-428e-906d-8e9a455ce885,abef6b46-97a3-4d47-847a-0a058895e915,Tomato,3,10.34,BUY_AGAIN
6d807f3a-a6f7-4bd1-9559-7d534e353dc6,39dac036-1cbb-41e3-9550-b0ec6a31b6eb,178c56a4-1347-43a1-9c70-b8ad4e14aebd,Palak,2,4.25,BUY_AGAIN
6d807f3a-a6f7-4bd1-9559-7d534e353dc6,6fcc34f9-1490-4c70-ae89-f338a3157ec6,59533992-5f56-4fd7-aafc-039199e5d9d6,Carrot,3,7.290000000000001,BUY_AGAIN
6d807f3a-a6f7-4bd1-9559-7d534e353dc6,798ae4e6-fad9-4806-8971-c892a9483220,2f6f3a77-07d3-4a5d-9422-277b8cb53de2,Potato,1,4.18,BUY_AGAIN
6d807f3a-a6f7-4bd1-9559-7d534e353dc6,fc99c491-28ac-40fc-bd3b-edf6d3a3588b,d98d579c-c9b5-454e-8a92-971240c312eb,Onion,1,2.19,BUY_AGAIN
6d807f3a-a6f7-4bd1-9559-7d534e353dc6,90c03401-3bc8-4be4-a348-da1419ba95ab,55048485-b49a-41a8-831b-42e14f8ce5f9,Green Peas,1,2.95,BUY_AGAIN
6d807f3a-a6f7-4bd1-9559-7d534e353dc6,3a34d1a4-8f79-4d3b-8d81-bb5fd72a1b3a,3c31fec3-4390-4ed9-99ac-e13a88d60684,Ragi,1,4.01,BUY_AGAIN
fae7e454-f146-44cd-a680-3dfc2879df45,f23a48e4-f663-406f-9b04-9f6835aaa9f4,6bd8ceef-eebc-4d0b-8d12-2dd14c109468,Ginger,3,8.06,BUY_AGAIN
fae7e454-f146-44cd-a680-3dfc2879df45,f001e0a4-8020-4880-8626-0a0c1e822852,6276a613-f3d1-4ca2-b763-bcc62ebbb363,Garlic,3,8.43,BUY_AGAIN
fae7e454-f146-44cd-a680-3dfc2879df45,26aee757-06a2-4ead-ab16-d1e71fd68f1b,653ff738-2173-4c0d-9619-2be06db39e8c,Green Chilli,3,6.85,BUY_AGAIN
fae7e454-f146-44cd-a680-3dfc2879df45,c6914581-923c-445a-9f9c-eaf0ec5a2c33,ef45df06-ae20-45cb-9c78-f423589fe7a0,Coriander,3,8.02,BUY_AGAIN
fae7e454-f146-44cd-a680-3dfc2879df45,3a34d1a4-8f79-4d3b-8d81-bb5fd72a1b3a,3c31fec3-4390-4ed9-99ac-e13a88d60684,Ragi,1,2.11,BUY_AGAIN
4cd53847-8857-4983-ab6f-bbf44a1f863e,bf9e355c-e1c9-428e-906d-8e9a455ce885,abef6b46-97a3-4d47-847a-0a058895e915,Tomato,6,15.850000000000001,BUY_AGAIN
4cd53847-8857-4983-ab6f-bbf44a1f863e,fc99c491-28ac-40fc-bd3b-edf6d3a3588b,d98d579c-c9b5-454e-8a92-971240c312eb,Onion,6,15.59,BUY_AGAIN
4cd53847-8857-4983-ab6f-bbf44a1f863e,798ae4e6-fad9-4806-8971-c892a9483220,2f6f3a77-07d3-4a5d-9422-277b8cb53de2,Potato,6,18.19,BUY_AGAIN
4cd53847-8857-4983-ab6f-bbf44a1f863e,3a34d1a4-8f79-4d3b-8d81-bb5fd72a1b3a,3c31fec3-4390-4ed9-99ac-e13a88d60684,Ragi,1,2.04,BUY_AGAIN
4cd53847-8857-4983-ab6f-bbf44a1f863e,6e117cbd-35bc-431a-a87b-ec32590c8c57,7324117d-fdfd-4313-8e9c-1e922f46ed4f,Rice,3,9.5,BUY_AGAIN
4cd53847-8857-4983-ab6f-bbf44a1f863e,f2ae0ff7-611d-4a23-b1ee-97688a2701e7,68333e4b-e52f-429e-9139-07cc61dc5eb0,Cabbage,1,2.5,BUY_AGAIN
8e5d4ae9-8fb2-45af-aae1-40e41e752b6e,bf9e355c-e1c9-428e-906d-8e9a455ce885,abef6b46-97a3-4d47-847a-0a058895e915,Tomato,6,17.42,BUY_AGAIN
8e5d4ae9-8fb2-45af-aae1-40e41e752b6e,fc99c491-28ac-40fc-bd3b-edf6d3a3588b,d98d579c-c9b5-454e-8a92-971240c312eb,Onion,6,18.68,BUY_AGAIN
8e5d4ae9-8fb2-45af-aae1-40e41e752b6e,26aee757-06a2-4ead-ab16-d1e71fd68f1b,653ff738-2173-4c0d-9619-2be06db39e8c,Green Chilli,5,18.67,BUY_AGAIN
8e5d4ae9-8fb2-45af-aae1-40e41e752b6e,c6914581-923c-445a-9f9c-eaf0ec5a2c33,ef45df06-ae20-45cb-9c78-f423589fe7a0,Coriander,6,8.35,BUY_AGAIN
8e5d4ae9-8fb2-45af-aae1-40e41e752b6e,f23a48e4-f663-406f-9b04-9f6835aaa9f4,6bd8ceef-eebc-4d0b-8d12-2dd14c109468,Ginger,1,1.73,BUY_AGAIN
8e5d4ae9-8fb2-45af-aae1-40e41e752b6e,f001e0a4-8020-4880-8626-0a0c1e822852,6276a613-f3d1-4ca2-b763-bcc62ebbb363,Garlic,1,1.85,BUY_AGAIN
919278a5-6e46-4b47-9a6b-d4022e747c9f,39dac036-1cbb-41e3-9550-b0ec6a31b6eb,178c56a4-1347-43a1-9c70-b8ad4e14aebd,Palak,3,6.869999999999999,BUY_AGAIN
919278a5-6e46-4b47-9a6b-d4022e747c9f,6fcc34f9-1490-4c70-ae89-f338a3157ec6,59533992-5f56-4fd7-aafc-039199e5d9d6,Carrot,3,9.06,BUY_AGAIN
919278a5-6e46-4b47-9a6b-d4022e747c9f,53375854-801f-4fc4-9bca-a764bf6963fe,abf9c741-823f-4047-ae80-0254c25dfaf7,Banana,3,8.75,BUY_AGAIN
919278a5-6e46-4b47-9a6b-d4022e747c9f,ffcbe3ac-c1c6-4338-b2aa-421e7396924a,c7ebf4b8-4f50-4c0a-9816-6a6769943bce,Green Capsicum,3,9.01,BUY_AGAIN
2452f2d6-197b-45dd-ab0a-992a1ab8cccf,bf9e355c-e1c9-428e-906d-8e9a455ce885,abef6b46-97a3-4d47-847a-0a058895e915,Tomato,3,4.73,BUY_AGAIN
2452f2d6-197b-45dd-ab0a-992a1ab8cccf,fc99c491-28ac-40fc-bd3b-edf6d3a3588b,d98d579c-c9b5-454e-8a92-971240c312eb,Onion,3,6.529999999999999,BUY_AGAIN
2452f2d6-197b-45dd-ab0a-992a1ab8cccf,26aee757-06a2-4ead-ab16-d1e71fd68f1b,653ff738-2173-4c0d-9619-2be06db39e8c,Green Chilli,1,1.59,BUY_AGAIN
2452f2d6-197b-45dd-ab0a-992a1ab8cccf,c6914581-923c-445a-9f9c-eaf0ec5a2c33,ef45df06-ae20-45cb-9c78-f423589fe7a0,Coriander,3,5.68,BUY_AGAIN
2452f2d6-197b-45dd-ab0a-992a1ab8cccf,f23a48e4-f663-406f-9b04-9f6835aaa9f4,6bd8ceef-eebc-4d0b-8d12-2dd14c109468,Ginger,2,6.59,BUY_AGAIN
2452f2d6-197b-45dd-ab0a-992a1ab8cccf,f001e0a4-8020-4880-8626-0a0c1e822852,6276a613-f3d1-4ca2-b763-bcc62ebbb363,Garlic,2,5.62,BUY_AGAIN
2452f2d6-197b-45dd-ab0a-992a1ab8cccf,ffcbe3ac-c1c6-4338-b2aa-421e7396924a,c7ebf4b8-4f50-4c0a-9816-6a6769943bce,Green Capsicum,1,4.17,BUY_AGAIN
3e64ba62-388a-44c4-9030-88a74444d90a,798ae4e6-fad9-4806-8971-c892a9483220,2f6f3a77-07d3-4a5d-9422-277b8cb53de2,Potato,2,4.300000000000001,BUY_AGAIN
3e64ba62-388a-44c4-9030-88a74444d90a,fc99c491-28ac-40fc-bd3b-edf6d3a3588b,d98d579c-c9b5-454e-8a92-971240c312eb,Onion,2,7.12,BUY_AGAIN
3e64ba62-388a-44c4-9030-88a74444d90a,bf9e355c-e1c9-428e-906d-8e9a455ce885,abef6b46-97a3-4d47-847a-0a058895e915,Tomato,3,11.47,BUY_AGAIN
3e64ba62-388a-44c4-9030-88a74444d90a,6fcc34f9-1490-4c70-ae89-f338a3157ec6,59533992-5f56-4fd7-aafc-039199e5d9d6,Carrot,3,8.36,BUY_AGAIN
3e64ba62-388a-44c4-9030-88a74444d90a,90c03401-3bc8-4be4-a348-da1419ba95ab,55048485-b49a-41a8-831b-42e14f8ce5f9,Green Peas,2,6.76,BUY_AGAIN
3e64ba62-388a-44c4-9030-88a74444d90a,39dac036-1cbb-41e3-9550-b0ec6a31b6eb,178c56a4-1347-43a1-9c70-b8ad4e14aebd,Palak,1,1.29,BUY_AGAIN
47627f78-25a8-49b8-baed-67cc7cb51cc3,53375854-801f-4fc4-9bca-a764bf6963fe,abf9c741-823f-4047-ae80-0254c25dfaf7,Banana,4,14.6,BUY_AGAIN
47627f78-25a8-49b8-baed-67cc7cb51cc3,0f39696d-33be-4ab3-98ce-dfbfa4d9b7e5,0ea55d0f-d8b6-4cb1-9303-1c884505a25a,Papaya,4,15.209999999999999,BUY_AGAIN
47627f78-25a8-49b8-baed-67cc7cb51cc3,7a7c4c3b-cbaa-425a-94c8-f3bcd4fe371d,f1ad8b2f-18d6-4dff-a217-b1353e48b40d,Pomegranate,4,12.02,BUY_AGAIN
47627f78-25a8-49b8-baed-67cc7cb51cc3,f23a48e4-f663-406f-9b04-9f6835aaa9f4,6bd8ceef-eebc-4d0b-8d12-2dd14c109468,Ginger,2,5.91,BUY_AGAIN
47627f78-25a8-49b8-baed-67cc7cb51cc3,f001e0a4-8020-4880-8626-0a0c1e822852,6276a613-f3d1-4ca2-b763-bcc62ebbb363,Garlic,2,6.49,BUY_AGAIN
47627f78-25a8-49b8-baed-67cc7cb51cc3,26aee757-06a2-4ead-ab16-d1e71fd68f1b,653ff738-2173-4c0d-9619-2be06db39e8c,Green Chilli,2,6.1899999999999995,BUY_AGAIN
47627f78-25a8-49b8-baed-67cc7cb51cc3,c6914581-923c-445a-9f9c-eaf0ec5a2c33,ef45df06-ae20-45cb-9c78-f423589fe7a0,Coriander,2,3.05,BUY_AGAIN
47627f78-25a8-49b8-baed-67cc7cb51cc3,f2ae0ff7-611d-4a23-b1ee-97688a2701e7,68333e4b-e52f-429e-9139-07cc61dc5eb0,Cabbage,1,3.42,BUY_AGAIN
62e301a3-cc55-44ee-8d66-0cdb6a5d0c0d,53375854-801f-4fc4-9bca-a764bf6963fe,abf9c741-823f-4047-ae80-0254c25dfaf7,Banana,3,9.56,BUY_AGAIN
62e301a3-cc55-44ee-8d66-0cdb6a5d0c0d,0f39696d-33be-4ab3-98ce-dfbfa4d9b7e5,0ea55d0f-d8b6-4cb1-9303-1c884505a25a,Papaya,3,5.3100000000000005,BUY_AGAIN
62e301a3-cc55-44ee-8d66-0cdb6a5d0c0d,7a7c4c3b-cbaa-425a-94c8-f3bcd4fe371d,f1ad8b2f-18d6-4dff-a217-b1353e48b40d,Pomegranate,3,5.58,BUY_AGAIN
62e301a3-cc55-44ee-8d66-0cdb6a5d0c0d,43d6910f-14b0-4fa4-8763-100d2a5ef4f5,b64ca3f8-fd63-4652-b8ab-d082ef554f58,Mint,1,1.52,BUY_AGAIN
62e301a3-cc55-44ee-8d66-0cdb6a5d0c0d,bf9e355c-e1c9-428e-906d-8e9a455ce885,abef6b46-97a3-4d47-847a-0a058895e915,Tomato,1,2.5,BUY_AGAIN
62e301a3-cc55-44ee-8d66-0cdb6a5d0c0d,39dac036-1cbb-41e3-9550-b0ec6a31b6eb,178c56a4-1347-43a1-9c70-b8ad4e14aebd,Palak,1,1.78,BUY_AGAIN
62e301a3-cc55-44ee-8d66-0cdb6a5d0c0d,6fcc34f9-1490-4c70-ae89-f338a3157ec6,59533992-5f56-4fd7-aafc-039199e5d9d6,Carrot,1,2.87,BUY_AGAIN
de21c2a0-a0e1-4757-a095-0016eb816242,39dac036-1cbb-41e3-9550-b0ec6a31b6eb,178c56a4-1347-43a1-9c70-b8ad4e14aebd,Palak,2,3.6399999999999997,BUY_AGAIN
de21c2a0-a0e1-4757-a095-0016eb816242,6fcc34f9-1490-4c70-ae89-f338a3157ec6,59533992-5f56-4fd7-aafc-039199e5d9d6,Carrot,2,3.88,BUY_AGAIN
de21c2a0-a0e1-4757-a095-0016eb816242,53375854-801f-4fc4-9bca-a764bf6963fe,abf9c741-823f-4047-ae80-0254c25dfaf7,Banana,2,4.82,BUY_AGAIN
de21c2a0-a0e1-4757-a095-0016eb816242,f23a48e4-f663-406f-9b04-9f6835aaa9f4,6bd8ceef-eebc-4d0b-8d12-2dd14c109468,Ginger,1,4.81,BUY_AGAIN
de21c2a0-a0e1-4757-a095-0016eb816242,f001e0a4-8020-4880-8626-0a0c1e822852,6276a613-f3d1-4ca2-b763-bcc62ebbb363,Garlic,1,1.33,BUY_AGAIN
de21c2a0-a0e1-4757-a095-0016eb816242,26aee757-06a2-4ead-ab16-d1e71fd68f1b,653ff738-2173-4c0d-9619-2be06db39e8c,Green Chilli,1,1.33,BUY_AGAIN
de21c2a0-a0e1-4757-a095-0016eb816242,c6914581-923c-445a-9f9c-eaf0ec5a2c33,ef45df06-ae20-45cb-9c78-f423589fe7a0,Coriander,1,2.05,BUY_AGAIN
6cc675f4-9587-41d6-91e3-899f396beab1,bf9e355c-e1c9-428e-906d-8e9a455ce885,abef6b46-97a3-4d47-847a-0a058895e915,Tomato,3,10.92,BUY_AGAIN
6cc675f4-9587-41d6-91e3-899f396beab1,fc99c491-28ac-40fc-bd3b-edf6d3a3588b,d98d579c-c9b5-454e-8a92-971240c312eb,Onion,3,10.1,BUY_AGAIN
6cc675f4-9587-41d6-91e3-899f396beab1,798ae4e6-fad9-4806-8971-c892a9483220,2f6f3a77-07d3-4a5d-9422-277b8cb53de2,Potato,3,10.559999999999999,BUY_AGAIN
6cc675f4-9587-41d6-91e3-899f396beab1,53375854-801f-4fc4-9bca-a764bf6963fe,abf9c741-823f-4047-ae80-0254c25dfaf7,Banana,1,1.84,BUY_AGAIN
6cc675f4-9587-41d6-91e3-899f396beab1,0f39696d-33be-4ab3-98ce-dfbfa4d9b7e5,0ea55d0f-d8b6-4cb1-9303-1c884505a25a,Papaya,1,2.48,BUY_AGAIN
6cc675f4-9587-41d6-91e3-899f396beab1,7a7c4c3b-cbaa-425a-94c8-f3bcd4fe371d,f1ad8b2f-18d6-4dff-a217-b1353e48b40d,Pomegranate,1,3.01,BUY_AGAIN
6cc675f4-9587-41d6-91e3-899f396beab1,6e117cbd-35bc-431a-a87b-ec32590c8c57,7324117d-fdfd-4313-8e9c-1e922f46ed4f,Rice,1,5.0,BUY_AGAIN
4ce2d3cb-b864-40e5-96a5-3e0877928c39,798ae4e6-fad9-4806-8971-c892a9483220,2f6f3a77-07d3-4a5d-9422-277b8cb53de2,Potato,4,14.08,BUY_AGAIN
4ce2d3cb-b864-40e5-96a5-3e0877928c39,fc99c491-28ac-40fc-bd3b-edf6d3a3588b,d98d579c-c9b5-454e-8a92-971240c312eb,Onion,6,18.87,BUY_AGAIN
4ce2d3cb-b864-40e5-96a5-3e0877928c39,bf9e355c-e1c9-428e-906d-8e9a455ce885,abef6b46-97a3-4d47-847a-0a058895e915,Tomato,6,17.12,BUY_AGAIN
4ce2d3cb-b864-40e5-96a5-3e0877928c39,6fcc34f9-1490-4c70-ae89-f338a3157ec6,59533992-5f56-4fd7-aafc-039199e5d9d6,Carrot,4,13.0,BUY_AGAIN
4ce2d3cb-b864-40e5-96a5-3e0877928c39,90c03401-3bc8-4be4-a348-da1419ba95ab,55048485-b49a-41a8-831b-42e14f8ce5f9,Green Peas,4,10.85,BUY_AGAIN
4ce2d3cb-b864-40e5-96a5-3e0877928c39,6e117cbd-35bc-431a-a87b-ec32590c8c57,7324117d-fdfd-4313-8e9c-1e922f46ed4f,Rice,1,1.11,BUY_AGAIN
4ce2d3cb-b864-40e5-96a5-3e0877928c39,4db9e4de-ce3d-41d7-bdf4-3931e7243df5,ac8068c4-442e-467b-90c9-366eb7fc7bba,Grapes,1,4.58,BUY_AGAIN
4ce2d3cb-b864-40e5-96a5-3e0877928c39,26aee757-06a2-4ead-ab16-d1e71fd68f1b,653ff738-2173-4c0d-9619-2be06db39e8c,Green Chilli,2,2.59,BUY_AGAIN
4ce2d3cb-b864-40e5-96a5-3e0877928c39,c6914581-923c-445a-9f9c-eaf0ec5a2c33,ef45df06-ae20-45cb-9c78-f423589fe7a0,Coriander,2,4.25,BUY_AGAIN
4ce2d3cb-b864-40e5-96a5-3e0877928c39,3a34d1a4-8f79-4d3b-8d81-bb5fd72a1b3a,3c31fec3-4390-4ed9-99ac-e13a88d60684,Ragi,1,3.83,BUY_AGAIN
22ad31f1-df1a-4f97-8257-b9b75387027c,39dac036-1cbb-41e3-9550-b0ec6a31b6eb,178c56a4-1347-43a1-9c70-b8ad4e14aebd,Palak,5,11.200000000000001,BUY_AGAIN
22ad31f1-df1a-4f97-8257-b9b75387027c,6fcc34f9-1490-4c70-ae89-f338a3157ec6,59533992-5f56-4fd7-aafc-039199e5d9d6,Carrot,5,12.83,BUY_AGAIN
22ad31f1-df1a-4f97-8257-b9b75387027c,53375854-801f-4fc4-9bca-a764bf6963fe,abf9c741-823f-4047-ae80-0254c25dfaf7,Banana,5,13.95,BUY_AGAIN
22ad31f1-df1a-4f97-8257-b9b75387027c,6e117cbd-35bc-431a-a87b-ec32590c8c57,7324117d-fdfd-4313-8e9c-1e922f46ed4f,Rice,1,1.86,BUY_AGAIN
22ad31f1-df1a-4f97-8257-b9b75387027c,4db9e4de-ce3d-41d7-bdf4-3931e7243df5,ac8068c4-442e-467b-90c9-366eb7fc7bba,Grapes,1,4.32,BUY_AGAIN
22ad31f1-df1a-4f97-8257-b9b75387027c,f2ae0ff7-611d-4a23-b1ee-97688a2701e7,68333e4b-e52f-429e-9139-07cc61dc5eb0,Cabbage,1,4.45,BUY_AGAIN
9a5217aa-9f63-4c33-a507-b5fcd2e8ffdf,bf9e355c-e1c9-428e-906d-8e9a455ce885,abef6b46-97a3-4d47-847a-0a058895e915,Tomato,1,1.37,BUY_AGAIN
9a5217aa-9f63-4c33-a507-b5fcd2e8ffdf,fc99c491-28ac-40fc-bd3b-edf6d3a3588b,d98d579c-c9b5-454e-8a92-971240c312eb,Onion,1,3.23,BUY_AGAIN
9a5217aa-9f63-4c33-a507-b5fcd2e8ffdf,f23a48e4-f663-406f-9b04-9f6835aaa9f4,6bd8ceef-eebc-4d0b-8d12-2dd14c109468,Ginger,1,3.78,BUY_AGAIN
9a5217aa-9f63-4c33-a507-b5fcd2e8ffdf,f001e0a4-8020-4880-8626-0a0c1e822852,6276a613-f3d1-4ca2-b763-bcc62ebbb363,Garlic,1,1.05,BUY_AGAIN
9a5217aa-9f63-4c33-a507-b5fcd2e8ffdf,c6914581-923c-445a-9f9c-eaf0ec5a2c33,ef45df06-ae20-45cb-9c78-f423589fe7a0,Coriander,1,1.98,BUY_AGAIN
9a5217aa-9f63-4c33-a507-b5fcd2e8ffdf,53375854-801f-4fc4-9bca-a764bf6963fe,abf9c741-823f-4047-ae80-0254c25dfaf7,Banana,3,8.07,BUY_AGAIN
9a5217aa-9f63-4c33-a507-b5fcd2e8ffdf,0f39696d-33be-4ab3-98ce-dfbfa4d9b7e5,0ea55d0f-d8b6-4cb1-9303-1c884505a25a,Papaya,3,5.83,BUY_AGAIN
9a5217aa-9f63-4c33-a507-b5fcd2e8ffdf,7a7c4c3b-cbaa-425a-94c8-f3bcd4fe371d,f1ad8b2f-18d6-4dff-a217-b1353e48b40d,Pomegranate,3,8.7,BUY_AGAIN
9a5217aa-9f63-4c33-a507-b5fcd2e8ffdf,4db9e4de-ce3d-41d7-bdf4-3931e7243df5,ac8068c4-442e-467b-90c9-366eb7fc7bba,Grapes,2,6.02,BUY_AGAIN
83ef1d8a-fe41-4801-b538-6bb6b990fabd,798ae4e6-fad9-4806-8971-c892a9483220,2f6f3a77-07d3-4a5d-9422-277b8cb53de2,Potato,3,8.6,BUY_AGAIN
83ef1d8a-fe41-4801-b538-6bb6b990fabd,fc99c491-28ac-40fc-bd3b-edf6d3a3588b,d98d579c-c9b5-454e-8a92-971240c312eb,Onion,3,10.62,BUY_AGAIN
83ef1d8a-fe41-4801-b538-6bb6b990fabd,bf9e355c-e1c9-428e-906d-8e9a455ce885,abef6b46-97a3-4d47-847a-0a058895e915,Tomato,4,14.139999999999999,BUY_AGAIN
83ef1d8a-fe41-4801-b538-6bb6b990fabd,6fcc34f9-1490-4c70-ae89-f338a3157ec6,59533992-5f56-4fd7-aafc-039199e5d9d6,Carrot,4,11.64,BUY_AGAIN
83ef1d8a-fe41-4801-b538-6bb6b990fabd,90c03401-3bc8-4be4-a348-da1419ba95ab,55048485-b49a-41a8-831b-42e14f8ce5f9,Green Peas,3,9.96,BUY_AGAIN
83ef1d8a-fe41-4801-b538-6bb6b990fabd,ffcbe3ac-c1c6-4338-b2aa-421e7396924a,c7ebf4b8-4f50-4c0a-9816-6a6769943bce,Green Capsicum,1,2.26,BUY_AGAIN
83ef1d8a-fe41-4801-b538-6bb6b990fabd,39dac036-1cbb-41e3-9550-b0ec6a31b6eb,178c56a4-1347-43a1-9c70-b8ad4e14aebd,Palak,1,2.19,BUY_AGAIN
83ef1d8a-fe41-4801-b538-6bb6b990fabd,4db9e4de-ce3d-41d7-bdf4-3931e7243df5,ac8068c4-442e-467b-90c9-366eb7fc7bba,Grapes,1,4.78,BUY_AGAIN
31029486-3cd3-4020-ad98-4aff05d029d1,bf9e355c-e1c9-428e-906d-8e9a455ce885,abef6b46-97a3-4d47-847a-0a058895e915,Tomato,3,7.59,BUY_AGAIN
31029486-3cd3-4020-ad98-4aff05d029d1,fc99c491-28ac-40fc-bd3b-edf6d3a3588b,d98d579c-c9b5-454e-8a92-971240c312eb,Onion,3,12.12,BUY_AGAIN
31029486-3cd3-4020-ad98-4aff05d029d1,798ae4e6-fad9-4806-8971-c892a9483220,2f6f3a77-07d3-4a5d-9422-277b8cb53de2,Potato,3,10.64,BUY_AGAIN
31029486-3cd3-4020-ad98-4aff05d029d1,4db9e4de-ce3d-41d7-bdf4-3931e7243df5,ac8068c4-442e-467b-90c9-366eb7fc7bba,Grapes,2,5.93,BUY_AGAIN
31029486-3cd3-4020-ad98-4aff05d029d1,53375854-801f-4fc4-9bca-a764bf6963fe,abf9c741-823f-4047-ae80-0254c25dfaf7,Banana,2,3.3499999999999996,BUY_AGAIN
31029486-3cd3-4020-ad98-4aff05d029d1,0f39696d-33be-4ab3-98ce-dfbfa4d9b7e5,0ea55d0f-d8b6-4cb1-9303-1c884505a25a,Papaya,2,5.73,BUY_AGAIN
31029486-3cd3-4020-ad98-4aff05d029d1,7a7c4c3b-cbaa-425a-94c8-f3bcd4fe371d,f1ad8b2f-18d6-4dff-a217-b1353e48b40d,Pomegranate,2,6.4399999999999995,BUY_AGAIN
7d95baf6-9014-479f-825c-8329b36563da,798ae4e6-fad9-4806-8971-c892a9483220,2f6f3a77-07d3-4a5d-9422-277b8cb53de2,Potato,2,4.9399999999999995,BUY_AGAIN
7d95baf6-9014-479f-825c-8329b36563da,fc99c491-28ac-40fc-bd3b-edf6d3a3588b,d98d579c-c9b5-454e-8a92-971240c312eb,Onion,2,4.39,BUY_AGAIN
7d95baf6-9014-479f-825c-8329b36563da,bf9e355c-e1c9-428e-906d-8e9a455ce885,abef6b46-97a3-4d47-847a-0a058895e915,Tomato,6,16.43,BUY_AGAIN
7d95baf6-9014-479f-825c-8329b36563da,6fcc34f9-1490-4c70-ae89-f338a3157ec6,59533992-5f56-4fd7-aafc-039199e5d9d6,Carrot,6,20.009999999999998,BUY_AGAIN
7d95baf6-9014-479f-825c-8329b36563da,90c03401-3bc8-4be4-a348-da1419ba95ab,55048485-b49a-41a8-831b-42e14f8ce5f9,Green Peas,2,3.79,BUY_AGAIN
7d95baf6-9014-479f-825c-8329b36563da,f2ae0ff7-611d-4a23-b1ee-97688a2701e7,68333e4b-e52f-429e-9139-07cc61dc5eb0,Cabbage,1,4.22,BUY_AGAIN
7d95baf6-9014-479f-825c-8329b36563da,39dac036-1cbb-41e3-9550-b0ec6a31b6eb,178c56a4-1347-43a1-9c70-b8ad4e14aebd,Palak,4,6.78,BUY_AGAIN
7d95baf6-9014-479f-825c-8329b36563da,6e117cbd-35bc-431a-a87b-ec32590c8c57,7324117d-fdfd-4313-8e9c-1e922f46ed4f,Rice,1,3.05,BUY_AGAIN
081e8113-878b-4022-8cdf-0bfc6dda5167,f23a48e4-f663-406f-9b04-9f6835aaa9f4,6bd8ceef-eebc-4d0b-8d12-2dd14c109468,Ginger,4,11.860000000000001,BUY_AGAIN
081e8113-878b-4022-8cdf-0bfc6dda5167,f001e0a4-8020-4880-8626-0a0c1e822852,6276a613-f3d1-4ca2-b763-bcc62ebbb363,Garlic,4,6.1,BUY_AGAIN
081e8113-878b-4022-8cdf-0bfc6dda5167,26aee757-06a2-4ead-ab16-d1e71fd68f1b,653ff738-2173-4c0d-9619-2be06db39e8c,Green Chilli,4,11.270000000000001,BUY_AGAIN
081e8113-878b-4022-8cdf-0bfc6dda5167,c6914581-923c-445a-9f9c-eaf0ec5a2c33,ef45df06-ae20-45cb-9c78-f423589fe7a0,Coriander,4,8.280000000000001,BUY_AGAIN
081e8113-878b-4022-8cdf-0bfc6dda5167,798ae4e6-fad9-4806-8971-c892a9483220,2f6f3a77-07d3-4a5d-9422-277b8cb53de2,Potato,1,4.8,BUY_AGAIN
081e8113-878b-4022-8cdf-0bfc6dda5167,fc99c491-28ac-40fc-bd3b-edf6d3a3588b,d98d579c-c9b5-454e-8a92-971240c312eb,Onion,1,4.55,BUY_AGAIN
081e8113-878b-4022-8cdf-0bfc6dda5167,bf9e355c-e1c9-428e-906d-8e9a455ce885,abef6b46-97a3-4d47-847a-0a058895e915,Tomato,1,2.08,BUY_AGAIN
081e8113-878b-4022-8cdf-0bfc6dda5167,6fcc34f9-1490-4c70-ae89-f338a3157ec6,59533992-5f56-4fd7-aafc-039199e5d9d6,Carrot,1,3.6,BUY_AGAIN
081e8113-878b-4022-8cdf-0bfc6dda5167,90c03401-3bc8-4be4-a348-da1419ba95ab,55048485-b49a-41a8-831b-42e14f8ce5f9,Green Peas,1,1.09,BUY_AGAIN
46ed7332-a6b6-4f08-ae6b-4ce2687249fc,bf9e355c-e1c9-428e-906d-8e9a455ce885,abef6b46-97a3-4d47-847a-0a058895e915,Tomato,3,7.74,BUY_AGAIN
46ed7332-a6b6-4f08-ae6b-4ce2687249fc,fc99c491-28ac-40fc-bd3b-edf6d3a3588b,d98d579c-c9b5-454e-8a92-971240c312eb,Onion,3,12.05,BUY_AGAIN
46ed7332-a6b6-4f08-ae6b-4ce2687249fc,798ae4e6-fad9-4806-8971-c892a9483220,2f6f3a77-07d3-4a5d-9422-277b8cb53de2,Potato,2,3.87,BUY_AGAIN
46ed7332-a6b6-4f08-ae6b-4ce2687249fc,4db9e4de-ce3d-41d7-bdf4-3931e7243df5,ac8068c4-442e-467b-90c9-366eb7fc7bba,Grapes,1,1.91,BUY_AGAIN
46ed7332-a6b6-4f08-ae6b-4ce2687249fc,f23a48e4-f663-406f-9b04-9f6835aaa9f4,6bd8ceef-eebc-4d0b-8d12-2dd14c109468,Ginger,1,3.63,BUY_AGAIN
46ed7332-a6b6-4f08-ae6b-4ce2687249fc,f001e0a4-8020-4880-8626-0a0c1e822852,6276a613-f3d1-4ca2-b763-bcc62ebbb363,Garlic,1,2.98,BUY_AGAIN
46ed7332-a6b6-4f08-ae6b-4ce2687249fc,c6914581-923c-445a-9f9c-eaf0ec5a2c33,ef45df06-ae20-45cb-9c78-f423589fe7a0,Coriander,1,2.8,BUY_AGAIN
46ed7332-a6b6-4f08-ae6b-4ce2687249fc,43d6910f-14b0-4fa4-8763-100d2a5ef4f5,b64ca3f8-fd63-4652-b8ab-d082ef554f58,Mint,1,2.43,BUY_AGAIN
46ed7332-a6b6-4f08-ae6b-4ce2687249fc,6e117cbd-35bc-431a-a87b-ec32590c8c57,7324117d-fdfd-4313-8e9c-1e922f46ed4f,Rice,1,3.9,BUY_AGAIN
8b9f7985-5ef6-485d-959c-fd171563bb8a,bf9e355c-e1c9-428e-906d-8e9a455ce885,abef6b46-97a3-4d47-847a-0a058895e915,Tomato,6,19.21,BUY_AGAIN
8b9f7985-5ef6-485d-959c-fd171563bb8a,fc99c491-28ac-40fc-bd3b-edf6d3a3588b,d98d579c-c9b5-454e-8a92-971240c312eb,Onion,6,20.849999999999998,BUY_AGAIN
8b9f7985-5ef6-485d-959c-fd171563bb8a,f23a48e4-f663-406f-9b04-9f6835aaa9f4,6bd8ceef-eebc-4d0b-8d12-2dd14c109468,Ginger,3,9.75,BUY_AGAIN
8b9f7985-5ef6-485d-959c-fd171563bb8a,f001e0a4-8020-4880-8626-0a0c1e822852,6276a613-f3d1-4ca2-b763-bcc62ebbb363,Garlic,3,6.109999999999999,BUY_AGAIN
8b9f7985-5ef6-485d-959c-fd171563bb8a,c6914581-923c-445a-9f9c-eaf0ec5a2c33,ef45df06-ae20-45cb-9c78-f423589fe7a0,Coriander,6,8.81,BUY_AGAIN
8b9f7985-5ef6-485d-959c-fd171563bb8a,43d6910f-14b0-4fa4-8763-100d2a5ef4f5,b64ca3f8-fd63-4652-b8ab-d082ef554f58,Mint,1,2.08,BUY_AGAIN
8b9f7985-5ef6-485d-959c-fd171563bb8a,26aee757-06a2-4ead-ab16-d1e71fd68f1b,653ff738-2173-4c0d-9619-2be06db39e8c,Green Chilli,3,9.969999999999999,BUY_AGAIN
e47d2dca-4d7f-4788-8ee9-e5c35611e94b,f23a48e4-f663-406f-9b04-9f6835aaa9f4,6bd8ceef-eebc-4d0b-8d12-2dd14c109468,Ginger,1,4.32,BUY_AGAIN
e47d2dca-4d7f-4788-8ee9-e5c35611e94b,f001e0a4-8020-4880-8626-0a0c1e822852,6276a613-f3d1-4ca2-b763-bcc62ebbb363,Garlic,1,2.52,BUY_AGAIN
e47d2dca-4d7f-4788-8ee9-e5c35611e94b,26aee757-06a2-4ead-ab16-d1e71fd68f1b,653ff738-2173-4c0d-9619-2be06db39e8c,Green Chilli,1,4.83,BUY_AGAIN
e47d2dca-4d7f-4788-8ee9-e5c35611e94b,c6914581-923c-445a-9f9c-eaf0ec5a2c33,ef45df06-ae20-45cb-9c78-f423589fe7a0,Coriander,1,2.08,BUY_AGAIN
e47d2dca-4d7f-4788-8ee9-e5c35611e94b,39dac036-1cbb-41e3-9550-b0ec6a31b6eb,178c56a4-1347-43a1-9c70-b8ad4e14aebd,Palak,3,6.8,BUY_AGAIN
e47d2dca-4d7f-4788-8ee9-e5c35611e94b,6fcc34f9-1490-4c70-ae89-f338a3157ec6,59533992-5f56-4fd7-aafc-039199e5d9d6,Carrot,3,10.59,BUY_AGAIN
e47d2dca-4d7f-4788-8ee9-e5c35611e94b,53375854-801f-4fc4-9bca-a764bf6963fe,abf9c741-823f-4047-ae80-0254c25dfaf7,Banana,3,11.81,BUY_AGAIN
e47d2dca-4d7f-4788-8ee9-e5c35611e94b,f2ae0ff7-611d-4a23-b1ee-97688a2701e7,68333e4b-e52f-429e-9139-07cc61dc5eb0,Cabbage,1,2.37,BUY_AGAIN
c5863af9-c9cd-463d-94a8-8e69adf4f214,39dac036-1cbb-41e3-9550-b0ec6a31b6eb,178c56a4-1347-43a1-9c70-b8ad4e14aebd,Palak,3,7.21,BUY_AGAIN
c5863af9-c9cd-463d-94a8-8e69adf4f214,6fcc34f9-1490-4c70-ae89-f338a3157ec6,59533992-5f56-4fd7-aafc-039199e5d9d6,Carrot,3,7.62,BUY_AGAIN
c5863af9-c9cd-463d-94a8-8e69adf4f214,53375854-801f-4fc4-9bca-a764bf6963fe,abf9c741-823f-4047-ae80-0254c25dfaf7,Banana,3,8.239999999999998,BUY_AGAIN
c5863af9-c9cd-463d-94a8-8e69adf4f214,bf9e355c-e1c9-428e-906d-8e9a455ce885,abef6b46-97a3-4d47-847a-0a058895e915,Tomato,3,12.25,BUY_AGAIN
c5863af9-c9cd-463d-94a8-8e69adf4f214,fc99c491-28ac-40fc-bd3b-edf6d3a3588b,d98d579c-c9b5-454e-8a92-971240c312eb,Onion,3,7.290000000000001,BUY_AGAIN
c5863af9-c9cd-463d-94a8-8e69adf4f214,f23a48e4-f663-406f-9b04-9f6835aaa9f4,6bd8ceef-eebc-4d0b-8d12-2dd14c109468,Ginger,3,9.26,BUY_AGAIN
c5863af9-c9cd-463d-94a8-8e69adf4f214,f001e0a4-8020-4880-8626-0a0c1e822852,6276a613-f3d1-4ca2-b763-bcc62ebbb363,Garlic,3,8.66,BUY_AGAIN
c5863af9-c9cd-463d-94a8-8e69adf4f214,c6914581-923c-445a-9f9c-eaf0ec5a2c33,ef45df06-ae20-45cb-9c78-f423589fe7a0,Coriander,3,5.4799999999999995,BUY_AGAIN
c5863af9-c9cd-463d-94a8-8e69adf4f214,ffcbe3ac-c1c6-4338-b2aa-421e7396924a,c7ebf4b8-4f50-4c0a-9816-6a6769943bce,Green Capsicum,3,10.13,BUY_AGAIN
83cf8df8-0344-41ec-a14f-761cb61a2216,798ae4e6-fad9-4806-8971-c892a9483220,2f6f3a77-07d3-4a5d-9422-277b8cb53de2,Potato,3,10.01,BUY_AGAIN
83cf8df8-0344-41ec-a14f-761cb61a2216,fc99c491-28ac-40fc-bd3b-edf6d3a3588b,d98d579c-c9b5-454e-8a92-971240c312eb,Onion,3,10.81,BUY_AGAIN
83cf8df8-0344-41ec-a14f-761cb61a2216,bf9e355c-e1c9-428e-906d-8e9a455ce885,abef6b46-97a3-4d47-847a-0a058895e915,Tomato,3,9.41,BUY_AGAIN
83cf8df8-0344-41ec-a14f-761cb61a2216,6fcc34f9-1490-4c70-ae89-f338a3157ec6,59533992-5f56-4fd7-aafc-039199e5d9d6,Carrot,3,6.61,BUY_AGAIN
83cf8df8-0344-41ec-a14f-761cb61a2216,90c03401-3bc8-4be4-a348-da1419ba95ab,55048485-b49a-41a8-831b-42e14f8ce5f9,Green Peas,3,6.29,BUY_AGAIN
83cf8df8-0344-41ec-a14f-761cb61a2216,4db9e4de-ce3d-41d7-bdf4-3931e7243df5,ac8068c4-442e-467b-90c9-366eb7fc7bba,Grapes,1,2.39,BUY_AGAIN
83cf8df8-0344-41ec-a14f-761cb61a2216,f2ae0ff7-611d-4a23-b1ee-97688a2701e7,68333e4b-e52f-429e-9139-07cc61dc5eb0,Cabbage,1,3.44,BUY_AGAIN
2cf4a458-4875-48b9-a84f-9b99b9d0a431,53375854-801f-4fc4-9bca-a764bf6963fe,abf9c741-823f-4047-ae80-0254c25dfaf7,Banana,2,6.42,BUY_AGAIN
2cf4a458-4875-48b9-a84f-9b99b9d0a431,0f39696d-33be-4ab3-98ce-dfbfa4d9b7e5,0ea55d0f-d8b6-4cb1-9303-1c884505a25a,Papaya,2,5.88,BUY_AGAIN
2cf4a458-4875-48b9-a84f-9b99b9d0a431,7a7c4c3b-cbaa-425a-94c8-f3bcd4fe371d,f1ad8b2f-18d6-4dff-a217-b1353e48b40d,Pomegranate,2,5.16,BUY_AGAIN
2cf4a458-4875-48b9-a84f-9b99b9d0a431,bf9e355c-e1c9-428e-906d-8e9a455ce885,abef6b46-97a3-4d47-847a-0a058895e915,Tomato,1,1.09,BUY_AGAIN
2cf4a458-4875-48b9-a84f-9b99b9d0a431,fc99c491-28ac-40fc-bd3b-edf6d3a3588b,d98d579c-c9b5-454e-8a92-971240c312eb,Onion,1,1.4,BUY_AGAIN
2cf4a458-4875-48b9-a84f-9b99b9d0a431,798ae4e6-fad9-4806-8971-c892a9483220,2f6f3a77-07d3-4a5d-9422-277b8cb53de2,Potato,1,2.16,BUY_AGAIN
b09d5ed6-293f-4eb8-8466-17829480dcad,bf9e355c-e1c9-428e-906d-8e9a455ce885,abef6b46-97a3-4d47-847a-0a058895e915,Tomato,5,13.71,BUY_AGAIN
b09d5ed6-293f-4eb8-8466-17829480dcad,39dac036-1cbb-41e3-9550-b0ec6a31b6eb,178c56a4-1347-43a1-9c70-b8ad4e14aebd,Palak,4,7.3,BUY_AGAIN
b09d5ed6-293f-4eb8-8466-17829480dcad,6fcc34f9-1490-4c70-ae89-f338a3157ec6,59533992-5f56-4fd7-aafc-039199e5d9d6,Carrot,4,11.51,BUY_AGAIN
b09d5ed6-293f-4eb8-8466-17829480dcad,fc99c491-28ac-40fc-bd3b-edf6d3a3588b,d98d579c-c9b5-454e-8a92-971240c312eb,Onion,1,3.18,BUY_AGAIN
b09d5ed6-293f-4eb8-8466-17829480dcad,798ae4e6-fad9-4806-8971-c892a9483220,2f6f3a77-07d3-4a5d-9422-277b8cb53de2,Potato,1,2.85,BUY_AGAIN
72ecbbbb-d28d-4a25-96a1-984662445dc9,f23a48e4-f663-406f-9b04-9f6835aaa9f4,6bd8ceef-eebc-4d0b-8d12-2dd14c109468,Ginger,2,6.1899999999999995,BUY_AGAIN
72ecbbbb-d28d-4a25-96a1-984662445dc9,f001e0a4-8020-4880-8626-0a0c1e822852,6276a613-f3d1-4ca2-b763-bcc62ebbb363,Garlic,2,8.21,BUY_AGAIN
72ecbbbb-d28d-4a25-96a1-984662445dc9,26aee757-06a2-4ead-ab16-d1e71fd68f1b,653ff738-2173-4c0d-9619-2be06db39e8c,Green Chilli,2,6.58,BUY_AGAIN
72ecbbbb-d28d-4a25-96a1-984662445dc9,c6914581-923c-445a-9f9c-eaf0ec5a2c33,ef45df06-ae20-45cb-9c78-f423589fe7a0,Coriander,2,2.33,BUY_AGAIN
72ecbbbb-d28d-4a25-96a1-984662445dc9,3a34d1a4-8f79-4d3b-8d81-bb5fd72a1b3a,3c31fec3-4390-4ed9-99ac-e13a88d60684,Ragi,1,2.9,BUY_AGAIN
72ecbbbb-d28d-4a25-96a1-984662445dc9,bf9e355c-e1c9-428e-906d-8e9a455ce885,abef6b46-97a3-4d47-847a-0a058895e915,Tomato,1,4.04,BUY_AGAIN
72ecbbbb-d28d-4a25-96a1-984662445dc9,39dac036-1cbb-41e3-9550-b0ec6a31b6eb,178c56a4-1347-43a1-9c70-b8ad4e14aebd,Palak,1,2.41,BUY_AGAIN
72ecbbbb-d28d-4a25-96a1-984662445dc9,6fcc34f9-1490-4c70-ae89-f338a3157ec6,59533992-5f56-4fd7-aafc-039199e5d9d6,Carrot,1,2.27,BUY_AGAIN
b1ba019f-b1ec-4fca-ba4f-a5214a80c769,bf9e355c-e1c9-428e-906d-8e9a455ce885,abef6b46-97a3-4d47-847a-0a058895e915,Tomato,5,14.239999999999998,BUY_AGAIN
b1ba019f-b1ec-4fca-ba4f-a5214a80c769,fc99c491-28ac-40fc-bd3b-edf6d3a3588b,d98d579c-c9b5-454e-8a92-971240c312eb,Onion,5,14.38,BUY_AGAIN
b1ba019f-b1ec-4fca-ba4f-a5214a80c769,798ae4e6-fad9-4806-8971-c892a9483220,2f6f3a77-07d3-4a5d-9422-277b8cb53de2,Potato,5,13.19,BUY_AGAIN
b1ba019f-b1ec-4fca-ba4f-a5214a80c769,3a34d1a4-8f79-4d3b-8d81-bb5fd72a1b3a,3c31fec3-4390-4ed9-99ac-e13a88d60684,Ragi,1,2.68,BUY_AGAIN
2d5f4ff2-140c-462a-8b95-5a76ea34ecfc,bf9e355c-e1c9-428e-906d-8e9a455ce885,abef6b46-97a3-4d47-847a-0a058895e915,Tomato,3,11.27,BUY_AGAIN
2d5f4ff2-140c-462a-8b95-5a76ea34ecfc,fc99c491-28ac-40fc-bd3b-edf6d3a3588b,d98d579c-c9b5-454e-8a92-971240c312eb,Onion,3,6.25,BUY_AGAIN
2d5f4ff2-140c-462a-8b95-5a76ea34ecfc,26aee757-06a2-4ead-ab16-d1e71fd68f1b,653ff738-2173-4c0d-9619-2be06db39e8c,Green Chilli,3,11.260000000000002,BUY_AGAIN
2d5f4ff2-140c-462a-8b95-5a76ea34ecfc,c6914581-923c-445a-9f9c-eaf0ec5a2c33,ef45df06-ae20-45cb-9c78-f423589fe7a0,Coriander,3,6.32,BUY_AGAIN
2d5f4ff2-140c-462a-8b95-5a76ea34ecfc,f2ae0ff7-611d-4a23-b1ee-97688a2701e7,68333e4b-e52f-429e-9139-07cc61dc5eb0,Cabbage,1,2.66,BUY_AGAIN
2d5f4ff2-140c-462a-8b95-5a76ea34ecfc,ffcbe3ac-c1c6-4338-b2aa-421e7396924a,c7ebf4b8-4f50-4c0a-9816-6a6769943bce,Green Capsicum,1,1.75,BUY_AGAIN
d6a9e0ef-4132-46ef-a0f7-d7997a803afe,39dac036-1cbb-41e3-9550-b0ec6a31b6eb,178c56a4-1347-43a1-9c70-b8ad4e14aebd,Palak,2,3.38,BUY_AGAIN
d6a9e0ef-4132-46ef-a0f7-d7997a803afe,6fcc34f9-1490-4c70-ae89-f338a3157ec6,59533992-5f56-4fd7-aafc-039199e5d9d6,Carrot,2,6.98,BUY_AGAIN
d6a9e0ef-4132-46ef-a0f7-d7997a803afe,53375854-801f-4fc4-9bca-a764bf6963fe,abf9c741-823f-4047-ae80-0254c25dfaf7,Banana,2,5.449999999999999,BUY_AGAIN
d6a9e0ef-4132-46ef-a0f7-d7997a803afe,f23a48e4-f663-406f-9b04-9f6835aaa9f4,6bd8ceef-eebc-4d0b-8d12-2dd14c109468,Ginger,1,4.55,BUY_AGAIN
d6a9e0ef-4132-46ef-a0f7-d7997a803afe,f001e0a4-8020-4880-8626-0a0c1e822852,6276a613-f3d1-4ca2-b763-bcc62ebbb363,Garlic,1,4.81,BUY_AGAIN
d6a9e0ef-4132-46ef-a0f7-d7997a803afe,26aee757-06a2-4ead-ab16-d1e71fd68f1b,653ff738-2173-4c0d-9619-2be06db39e8c,Green Chilli,1,4.15,BUY_AGAIN
d6a9e0ef-4132-46ef-a0f7-d7997a803afe,c6914581-923c-445a-9f9c-eaf0ec5a2c33,ef45df06-ae20-45cb-9c78-f423589fe7a0,Coriander,1,2.6,BUY_AGAIN
331a2b18-7771-4c8f-babb-5457498c239b,bf9e355c-e1c9-428e-906d-8e9a455ce885,abef6b46-97a3-4d47-847a-0a058895e915,Tomato,6,16.36,BUY_AGAIN
331a2b18-7771-4c8f-babb-5457498c239b,fc99c491-28ac-40fc-bd3b-edf6d3a3588b,d98d579c-c9b5-454e-8a92-971240c312eb,Onion,6,19.63,BUY_AGAIN
331a2b18-7771-4c8f-babb-5457498c239b,f23a48e4-f663-406f-9b04-9f6835aaa9f4,6bd8ceef-eebc-4d0b-8d12-2dd14c109468,Ginger,6,15.27,BUY_AGAIN
331a2b18-7771-4c8f-babb-5457498c239b,f001e0a4-8020-4880-8626-0a0c1e822852,6276a613-f3d1-4ca2-b763-bcc62ebbb363,Garlic,6,21.03,BUY_AGAIN
331a2b18-7771-4c8f-babb-5457498c239b,c6914581-923c-445a-9f9c-eaf0ec5a2c33,ef45df06-ae20-45cb-9c78-f423589fe7a0,Coriander,6,11.23,BUY_AGAIN
c115ff2f-0c98-4983-bf03-167384d2903e,798ae4e6-fad9-4806-8971-c892a9483220,2f6f3a77-07d3-4a5d-9422-277b8cb53de2,Potato,3,9.09,BUY_AGAIN
c115ff2f-0c98-4983-bf03-167384d2903e,fc99c491-28ac-40fc-bd3b-edf6d3a3588b,d98d579c-c9b5-454e-8a92-971240c312eb,Onion,3,10.129999999999999,BUY_AGAIN
c115ff2f-0c98-4983-bf03-167384d2903e,bf9e355c-e1c9-428e-906d-8e9a455ce885,abef6b46-97a3-4d47-847a-0a058895e915,Tomato,3,8.17,BUY_AGAIN
c115ff2f-0c98-4983-bf03-167384d2903e,6fcc34f9-1490-4c70-ae89-f338a3157ec6,59533992-5f56-4fd7-aafc-039199e5d9d6,Carrot,3,9.73,BUY_AGAIN
c115ff2f-0c98-4983-bf03-167384d2903e,90c03401-3bc8-4be4-a348-da1419ba95ab,55048485-b49a-41a8-831b-42e14f8ce5f9,Green Peas,3,10.02,BUY_AGAIN
c115ff2f-0c98-4983-bf03-167384d2903e,4db9e4de-ce3d-41d7-bdf4-3931e7243df5,ac8068c4-442e-467b-90c9-366eb7fc7bba,Grapes,1,4.01,BUY_AGAIN
3d14145a-752d-4dd5-907f-f375242af193,53375854-801f-4fc4-9bca-a764bf6963fe,abf9c741-823f-4047-ae80-0254c25dfaf7,Banana,5,17.75,BUY_AGAIN
3d14145a-752d-4dd5-907f-f375242af193,0f39696d-33be-4ab3-98ce-dfbfa4d9b7e5,0ea55d0f-d8b6-4cb1-9303-1c884505a25a,Papaya,5,16.05,BUY_AGAIN
3d14145a-752d-4dd5-907f-f375242af193,7a7c4c3b-cbaa-425a-94c8-f3bcd4fe371d,f1ad8b2f-18d6-4dff-a217-b1353e48b40d,Pomegranate,5,13.58,BUY_AGAIN
3d14145a-752d-4dd5-907f-f375242af193,3a34d1a4-8f79-4d3b-8d81-bb5fd72a1b3a,3c31fec3-4390-4ed9-99ac-e13a88d60684,Ragi,1,1.03,BUY_AGAIN
4fb3055e-a3e6-409f-b75b-aa457c4a89bd,bf9e355c-e1c9-428e-906d-8e9a455ce885,abef6b46-97a3-4d47-847a-0a058895e915,Tomato,4,7.879999999999999,BUY_AGAIN
4fb3055e-a3e6-409f-b75b-aa457c4a89bd,39dac036-1cbb-41e3-9550-b0ec6a31b6eb,178c56a4-1347-43a1-9c70-b8ad4e14aebd,Palak,4,6.77,BUY_AGAIN
4fb3055e-a3e6-409f-b75b-aa457c4a89bd,6fcc34f9-1490-4c70-ae89-f338a3157ec6,59533992-5f56-4fd7-aafc-039199e5d9d6,Carrot,4,9.53,BUY_AGAIN
4fb3055e-a3e6-409f-b75b-aa457c4a89bd,53375854-801f-4fc4-9bca-a764bf6963fe,abf9c741-823f-4047-ae80-0254c25dfaf7,Banana,2,7.95,BUY_AGAIN
4fb3055e-a3e6-409f-b75b-aa457c4a89bd,0f39696d-33be-4ab3-98ce-dfbfa4d9b7e5,0ea55d0f-d8b6-4cb1-9303-1c884505a25a,Papaya,2,5.8500000000000005,BUY_AGAIN
4fb3055e-a3e6-409f-b75b-aa457c4a89bd,7a7c4c3b-cbaa-425a-94c8-f3bcd4fe371d,f1ad8b2f-18d6-4dff-a217-b1353e48b40d,Pomegranate,2,6.03,BUY_AGAIN
4fb3055e-a3e6-409f-b75b-aa457c4a89bd,ffcbe3ac-c1c6-4338-b2aa-421e7396924a,c7ebf4b8-4f50-4c0a-9816-6a6769943bce,Green Capsicum,1,4.44,BUY_AGAIN
95381c19-145e-4e11-ab3f-3555b2a07941,39dac036-1cbb-41e3-9550-b0ec6a31b6eb,178c56a4-1347-43a1-9c70-b8ad4e14aebd,Palak,3,6.4799999999999995,BUY_AGAIN
95381c19-145e-4e11-ab3f-3555b2a07941,6fcc34f9-1490-4c70-ae89-f338a3157ec6,59533992-5f56-4fd7-aafc-039199e5d9d6,Carrot,3,7.9,BUY_AGAIN
95381c19-145e-4e11-ab3f-3555b2a07941,53375854-801f-4fc4-9bca-a764bf6963fe,abf9c741-823f-4047-ae80-0254c25dfaf7,Banana,3,5.3,BUY_AGAIN
95381c19-145e-4e11-ab3f-3555b2a07941,4db9e4de-ce3d-41d7-bdf4-3931e7243df5,ac8068c4-442e-467b-90c9-366eb7fc7bba,Grapes,1,3.5,BUY_AGAIN
95381c19-145e-4e11-ab3f-3555b2a07941,f23a48e4-f663-406f-9b04-9f6835aaa9f4,6bd8ceef-eebc-4d0b-8d12-2dd14c109468,Ginger,3,10.1,BUY_AGAIN
95381c19-145e-4e11-ab3f-3555b2a07941,f001e0a4-8020-4880-8626-0a0c1e822852,6276a613-f3d1-4ca2-b763-bcc62ebbb363,Garlic,3,6.840000000000001,BUY_AGAIN
95381c19-145e-4e11-ab3f-3555b2a07941,26aee757-06a2-4ead-ab16-d1e71fd68f1b,653ff738-2173-4c0d-9619-2be06db39e8c,Green Chilli,3,6.1,BUY_AGAIN
95381c19-145e-4e11-ab3f-3555b2a07941,c6914581-923c-445a-9f9c-eaf0ec5a2c33,ef45df06-ae20-45cb-9c78-f423589fe7a0,Coriander,3,7.5600000000000005,BUY_AGAIN
95381c19-145e-4e11-ab3f-3555b2a07941,f2ae0ff7-611d-4a23-b1ee-97688a2701e7,68333e4b-e52f-429e-9139-07cc61dc5eb0,Cabbage,1,3.89,BUY_AGAIN
f6fcd7a9-a8f0-457c-b9f3-018c8b01391b,bf9e355c-e1c9-428e-906d-8e9a455ce885,abef6b46-97a3-4d47-847a-0a058895e915,Tomato,5,13.79,BUY_AGAIN
f6fcd7a9-a8f0-457c-b9f3-018c8b01391b,fc99c491-28ac-40fc-bd3b-edf6d3a3588b,d98d579c-c9b5-454e-8a92-971240c312eb,Onion,5,20.37,BUY_AGAIN
f6fcd7a9-a8f0-457c-b9f3-018c8b01391b,798ae4e6-fad9-4806-8971-c892a9483220,2f6f3a77-07d3-4a5d-9422-277b8cb53de2,Potato,5,19.28,BUY_AGAIN
f6fcd7a9-a8f0-457c-b9f3-018c8b01391b,6fcc34f9-1490-4c70-ae89-f338a3157ec6,59533992-5f56-4fd7-aafc-039199e5d9d6,Carrot,2,8.1,BUY_AGAIN
f6fcd7a9-a8f0-457c-b9f3-018c8b01391b,90c03401-3bc8-4be4-a348-da1419ba95ab,55048485-b49a-41a8-831b-42e14f8ce5f9,Green Peas,2,4.35,BUY_AGAIN
f6fcd7a9-a8f0-457c-b9f3-018c8b01391b,3a34d1a4-8f79-4d3b-8d81-bb5fd72a1b3a,3c31fec3-4390-4ed9-99ac-e13a88d60684,Ragi,1,4.08,BUY_AGAIN
f6fcd7a9-a8f0-457c-b9f3-018c8b01391b,ffcbe3ac-c1c6-4338-b2aa-421e7396924a,c7ebf4b8-4f50-4c0a-9816-6a6769943bce,Green Capsicum,1,2.52,BUY_AGAIN
f8eb34db-1687-4a4b-802f-8c5bdb2bce45,bf9e355c-e1c9-428e-906d-8e9a455ce885,abef6b46-97a3-4d47-847a-0a058895e915,Tomato,2,8.68,BUY_AGAIN
f8eb34db-1687-4a4b-802f-8c5bdb2bce45,fc99c491-28ac-40fc-bd3b-edf6d3a3588b,d98d579c-c9b5-454e-8a92-971240c312eb,Onion,2,4.37,BUY_AGAIN
f8eb34db-1687-4a4b-802f-8c5bdb2bce45,26aee757-06a2-4ead-ab16-d1e71fd68f1b,653ff738-2173-4c0d-9619-2be06db39e8c,Green Chilli,2,6.6899999999999995,BUY_AGAIN
f8eb34db-1687-4a4b-802f-8c5bdb2bce45,c6914581-923c-445a-9f9c-eaf0ec5a2c33,ef45df06-ae20-45cb-9c78-f423589fe7a0,Coriander,2,3.2199999999999998,BUY_AGAIN
f8eb34db-1687-4a4b-802f-8c5bdb2bce45,3a34d1a4-8f79-4d3b-8d81-bb5fd72a1b3a,3c31fec3-4390-4ed9-99ac-e13a88d60684,Ragi,1,2.42,BUY_AGAIN
f8eb34db-1687-4a4b-802f-8c5bdb2bce45,53375854-801f-4fc4-9bca-a764bf6963fe,abf9c741-823f-4047-ae80-0254c25dfaf7,Banana,1,4.52,BUY_AGAIN
f8eb34db-1687-4a4b-802f-8c5bdb2bce45,0f39696d-33be-4ab3-98ce-dfbfa4d9b7e5,0ea55d0f-d8b6-4cb1-9303-1c884505a25a,Papaya,1,1.82,BUY_AGAIN
f8eb34db-1687-4a4b-802f-8c5bdb2bce45,7a7c4c3b-cbaa-425a-94c8-f3bcd4fe371d,f1ad8b2f-18d6-4dff-a217-b1353e48b40d,Pomegranate,1,3.49,BUY_AGAIN
8db95983-f362-4452-a960-11964662f0bf,798ae4e6-fad9-4806-8971-c892a9483220,2f6f3a77-07d3-4a5d-9422-277b8cb53de2,Potato,1,1.63,BUY_AGAIN
8db95983-f362-4452-a960-11964662f0bf,fc99c491-28ac-40fc-bd3b-edf6d3a3588b,d98d579c-c9b5-454e-8a92-971240c312eb,Onion,1,2.68,BUY_AGAIN
8db95983-f362-4452-a960-11964662f0bf,bf9e355c-e1c9-428e-906d-8e9a455ce885,abef6b46-97a3-4d47-847a-0a058895e915,Tomato,1,4.93,BUY_AGAIN
8db95983-f362-4452-a960-11964662f0bf,6fcc34f9-1490-4c70-ae89-f338a3157ec6,59533992-5f56-4fd7-aafc-039199e5d9d6,Carrot,3,7.82,BUY_AGAIN
8db95983-f362-4452-a960-11964662f0bf,90c03401-3bc8-4be4-a348-da1419ba95ab,55048485-b49a-41a8-831b-42e14f8ce5f9,Green Peas,1,2.88,BUY_AGAIN
8db95983-f362-4452-a960-11964662f0bf,4db9e4de-ce3d-41d7-bdf4-3931e7243df5,ac8068c4-442e-467b-90c9-366eb7fc7bba,Grapes,1,4.83,BUY_AGAIN
8db95983-f362-4452-a960-11964662f0bf,39dac036-1cbb-41e3-9550-b0ec6a31b6eb,178c56a4-1347-43a1-9c70-b8ad4e14aebd,Palak,2,2.59,BUY_AGAIN
8db95983-f362-4452-a960-11964662f0bf,53375854-801f-4fc4-9bca-a764bf6963fe,abf9c741-823f-4047-ae80-0254c25dfaf7,Banana,2,6.76,BUY_AGAIN
8db95983-f362-4452-a960-11964662f0bf,ffcbe3ac-c1c6-4338-b2aa-421e7396924a,c7ebf4b8-4f50-4c0a-9816-6a6769943bce,Green Capsicum,1,4.04,BUY_AGAIN
8408401e-694d-4008-bd1a-d0d90d78d6f5,bf9e355c-e1c9-428e-906d-8e9a455ce885,abef6b46-97a3-4d47-847a-0a058895e915,Tomato,4,13.29,BUY_AGAIN
8408401e-694d-4008-bd1a-d0d90d78d6f5,fc99c491-28ac-40fc-bd3b-edf6d3a3588b,d98d579c-c9b5-454e-8a92-971240c312eb,Onion,4,8.03,BUY_AGAIN
8408401e-694d-4008-bd1a-d0d90d78d6f5,f23a48e4-f663-406f-9b04-9f6835aaa9f4,6bd8ceef-eebc-4d0b-8d12-2dd14c109468,Ginger,3,9.87,BUY_AGAIN
8408401e-694d-4008-bd1a-d0d90d78d6f5,f001e0a4-8020-4880-8626-0a0c1e822852,6276a613-f3d1-4ca2-b763-bcc62ebbb363,Garlic,3,10.110000000000001,BUY_AGAIN
8408401e-694d-4008-bd1a-d0d90d78d6f5,c6914581-923c-445a-9f9c-eaf0ec5a2c33,ef45df06-ae20-45cb-9c78-f423589fe7a0,Coriander,4,6.82,BUY_AGAIN
8408401e-694d-4008-bd1a-d0d90d78d6f5,4db9e4de-ce3d-41d7-bdf4-3931e7243df5,ac8068c4-442e-467b-90c9-366eb7fc7bba,Grapes,2,8.06,BUY_AGAIN
8408401e-694d-4008-bd1a-d0d90d78d6f5,26aee757-06a2-4ead-ab16-d1e71fd68f1b,653ff738-2173-4c0d-9619-2be06db39e8c,Green Chilli,1,3.93,BUY_AGAIN
8408401e-694d-4008-bd1a-d0d90d78d6f5,6e117cbd-35bc-431a-a87b-ec32590c8c57,7324117d-fdfd-4313-8e9c-1e922f46ed4f,Rice,1,1.84,BUY_AGAIN
9f9b965f-1f61-4e93-9afb-80390aafca75,798ae4e6-fad9-4806-8971-c892a9483220,2f6f3a77-07d3-4a5d-9422-277b8cb53de2,Potato,3,11.19,BUY_AGAIN
9f9b965f-1f61-4e93-9afb-80390aafca75,fc99c491-28ac-40fc-bd3b-edf6d3a3588b,d98d579c-c9b5-454e-8a92-971240c312eb,Onion,3,10.16,BUY_AGAIN
9f9b965f-1f61-4e93-9afb-80390aafca75,bf9e355c-e1c9-428e-906d-8e9a455ce885,abef6b46-97a3-4d47-847a-0a058895e915,Tomato,3,13.84,BUY_AGAIN
9f9b965f-1f61-4e93-9afb-80390aafca75,6fcc34f9-1490-4c70-ae89-f338a3157ec6,59533992-5f56-4fd7-aafc-039199e5d9d6,Carrot,3,7.67,BUY_AGAIN
9f9b965f-1f61-4e93-9afb-80390aafca75,90c03401-3bc8-4be4-a348-da1419ba95ab,55048485-b49a-41a8-831b-42e14f8ce5f9,Green Peas,3,10.08,BUY_AGAIN
9f9b965f-1f61-4e93-9afb-80390aafca75,6e117cbd-35bc-431a-a87b-ec32590c8c57,7324117d-fdfd-4313-8e9c-1e922f46ed4f,Rice,2,4.83,BUY_AGAIN
8a27105f-d9e0-49ad-84fc-41ff5c010769,53375854-801f-4fc4-9bca-a764bf6963fe,abf9c741-823f-4047-ae80-0254c25dfaf7,Banana,4,13.39,BUY_AGAIN
8a27105f-d9e0-49ad-84fc-41ff5c010769,0f39696d-33be-4ab3-98ce-dfbfa4d9b7e5,0ea55d0f-d8b6-4cb1-9303-1c884505a25a,Papaya,4,10.99,BUY_AGAIN
8a27105f-d9e0-49ad-84fc-41ff5c010769,7a7c4c3b-cbaa-425a-94c8-f3bcd4fe371d,f1ad8b2f-18d6-4dff-a217-b1353e48b40d,Pomegranate,4,13.96,BUY_AGAIN
8a27105f-d9e0-49ad-84fc-41ff5c010769,f2ae0ff7-611d-4a23-b1ee-97688a2701e7,68333e4b-e52f-429e-9139-07cc61dc5eb0,Cabbage,1,2.59,BUY_AGAIN
8a27105f-d9e0-49ad-84fc-41ff5c010769,bf9e355c-e1c9-428e-906d-8e9a455ce885,abef6b46-97a3-4d47-847a-0a058895e915,Tomato,1,1.11,BUY_AGAIN
8a27105f-d9e0-49ad-84fc-41ff5c010769,fc99c491-28ac-40fc-bd3b-edf6d3a3588b,d98d579c-c9b5-454e-8a92-971240c312eb,Onion,1,1.98,BUY_AGAIN
8a27105f-d9e0-49ad-84fc-41ff5c010769,f23a48e4-f663-406f-9b04-9f6835aaa9f4,6bd8ceef-eebc-4d0b-8d12-2dd14c109468,Ginger,1,1.58,BUY_AGAIN
8a27105f-d9e0-49ad-84fc-41ff5c010769,f001e0a4-8020-4880-8626-0a0c1e822852,6276a613-f3d1-4ca2-b763-bcc62ebbb363,Garlic,1,2.93,BUY_AGAIN
8a27105f-d9e0-49ad-84fc-41ff5c010769,c6914581-923c-445a-9f9c-eaf0ec5a2c33,ef45df06-ae20-45cb-9c78-f423589fe7a0,Coriander,1,1.38,BUY_AGAIN
8a27105f-d9e0-49ad-84fc-41ff5c010769,ffcbe3ac-c1c6-4338-b2aa-421e7396924a,c7ebf4b8-4f50-4c0a-9816-6a6769943bce,Green Capsicum,1,3.51,BUY_AGAIN
73f3bb61-7aac-49e3-af05-f2dd383f2102,bf9e355c-e1c9-428e-906d-8e9a455ce885,abef6b46-97a3-4d47-847a-0a058895e915,Tomato,3,9.66,BUY_AGAIN
73f3bb61-7aac-49e3-af05-f2dd383f2102,39dac036-1cbb-41e3-9550-b0ec6a31b6eb,178c56a4-1347-43a1-9c70-b8ad4e14aebd,Palak,3,6.210000000000001,BUY_AGAIN
73f3bb61-7aac-49e3-af05-f2dd383f2102,6fcc34f9-1490-4c70-ae89-f338a3157ec6,59533992-5f56-4fd7-aafc-039199e5d9d6,Carrot,3,10.53,BUY_AGAIN
73f3bb61-7aac-49e3-af05-f2dd383f2102,3a34d1a4-8f79-4d3b-8d81-bb5fd72a1b3a,3c31fec3-4390-4ed9-99ac-e13a88d60684,Ragi,1,2.33,BUY_AGAIN
73f3bb61-7aac-49e3-af05-f2dd383f2102,f23a48e4-f663-406f-9b04-9f6835aaa9f4,6bd8ceef-eebc-4d0b-8d12-2dd14c109468,Ginger,1,2.42,BUY_AGAIN
73f3bb61-7aac-49e3-af05-f2dd383f2102,f001e0a4-8020-4880-8626-0a0c1e822852,6276a613-f3d1-4ca2-b763-bcc62ebbb363,Garlic,1,1.36,BUY_AGAIN
73f3bb61-7aac-49e3-af05-f2dd383f2102,26aee757-06a2-4ead-ab16-d1e71fd68f1b,653ff738-2173-4c0d-9619-2be06db39e8c,Green Chilli,1,4.94,BUY_AGAIN
73f3bb61-7aac-49e3-af05-f2dd383f2102,c6914581-923c-445a-9f9c-eaf0ec5a2c33,ef45df06-ae20-45cb-9c78-f423589fe7a0,Coriander,1,2.05,BUY_AGAIN
a48897e5-afe2-4878-9f39-28e08c18ddcb,f23a48e4-f663-406f-9b04-9f6835aaa9f4,6bd8ceef-eebc-4d0b-8d12-2dd14c109468,Ginger,5,18.53,BUY_AGAIN
a48897e5-afe2-4878-9f39-28e08c18ddcb,f001e0a4-8020-4880-8626-0a0c1e822852,6276a613-f3d1-4ca2-b763-bcc62ebbb363,Garlic,5,16.96,BUY_AGAIN
a48897e5-afe2-4878-9f39-28e08c18ddcb,26aee757-06a2-4ead-ab16-d1e71fd68f1b,653ff738-2173-4c0d-9619-2be06db39e8c,Green Chilli,5,15.190000000000001,BUY_AGAIN
a48897e5-afe2-4878-9f39-28e08c18ddcb,c6914581-923c-445a-9f9c-eaf0ec5a2c33,ef45df06-ae20-45cb-9c78-f423589fe7a0,Coriander,5,12.430000000000001,BUY_AGAIN
a48897e5-afe2-4878-9f39-28e08c18ddcb,3a34d1a4-8f79-4d3b-8d81-bb5fd72a1b3a,3c31fec3-4390-4ed9-99ac-e13a88d60684,Ragi,2,6.92,BUY_AGAIN
a48897e5-afe2-4878-9f39-28e08c18ddcb,4db9e4de-ce3d-41d7-bdf4-3931e7243df5,ac8068c4-442e-467b-90c9-366eb7fc7bba,Grapes,1,2.51,BUY_AGAIN
74293659-a2ab-4c3c-8f72-343b020d30cd,bf9e355c-e1c9-428e-906d-8e9a455ce885,abef6b46-97a3-4d47-847a-0a058895e915,Tomato,4,11.63,BUY_AGAIN
74293659-a2ab-4c3c-8f72-343b020d30cd,fc99c491-28ac-40fc-bd3b-edf6d3a3588b,d98d579c-c9b5-454e-8a92-971240c312eb,Onion,4,9.52,BUY_AGAIN
74293659-a2ab-4c3c-8f72-343b020d30cd,798ae4e6-fad9-4806-8971-c892a9483220,2f6f3a77-07d3-4a5d-9422-277b8cb53de2,Potato,3,9.07,BUY_AGAIN
74293659-a2ab-4c3c-8f72-343b020d30cd,26aee757-06a2-4ead-ab16-d1e71fd68f1b,653ff738-2173-4c0d-9619-2be06db39e8c,Green Chilli,1,3.15,BUY_AGAIN
74293659-a2ab-4c3c-8f72-343b020d30cd,c6914581-923c-445a-9f9c-eaf0ec5a2c33,ef45df06-ae20-45cb-9c78-f423589fe7a0,Coriander,1,1.57,BUY_AGAIN
4389ea33-33a4-4982-a079-831f1db05fe0,bf9e355c-e1c9-428e-906d-8e9a455ce885,abef6b46-97a3-4d47-847a-0a058895e915,Tomato,4,12.809999999999999,BUY_AGAIN
4389ea33-33a4-4982-a079-831f1db05fe0,fc99c491-28ac-40fc-bd3b-edf6d3a3588b,d98d579c-c9b5-454e-8a92-971240c312eb,Onion,4,10.209999999999999,BUY_AGAIN
4389ea33-33a4-4982-a079-831f1db05fe0,26aee757-06a2-4ead-ab16-d1e71fd68f1b,653ff738-2173-4c0d-9619-2be06db39e8c,Green Chilli,4,9.63,BUY_AGAIN
4389ea33-33a4-4982-a079-831f1db05fe0,c6914581-923c-445a-9f9c-eaf0ec5a2c33,ef45df06-ae20-45cb-9c78-f423589fe7a0,Coriander,4,8.04,BUY_AGAIN
4389ea33-33a4-4982-a079-831f1db05fe0,6e117cbd-35bc-431a-a87b-ec32590c8c57,7324117d-fdfd-4313-8e9c-1e922f46ed4f,Rice,1,3.84,BUY_AGAIN
cb2e8316-e933-46d4-bc5c-faec0025b694,39dac036-1cbb-41e3-9550-b0ec6a31b6eb,178c56a4-1347-43a1-9c70-b8ad4e14aebd,Palak,4,6.950000000000001,BUY_AGAIN
cb2e8316-e933-46d4-bc5c-faec0025b694,6fcc34f9-1490-4c70-ae89-f338a3157ec6,59533992-5f56-4fd7-aafc-039199e5d9d6,Carrot,4,15.189999999999998,BUY_AGAIN
cb2e8316-e933-46d4-bc5c-faec0025b694,53375854-801f-4fc4-9bca-a764bf6963fe,abf9c741-823f-4047-ae80-0254c25dfaf7,Banana,4,11.71,BUY_AGAIN
cb2e8316-e933-46d4-bc5c-faec0025b694,6e117cbd-35bc-431a-a87b-ec32590c8c57,7324117d-fdfd-4313-8e9c-1e922f46ed4f,Rice,1,3.7,BUY_AGAIN
cb2e8316-e933-46d4-bc5c-faec0025b694,f2ae0ff7-611d-4a23-b1ee-97688a2701e7,68333e4b-e52f-429e-9139-07cc61dc5eb0,Cabbage,1,4.6,BUY_AGAIN
2bb1023a-5b81-4303-93bc-cb12a3d235c1,bf9e355c-e1c9-428e-906d-8e9a455ce885,abef6b46-97a3-4d47-847a-0a058895e915,Tomato,3,9.52,BUY_AGAIN
2bb1023a-5b81-4303-93bc-cb12a3d235c1,fc99c491-28ac-40fc-bd3b-edf6d3a3588b,d98d579c-c9b5-454e-8a92-971240c312eb,Onion,3,9.32,BUY_AGAIN
2bb1023a-5b81-4303-93bc-cb12a3d235c1,f23a48e4-f663-406f-9b04-9f6835aaa9f4,6bd8ceef-eebc-4d0b-8d12-2dd14c109468,Ginger,3,12.91,BUY_AGAIN
2bb1023a-5b81-4303-93bc-cb12a3d235c1,f001e0a4-8020-4880-8626-0a0c1e822852,6276a613-f3d1-4ca2-b763-bcc62ebbb363,Garlic,3,8.89,BUY_AGAIN
2bb1023a-5b81-4303-93bc-cb12a3d235c1,c6914581-923c-445a-9f9c-eaf0ec5a2c33,ef45df06-ae20-45cb-9c78-f423589fe7a0,Coriander,3,5.960000000000001,BUY_AGAIN
2bb1023a-5b81-4303-93bc-cb12a3d235c1,4db9e4de-ce3d-41d7-bdf4-3931e7243df5,ac8068c4-442e-467b-90c9-366eb7fc7bba,Grapes,2,8.45,BUY_AGAIN
2bb1023a-5b81-4303-93bc-cb12a3d235c1,f2ae0ff7-611d-4a23-b1ee-97688a2701e7,68333e4b-e52f-429e-9139-07cc61dc5eb0,Cabbage,1,2.63,BUY_AGAIN
2bb1023a-5b81-4303-93bc-cb12a3d235c1,53375854-801f-4fc4-9bca-a764bf6963fe,abf9c741-823f-4047-ae80-0254c25dfaf7,Banana,1,1.02,BUY_AGAIN
2bb1023a-5b81-4303-93bc-cb12a3d235c1,0f39696d-33be-4ab3-98ce-dfbfa4d9b7e5,0ea55d0f-d8b6-4cb1-9303-1c884505a25a,Papaya,1,1.84,BUY_AGAIN
2bb1023a-5b81-4303-93bc-cb12a3d235c1,7a7c4c3b-cbaa-425a-94c8-f3bcd4fe371d,f1ad8b2f-18d6-4dff-a217-b1353e48b40d,Pomegranate,1,2.28,BUY_AGAIN
2bb1023a-5b81-4303-93bc-cb12a3d235c1,6e117cbd-35bc-431a-a87b-ec32590c8c57,7324117d-fdfd-4313-8e9c-1e922f46ed4f,Rice,1,3.83,BUY_AGAIN
980bcd07-414b-453e-9d08-9192eb3691d7,798ae4e6-fad9-4806-8971-c892a9483220,2f6f3a77-07d3-4a5d-9422-277b8cb53de2,Potato,3,8.8,BUY_AGAIN
980bcd07-414b-453e-9d08-9192eb3691d7,fc99c491-28ac-40fc-bd3b-edf6d3a3588b,d98d579c-c9b5-454e-8a92-971240c312eb,Onion,3,12.33,BUY_AGAIN
980bcd07-414b-453e-9d08-9192eb3691d7,bf9e355c-e1c9-428e-906d-8e9a455ce885,abef6b46-97a3-4d47-847a-0a058895e915,Tomato,3,8.19,BUY_AGAIN
980bcd07-414b-453e-9d08-9192eb3691d7,6fcc34f9-1490-4c70-ae89-f338a3157ec6,59533992-5f56-4fd7-aafc-039199e5d9d6,Carrot,3,5.949999999999999,BUY_AGAIN
980bcd07-414b-453e-9d08-9192eb3691d7,90c03401-3bc8-4be4-a348-da1419ba95ab,55048485-b49a-41a8-831b-42e14f8ce5f9,Green Peas,3,7.6,BUY_AGAIN
96ff7a29-0702-4bf2-a51e-c30b5063cf7e,53375854-801f-4fc4-9bca-a764bf6963fe,abf9c741-823f-4047-ae80-0254c25dfaf7,Banana,4,16.41,BUY_AGAIN
96ff7a29-0702-4bf2-a51e-c30b5063cf7e,0f39696d-33be-4ab3-98ce-dfbfa4d9b7e5,0ea55d0f-d8b6-4cb1-9303-1c884505a25a,Papaya,4,14.74,BUY_AGAIN
96ff7a29-0702-4bf2-a51e-c30b5063cf7e,7a7c4c3b-cbaa-425a-94c8-f3bcd4fe371d,f1ad8b2f-18d6-4dff-a217-b1353e48b40d,Pomegranate,4,13.08,BUY_AGAIN
96ff7a29-0702-4bf2-a51e-c30b5063cf7e,f23a48e4-f663-406f-9b04-9f6835aaa9f4,6bd8ceef-eebc-4d0b-8d12-2dd14c109468,Ginger,2,6.29,BUY_AGAIN
96ff7a29-0702-4bf2-a51e-c30b5063cf7e,f001e0a4-8020-4880-8626-0a0c1e822852,6276a613-f3d1-4ca2-b763-bcc62ebbb363,Garlic,2,4.87,BUY_AGAIN
96ff7a29-0702-4bf2-a51e-c30b5063cf7e,26aee757-06a2-4ead-ab16-d1e71fd68f1b,653ff738-2173-4c0d-9619-2be06db39e8c,Green Chilli,2,4.49,BUY_AGAIN
96ff7a29-0702-4bf2-a51e-c30b5063cf7e,c6914581-923c-445a-9f9c-eaf0ec5a2c33,ef45df06-ae20-45cb-9c78-f423589fe7a0,Coriander,2,4.98,BUY_AGAIN
96ff7a29-0702-4bf2-a51e-c30b5063cf7e,4db9e4de-ce3d-41d7-bdf4-3931e7243df5,ac8068c4-442e-467b-90c9-366eb7fc7bba,Grapes,1,4.13,BUY_AGAIN
96ff7a29-0702-4bf2-a51e-c30b5063cf7e,3a34d1a4-8f79-4d3b-8d81-bb5fd72a1b3a,3c31fec3-4390-4ed9-99ac-e13a88d60684,Ragi,1,2.89,BUY_AGAIN
96ff7a29-0702-4bf2-a51e-c30b5063cf7e,f2ae0ff7-611d-4a23-b1ee-97688a2701e7,68333e4b-e52f-429e-9139-07cc61dc5eb0,Cabbage,1,2.13,BUY_AGAIN
96ff7a29-0702-4bf2-a51e-c30b5063cf7e,43d6910f-14b0-4fa4-8763-100d2a5ef4f5,b64ca3f8-fd63-4652-b8ab-d082ef554f58,Mint,1,1.57,BUY_AGAIN
a2b79504-3575-4d94-9af6-c8b119b11e3c,bf9e355c-e1c9-428e-906d-8e9a455ce885,abef6b46-97a3-4d47-847a-0a058895e915,Tomato,5,12.620000000000001,BUY_AGAIN
a2b79504-3575-4d94-9af6-c8b119b11e3c,39dac036-1cbb-41e3-9550-b0ec6a31b6eb,178c56a4-1347-43a1-9c70-b8ad4e14aebd,Palak,5,8.59,BUY_AGAIN
a2b79504-3575-4d94-9af6-c8b119b11e3c,6fcc34f9-1490-4c70-ae89-f338a3157ec6,59533992-5f56-4fd7-aafc-039199e5d9d6,Carrot,5,10.96,BUY_AGAIN
d3decbad-0acb-4217-99cd-e65ee1a9a9d3,bf9e355c-e1c9-428e-906d-8e9a455ce885,abef6b46-97a3-4d47-847a-0a058895e915,Tomato,2,4.03,BUY_AGAIN
d3decbad-0acb-4217-99cd-e65ee1a9a9d3,39dac036-1cbb-41e3-9550-b0ec6a31b6eb,178c56a4-1347-43a1-9c70-b8ad4e14aebd,Palak,2,3.68,BUY_AGAIN
d3decbad-0acb-4217-99cd-e65ee1a9a9d3,6fcc34f9-1490-4c70-ae89-f338a3157ec6,59533992-5f56-4fd7-aafc-039199e5d9d6,Carrot,2,8.3,BUY_AGAIN
d3decbad-0acb-4217-99cd-e65ee1a9a9d3,f23a48e4-f663-406f-9b04-9f6835aaa9f4,6bd8ceef-eebc-4d0b-8d12-2dd14c109468,Ginger,3,7.12,BUY_AGAIN
d3decbad-0acb-4217-99cd-e65ee1a9a9d3,f001e0a4-8020-4880-8626-0a0c1e822852,6276a613-f3d1-4ca2-b763-bcc62ebbb363,Garlic,3,11.36,BUY_AGAIN
d3decbad-0acb-4217-99cd-e65ee1a9a9d3,26aee757-06a2-4ead-ab16-d1e71fd68f1b,653ff738-2173-4c0d-9619-2be06db39e8c,Green Chilli,3,7.380000000000001,BUY_AGAIN
d3decbad-0acb-4217-99cd-e65ee1a9a9d3,c6914581-923c-445a-9f9c-eaf0ec5a2c33,ef45df06-ae20-45cb-9c78-f423589fe7a0,Coriander,3,6.7299999999999995,BUY_AGAIN
d3decbad-0acb-4217-99cd-e65ee1a9a9d3,43d6910f-14b0-4fa4-8763-100d2a5ef4f5,b64ca3f8-fd63-4652-b8ab-d082ef554f58,Mint,1,1.13,BUY_AGAIN
ef4899c4-bfed-4167-8c46-2982a90da36a,bf9e355c-e1c9-428e-906d-8e9a455ce885,abef6b46-97a3-4d47-847a-0a058895e915,Tomato,6,16.16,BUY_AGAIN
ef4899c4-bfed-4167-8c46-2982a90da36a,fc99c491-28ac-40fc-bd3b-edf6d3a3588b,d98d579c-c9b5-454e-8a92-971240c312eb,Onion,6,19.78,BUY_AGAIN
ef4899c4-bfed-4167-8c46-2982a90da36a,26aee757-06a2-4ead-ab16-d1e71fd68f1b,653ff738-2173-4c0d-9619-2be06db39e8c,Green Chilli,4,12.770000000000001,BUY_AGAIN
ef4899c4-bfed-4167-8c46-2982a90da36a,c6914581-923c-445a-9f9c-eaf0ec5a2c33,ef45df06-ae20-45cb-9c78-f423589fe7a0,Coriander,4,7.879999999999999,BUY_AGAIN
ef4899c4-bfed-4167-8c46-2982a90da36a,798ae4e6-fad9-4806-8971-c892a9483220,2f6f3a77-07d3-4a5d-9422-277b8cb53de2,Potato,2,6.9399999999999995,BUY_AGAIN
ef4899c4-bfed-4167-8c46-2982a90da36a,6e117cbd-35bc-431a-a87b-ec32590c8c57,7324117d-fdfd-4313-8e9c-1e922f46ed4f,Rice,1,3.0,BUY_AGAIN
c6c9aed7-1f10-439d-88ec-8f5b1b4f748f,bf9e355c-e1c9-428e-906d-8e9a455ce885,abef6b46-97a3-4d47-847a-0a058895e915,Tomato,5,15.990000000000002,BUY_AGAIN
c6c9aed7-1f10-439d-88ec-8f5b1b4f748f,fc99c491-28ac-40fc-bd3b-edf6d3a3588b,d98d579c-c9b5-454e-8a92-971240c312eb,Onion,5,13.12,BUY_AGAIN
c6c9aed7-1f10-439d-88ec-8f5b1b4f748f,26aee757-06a2-4ead-ab16-d1e71fd68f1b,653ff738-2173-4c0d-9619-2be06db39e8c,Green Chilli,4,10.469999999999999,BUY_AGAIN
c6c9aed7-1f10-439d-88ec-8f5b1b4f748f,c6914581-923c-445a-9f9c-eaf0ec5a2c33,ef45df06-ae20-45cb-9c78-f423589fe7a0,Coriander,4,8.59,BUY_AGAIN
c6c9aed7-1f10-439d-88ec-8f5b1b4f748f,6e117cbd-35bc-431a-a87b-ec32590c8c57,7324117d-fdfd-4313-8e9c-1e922f46ed4f,Rice,1,3.03,BUY_AGAIN
c6c9aed7-1f10-439d-88ec-8f5b1b4f748f,ffcbe3ac-c1c6-4338-b2aa-421e7396924a,c7ebf4b8-4f50-4c0a-9816-6a6769943bce,Green Capsicum,1,3.34,BUY_AGAIN
c6c9aed7-1f10-439d-88ec-8f5b1b4f748f,798ae4e6-fad9-4806-8971-c892a9483220,2f6f3a77-07d3-4a5d-9422-277b8cb53de2,Potato,1,2.91,BUY_AGAIN
c6c9aed7-1f10-439d-88ec-8f5b1b4f748f,4db9e4de-ce3d-41d7-bdf4-3931e7243df5,ac8068c4-442e-467b-90c9-366eb7fc7bba,Grapes,1,3.26,BUY_AGAIN
fc58c463-84fd-4548-9e91-513ebe48d753,39dac036-1cbb-41e3-9550-b0ec6a31b6eb,178c56a4-1347-43a1-9c70-b8ad4e14aebd,Palak,6,13.64,BUY_AGAIN
fc58c463-84fd-4548-9e91-513ebe48d753,6fcc34f9-1490-4c70-ae89-f338a3157ec6,59533992-5f56-4fd7-aafc-039199e5d9d6,Carrot,6,15.550000000000002,BUY_AGAIN
fc58c463-84fd-4548-9e91-513ebe48d753,53375854-801f-4fc4-9bca-a764bf6963fe,abf9c741-823f-4047-ae80-0254c25dfaf7,Banana,5,17.89,BUY_AGAIN
fc58c463-84fd-4548-9e91-513ebe48d753,f2ae0ff7-611d-4a23-b1ee-97688a2701e7,68333e4b-e52f-429e-9139-07cc61dc5eb0,Cabbage,1,4.19,BUY_AGAIN
fc58c463-84fd-4548-9e91-513ebe48d753,bf9e355c-e1c9-428e-906d-8e9a455ce885,abef6b46-97a3-4d47-847a-0a058895e915,Tomato,1,2.06,BUY_AGAIN
fc58c463-84fd-4548-9e91-513ebe48d753,4db9e4de-ce3d-41d7-bdf4-3931e7243df5,ac8068c4-442e-467b-90c9-366eb7fc7bba,Grapes,1,1.16,BUY_AGAIN
f4dee32c-e6d8-4c67-95a9-f63a4e41f5e8,bf9e355c-e1c9-428e-906d-8e9a455ce885,abef6b46-97a3-4d47-847a-0a058895e915,Tomato,4,13.270000000000001,BUY_AGAIN
f4dee32c-e6d8-4c67-95a9-f63a4e41f5e8,39dac036-1cbb-41e3-9550-b0ec6a31b6eb,178c56a4-1347-43a1-9c70-b8ad4e14aebd,Palak,2,3.71,BUY_AGAIN
f4dee32c-e6d8-4c67-95a9-f63a4e41f5e8,6fcc34f9-1490-4c70-ae89-f338a3157ec6,59533992-5f56-4fd7-aafc-039199e5d9d6,Carrot,2,8.61,BUY_AGAIN
f4dee32c-e6d8-4c67-95a9-f63a4e41f5e8,fc99c491-28ac-40fc-bd3b-edf6d3a3588b,d98d579c-c9b5-454e-8a92-971240c312eb,Onion,2,6.0600000000000005,BUY_AGAIN
f4dee32c-e6d8-4c67-95a9-f63a4e41f5e8,f23a48e4-f663-406f-9b04-9f6835aaa9f4,6bd8ceef-eebc-4d0b-8d12-2dd14c109468,Ginger,2,4.25,BUY_AGAIN
f4dee32c-e6d8-4c67-95a9-f63a4e41f5e8,f001e0a4-8020-4880-8626-0a0c1e822852,6276a613-f3d1-4ca2-b763-bcc62ebbb363,Garlic,2,9.02,BUY_AGAIN
f4dee32c-e6d8-4c67-95a9-f63a4e41f5e8,c6914581-923c-445a-9f9c-eaf0ec5a2c33,ef45df06-ae20-45cb-9c78-f423589fe7a0,Coriander,2,4.07,BUY_AGAIN
f4dee32c-e6d8-4c67-95a9-f63a4e41f5e8,6e117cbd-35bc-431a-a87b-ec32590c8c57,7324117d-fdfd-4313-8e9c-1e922f46ed4f,Rice,1,1.83,BUY_AGAIN
fc932934-07d4-4feb-bf60-af1355a4a785,798ae4e6-fad9-4806-8971-c892a9483220,2f6f3a77-07d3-4a5d-9422-277b8cb53de2,Potato,3,6.9399999999999995,BUY_AGAIN
fc932934-07d4-4feb-bf60-af1355a4a785,fc99c491-28ac-40fc-bd3b-edf6d3a3588b,d98d579c-c9b5-454e-8a92-971240c312eb,Onion,3,10.719999999999999,BUY_AGAIN
fc932934-07d4-4feb-bf60-af1355a4a785,bf9e355c-e1c9-428e-906d-8e9a455ce885,abef6b46-97a3-4d47-847a-0a058895e915,Tomato,3,7.92,BUY_AGAIN
fc932934-07d4-4feb-bf60-af1355a4a785,6fcc34f9-1490-4c70-ae89-f338a3157ec6,59533992-5f56-4fd7-aafc-039199e5d9d6,Carrot,4,8.129999999999999,BUY_AGAIN
fc932934-07d4-4feb-bf60-af1355a4a785,90c03401-3bc8-4be4-a348-da1419ba95ab,55048485-b49a-41a8-831b-42e14f8ce5f9,Green Peas,3,7.67,BUY_AGAIN
fc932934-07d4-4feb-bf60-af1355a4a785,39dac036-1cbb-41e3-9550-b0ec6a31b6eb,178c56a4-1347-43a1-9c70-b8ad4e14aebd,Palak,1,1.92,BUY_AGAIN
fc932934-07d4-4feb-bf60-af1355a4a785,53375854-801f-4fc4-9bca-a764bf6963fe,abf9c741-823f-4047-ae80-0254c25dfaf7,Banana,1,4.85,BUY_AGAIN
fc932934-07d4-4feb-bf60-af1355a4a785,3a34d1a4-8f79-4d3b-8d81-bb5fd72a1b3a,3c31fec3-4390-4ed9-99ac-e13a88d60684,Ragi,1,4.01,BUY_AGAIN
f308caa4-09a7-467f-8beb-1b6ccce38d25,bf9e355c-e1c9-428e-906d-8e9a455ce885,abef6b46-97a3-4d47-847a-0a058895e915,Tomato,1,4.62,BUY_AGAIN
f308caa4-09a7-467f-8beb-1b6ccce38d25,39dac036-1cbb-41e3-9550-b0ec6a31b6eb,178c56a4-1347-43a1-9c70-b8ad4e14aebd,Palak,1,1.63,BUY_AGAIN
f308caa4-09a7-467f-8beb-1b6ccce38d25,6fcc34f9-1490-4c70-ae89-f338a3157ec6,59533992-5f56-4fd7-aafc-039199e5d9d6,Carrot,1,1.86,BUY_AGAIN
f308caa4-09a7-467f-8beb-1b6ccce38d25,3a34d1a4-8f79-4d3b-8d81-bb5fd72a1b3a,3c31fec3-4390-4ed9-99ac-e13a88d60684,Ragi,1,4.46,BUY_AGAIN
f308caa4-09a7-467f-8beb-1b6ccce38d25,53375854-801f-4fc4-9bca-a764bf6963fe,abf9c741-823f-4047-ae80-0254c25dfaf7,Banana,3,7.16,BUY_AGAIN
f308caa4-09a7-467f-8beb-1b6ccce38d25,0f39696d-33be-4ab3-98ce-dfbfa4d9b7e5,0ea55d0f-d8b6-4cb1-9303-1c884505a25a,Papaya,3,6.8,BUY_AGAIN
f308caa4-09a7-467f-8beb-1b6ccce38d25,7a7c4c3b-cbaa-425a-94c8-f3bcd4fe371d,f1ad8b2f-18d6-4dff-a217-b1353e48b40d,Pomegranate,3,10.49,BUY_AGAIN
06cbec87-9334-4ba7-98dd-3153ec769b66,bf9e355c-e1c9-428e-906d-8e9a455ce885,abef6b46-97a3-4d47-847a-0a058895e915,Tomato,6,19.240000000000002,BUY_AGAIN
06cbec87-9334-4ba7-98dd-3153ec769b66,fc99c491-28ac-40fc-bd3b-edf6d3a3588b,d98d579c-c9b5-454e-8a92-971240c312eb,Onion,1,2.32,BUY_AGAIN
06cbec87-9334-4ba7-98dd-3153ec769b66,798ae4e6-fad9-4806-8971-c892a9483220,2f6f3a77-07d3-4a5d-9422-277b8cb53de2,Potato,1,1.58,BUY_AGAIN
06cbec87-9334-4ba7-98dd-3153ec769b66,39dac036-1cbb-41e3-9550-b0ec6a31b6eb,178c56a4-1347-43a1-9c70-b8ad4e14aebd,Palak,5,9.23,BUY_AGAIN
06cbec87-9334-4ba7-98dd-3153ec769b66,6fcc34f9-1490-4c70-ae89-f338a3157ec6,59533992-5f56-4fd7-aafc-039199e5d9d6,Carrot,5,21.2,BUY_AGAIN
06cbec87-9334-4ba7-98dd-3153ec769b66,43d6910f-14b0-4fa4-8763-100d2a5ef4f5,b64ca3f8-fd63-4652-b8ab-d082ef554f58,Mint,1,2.57,BUY_AGAIN
06cbec87-9334-4ba7-98dd-3153ec769b66,3a34d1a4-8f79-4d3b-8d81-bb5fd72a1b3a,3c31fec3-4390-4ed9-99ac-e13a88d60684,Ragi,1,2.65,BUY_AGAIN
6b34b498-54a0-4051-903e-b9197aa9de94,f23a48e4-f663-406f-9b04-9f6835aaa9f4,6bd8ceef-eebc-4d0b-8d12-2dd14c109468,Ginger,4,11.21,BUY_AGAIN
6b34b498-54a0-4051-903e-b9197aa9de94,f001e0a4-8020-4880-8626-0a0c1e822852,6276a613-f3d1-4ca2-b763-bcc62ebbb363,Garlic,4,13.79,BUY_AGAIN
6b34b498-54a0-4051-903e-b9197aa9de94,26aee757-06a2-4ead-ab16-d1e71fd68f1b,653ff738-2173-4c0d-9619-2be06db39e8c,Green Chilli,4,13.030000000000001,BUY_AGAIN
6b34b498-54a0-4051-903e-b9197aa9de94,c6914581-923c-445a-9f9c-eaf0ec5a2c33,ef45df06-ae20-45cb-9c78-f423589fe7a0,Coriander,4,8.25,BUY_AGAIN
6b34b498-54a0-4051-903e-b9197aa9de94,43d6910f-14b0-4fa4-8763-100d2a5ef4f5,b64ca3f8-fd63-4652-b8ab-d082ef554f58,Mint,2,3.71,BUY_AGAIN
6b34b498-54a0-4051-903e-b9197aa9de94,bf9e355c-e1c9-428e-906d-8e9a455ce885,abef6b46-97a3-4d47-847a-0a058895e915,Tomato,1,4.63,BUY_AGAIN
6b34b498-54a0-4051-903e-b9197aa9de94,39dac036-1cbb-41e3-9550-b0ec6a31b6eb,178c56a4-1347-43a1-9c70-b8ad4e14aebd,Palak,1,2.26,BUY_AGAIN
6b34b498-54a0-4051-903e-b9197aa9de94,6fcc34f9-1490-4c70-ae89-f338a3157ec6,59533992-5f56-4fd7-aafc-039199e5d9d6,Carrot,1,2.35,BUY_AGAIN
bcfcf609-ddfe-447a-98fc-c66e9233f0b4,bf9e355c-e1c9-428e-906d-8e9a455ce885,abef6b46-97a3-4d47-847a-0a058895e915,Tomato,3,5.890000000000001,BUY_AGAIN
bcfcf609-ddfe-447a-98fc-c66e9233f0b4,fc99c491-28ac-40fc-bd3b-edf6d3a3588b,d98d579c-c9b5-454e-8a92-971240c312eb,Onion,3,8.78,BUY_AGAIN
bcfcf609-ddfe-447a-98fc-c66e9233f0b4,798ae4e6-fad9-4806-8971-c892a9483220,2f6f3a77-07d3-4a5d-9422-277b8cb53de2,Potato,3,8.370000000000001,BUY_AGAIN
bcfcf609-ddfe-447a-98fc-c66e9233f0b4,39dac036-1cbb-41e3-9550-b0ec6a31b6eb,178c56a4-1347-43a1-9c70-b8ad4e14aebd,Palak,1,2.07,BUY_AGAIN
bcfcf609-ddfe-447a-98fc-c66e9233f0b4,6fcc34f9-1490-4c70-ae89-f338a3157ec6,59533992-5f56-4fd7-aafc-039199e5d9d6,Carrot,1,4.7,BUY_AGAIN
bcfcf609-ddfe-447a-98fc-c66e9233f0b4,53375854-801f-4fc4-9bca-a764bf6963fe,abf9c741-823f-4047-ae80-0254c25dfaf7,Banana,1,3.18,BUY_AGAIN
98306353-57df-4dac-89d8-6435f4d3fb6a,bf9e355c-e1c9-428e-906d-8e9a455ce885,abef6b46-97a3-4d47-847a-0a058895e915,Tomato,3,5.890000000000001,BUY_AGAIN
98306353-57df-4dac-89d8-6435f4d3fb6a,39dac036-1cbb-41e3-9550-b0ec6a31b6eb,178c56a4-1347-43a1-9c70-b8ad4e14aebd,Palak,2,3.1399999999999997,BUY_AGAIN
98306353-57df-4dac-89d8-6435f4d3fb6a,6fcc34f9-1490-4c70-ae89-f338a3157ec6,59533992-5f56-4fd7-aafc-039199e5d9d6,Carrot,2,5.99,BUY_AGAIN
98306353-57df-4dac-89d8-6435f4d3fb6a,ffcbe3ac-c1c6-4338-b2aa-421e7396924a,c7ebf4b8-4f50-4c0a-9816-6a6769943bce,Green Capsicum,1,2.55,BUY_AGAIN
98306353-57df-4dac-89d8-6435f4d3fb6a,f2ae0ff7-611d-4a23-b1ee-97688a2701e7,68333e4b-e52f-429e-9139-07cc61dc5eb0,Cabbage,1,4.9,BUY_AGAIN
98306353-57df-4dac-89d8-6435f4d3fb6a,fc99c491-28ac-40fc-bd3b-edf6d3a3588b,d98d579c-c9b5-454e-8a92-971240c312eb,Onion,1,3.59,BUY_AGAIN
98306353-57df-4dac-89d8-6435f4d3fb6a,26aee757-06a2-4ead-ab16-d1e71fd68f1b,653ff738-2173-4c0d-9619-2be06db39e8c,Green Chilli,1,4.45,BUY_AGAIN
98306353-57df-4dac-89d8-6435f4d3fb6a,c6914581-923c-445a-9f9c-eaf0ec5a2c33,ef45df06-ae20-45cb-9c78-f423589fe7a0,Coriander,1,2.04,BUY_AGAIN
79543249-aeb7-447d-9725-94352e05d41c,39dac036-1cbb-41e3-9550-b0ec6a31b6eb,178c56a4-1347-43a1-9c70-b8ad4e14aebd,Palak,4,7.92,BUY_AGAIN
79543249-aeb7-447d-9725-94352e05d41c,6fcc34f9-1490-4c70-ae89-f338a3157ec6,59533992-5f56-4fd7-aafc-039199e5d9d6,Carrot,4,11.219999999999999,BUY_AGAIN
79543249-aeb7-447d-9725-94352e05d41c,53375854-801f-4fc4-9bca-a764bf6963fe,abf9c741-823f-4047-ae80-0254c25dfaf7,Banana,4,9.07,BUY_AGAIN
79543249-aeb7-447d-9725-94352e05d41c,bf9e355c-e1c9-428e-906d-8e9a455ce885,abef6b46-97a3-4d47-847a-0a058895e915,Tomato,1,2.63,BUY_AGAIN
79543249-aeb7-447d-9725-94352e05d41c,fc99c491-28ac-40fc-bd3b-edf6d3a3588b,d98d579c-c9b5-454e-8a92-971240c312eb,Onion,1,3.85,BUY_AGAIN
79543249-aeb7-447d-9725-94352e05d41c,26aee757-06a2-4ead-ab16-d1e71fd68f1b,653ff738-2173-4c0d-9619-2be06db39e8c,Green Chilli,1,3.4,BUY_AGAIN
79543249-aeb7-447d-9725-94352e05d41c,c6914581-923c-445a-9f9c-eaf0ec5a2c33,ef45df06-ae20-45cb-9c78-f423589fe7a0,Coriander,1,1.19,BUY_AGAIN
79543249-aeb7-447d-9725-94352e05d41c,3a34d1a4-8f79-4d3b-8d81-bb5fd72a1b3a,3c31fec3-4390-4ed9-99ac-e13a88d60684,Ragi,1,3.95,BUY_AGAIN
f527b464-7bb9-45da-bb4d-5aab19eb4f9a,bf9e355c-e1c9-428e-906d-8e9a455ce885,abef6b46-97a3-4d47-847a-0a058895e915,Tomato,5,12.76,BUY_AGAIN
f527b464-7bb9-45da-bb4d-5aab19eb4f9a,fc99c491-28ac-40fc-bd3b-edf6d3a3588b,d98d579c-c9b5-454e-8a92-971240c312eb,Onion,5,16.42,BUY_AGAIN
f527b464-7bb9-45da-bb4d-5aab19eb4f9a,f23a48e4-f663-406f-9b04-9f6835aaa9f4,6bd8ceef-eebc-4d0b-8d12-2dd14c109468,Ginger,4,9.14,BUY_AGAIN
f527b464-7bb9-45da-bb4d-5aab19eb4f9a,f001e0a4-8020-4880-8626-0a0c1e822852,6276a613-f3d1-4ca2-b763-bcc62ebbb363,Garlic,4,17.03,BUY_AGAIN
f527b464-7bb9-45da-bb4d-5aab19eb4f9a,c6914581-923c-445a-9f9c-eaf0ec5a2c33,ef45df06-ae20-45cb-9c78-f423589fe7a0,Coriander,4,7.829999999999999,BUY_AGAIN
f527b464-7bb9-45da-bb4d-5aab19eb4f9a,798ae4e6-fad9-4806-8971-c892a9483220,2f6f3a77-07d3-4a5d-9422-277b8cb53de2,Potato,1,1.01,BUY_AGAIN
43d36f77-a78c-4e8e-bc41-245cc7f02ef2,798ae4e6-fad9-4806-8971-c892a9483220,2f6f3a77-07d3-4a5d-9422-277b8cb53de2,Potato,2,4.91,BUY_AGAIN
43d36f77-a78c-4e8e-bc41-245cc7f02ef2,fc99c491-28ac-40fc-bd3b-edf6d3a3588b,d98d579c-c9b5-454e-8a92-971240c312eb,Onion,3,10.57,BUY_AGAIN
43d36f77-a78c-4e8e-bc41-245cc7f02ef2,bf9e355c-e1c9-428e-906d-8e9a455ce885,abef6b46-97a3-4d47-847a-0a058895e915,Tomato,3,8.23,BUY_AGAIN
43d36f77-a78c-4e8e-bc41-245cc7f02ef2,6fcc34f9-1490-4c70-ae89-f338a3157ec6,59533992-5f56-4fd7-aafc-039199e5d9d6,Carrot,2,2.86,BUY_AGAIN
43d36f77-a78c-4e8e-bc41-245cc7f02ef2,90c03401-3bc8-4be4-a348-da1419ba95ab,55048485-b49a-41a8-831b-42e14f8ce5f9,Green Peas,2,6.87,BUY_AGAIN
43d36f77-a78c-4e8e-bc41-245cc7f02ef2,6e117cbd-35bc-431a-a87b-ec32590c8c57,7324117d-fdfd-4313-8e9c-1e922f46ed4f,Rice,1,3.13,BUY_AGAIN
43d36f77-a78c-4e8e-bc41-245cc7f02ef2,f23a48e4-f663-406f-9b04-9f6835aaa9f4,6bd8ceef-eebc-4d0b-8d12-2dd14c109468,Ginger,1,4.55,BUY_AGAIN
43d36f77-a78c-4e8e-bc41-245cc7f02ef2,f001e0a4-8020-4880-8626-0a0c1e822852,6276a613-f3d1-4ca2-b763-bcc62ebbb363,Garlic,1,4.7,BUY_AGAIN
43d36f77-a78c-4e8e-bc41-245cc7f02ef2,c6914581-923c-445a-9f9c-eaf0ec5a2c33,ef45df06-ae20-45cb-9c78-f423589fe7a0,Coriander,1,2.39,BUY_AGAIN
dd14762c-0ed4-4d5f-aaf3-fded6c619888,798ae4e6-fad9-4806-8971-c892a9483220,2f6f3a77-07d3-4a5d-9422-277b8cb53de2,Potato,2,6.07,BUY_AGAIN
dd14762c-0ed4-4d5f-aaf3-fded6c619888,fc99c491-28ac-40fc-bd3b-edf6d3a3588b,d98d579c-c9b5-454e-8a92-971240c312eb,Onion,2,3.58,BUY_AGAIN
dd14762c-0ed4-4d5f-aaf3-fded6c619888,bf9e355c-e1c9-428e-906d-8e9a455ce885,abef6b46-97a3-4d47-847a-0a058895e915,Tomato,2,6.609999999999999,BUY_AGAIN
dd14762c-0ed4-4d5f-aaf3-fded6c619888,6fcc34f9-1490-4c70-ae89-f338a3157ec6,59533992-5f56-4fd7-aafc-039199e5d9d6,Carrot,2,7.07,BUY_AGAIN
dd14762c-0ed4-4d5f-aaf3-fded6c619888,90c03401-3bc8-4be4-a348-da1419ba95ab,55048485-b49a-41a8-831b-42e14f8ce5f9,Green Peas,2,5.970000000000001,BUY_AGAIN
dd14762c-0ed4-4d5f-aaf3-fded6c619888,53375854-801f-4fc4-9bca-a764bf6963fe,abf9c741-823f-4047-ae80-0254c25dfaf7,Banana,1,1.63,BUY_AGAIN
dd14762c-0ed4-4d5f-aaf3-fded6c619888,0f39696d-33be-4ab3-98ce-dfbfa4d9b7e5,0ea55d0f-d8b6-4cb1-9303-1c884505a25a,Papaya,1,1.43,BUY_AGAIN
dd14762c-0ed4-4d5f-aaf3-fded6c619888,7a7c4c3b-cbaa-425a-94c8-f3bcd4fe371d,f1ad8b2f-18d6-4dff-a217-b1353e48b40d,Pomegranate,1,3.85,BUY_AGAIN
dd14762c-0ed4-4d5f-aaf3-fded6c619888,ffcbe3ac-c1c6-4338-b2aa-421e7396924a,c7ebf4b8-4f50-4c0a-9816-6a6769943bce,Green Capsicum,1,4.8,BUY_AGAIN
5f4c1d64-d133-4c66-89bc-b35ad29e17b8,bf9e355c-e1c9-428e-906d-8e9a455ce885,abef6b46-97a3-4d47-847a-0a058895e915,Tomato,4,7.529999999999999,BUY_AGAIN
5f4c1d64-d133-4c66-89bc-b35ad29e17b8,39dac036-1cbb-41e3-9550-b0ec6a31b6eb,178c56a4-1347-43a1-9c70-b8ad4e14aebd,Palak,4,6.72,BUY_AGAIN
5f4c1d64-d133-4c66-89bc-b35ad29e17b8,6fcc34f9-1490-4c70-ae89-f338a3157ec6,59533992-5f56-4fd7-aafc-039199e5d9d6,Carrot,4,12.77,BUY_AGAIN
5f4c1d64-d133-4c66-89bc-b35ad29e17b8,ffcbe3ac-c1c6-4338-b2aa-421e7396924a,c7ebf4b8-4f50-4c0a-9816-6a6769943bce,Green Capsicum,1,4.4,BUY_AGAIN
5f4c1d64-d133-4c66-89bc-b35ad29e17b8,6e117cbd-35bc-431a-a87b-ec32590c8c57,7324117d-fdfd-4313-8e9c-1e922f46ed4f,Rice,1,4.03,BUY_AGAIN
4474409e-95f6-4e6c-b07f-8ea510b81e90,f23a48e4-f663-406f-9b04-9f6835aaa9f4,6bd8ceef-eebc-4d0b-8d12-2dd14c109468,Ginger,5,15.59,BUY_AGAIN
4474409e-95f6-4e6c-b07f-8ea510b81e90,f001e0a4-8020-4880-8626-0a0c1e822852,6276a613-f3d1-4ca2-b763-bcc62ebbb363,Garlic,5,14.84,BUY_AGAIN
4474409e-95f6-4e6c-b07f-8ea510b81e90,26aee757-06a2-4ead-ab16-d1e71fd68f1b,653ff738-2173-4c0d-9619-2be06db39e8c,Green Chilli,3,13.280000000000001,BUY_AGAIN
4474409e-95f6-4e6c-b07f-8ea510b81e90,c6914581-923c-445a-9f9c-eaf0ec5a2c33,ef45df06-ae20-45cb-9c78-f423589fe7a0,Coriander,5,9.93,BUY_AGAIN
4474409e-95f6-4e6c-b07f-8ea510b81e90,6e117cbd-35bc-431a-a87b-ec32590c8c57,7324117d-fdfd-4313-8e9c-1e922f46ed4f,Rice,2,5.9,BUY_AGAIN
4474409e-95f6-4e6c-b07f-8ea510b81e90,bf9e355c-e1c9-428e-906d-8e9a455ce885,abef6b46-97a3-4d47-847a-0a058895e915,Tomato,2,6.630000000000001,BUY_AGAIN
4474409e-95f6-4e6c-b07f-8ea510b81e90,fc99c491-28ac-40fc-bd3b-edf6d3a3588b,d98d579c-c9b5-454e-8a92-971240c312eb,Onion,2,7.94,BUY_AGAIN
4474409e-95f6-4e6c-b07f-8ea510b81e90,ffcbe3ac-c1c6-4338-b2aa-421e7396924a,c7ebf4b8-4f50-4c0a-9816-6a6769943bce,Green Capsicum,1,2.72,BUY_AGAIN
7f86a08d-6dd5-4fe9-9472-d02c920c1ff3,39dac036-1cbb-41e3-9550-b0ec6a31b6eb,178c56a4-1347-43a1-9c70-b8ad4e14aebd,Palak,3,6.53,BUY_AGAIN
7f86a08d-6dd5-4fe9-9472-d02c920c1ff3,6fcc34f9-1490-4c70-ae89-f338a3157ec6,59533992-5f56-4fd7-aafc-039199e5d9d6,Carrot,3,9.06,BUY_AGAIN
7f86a08d-6dd5-4fe9-9472-d02c920c1ff3,53375854-801f-4fc4-9bca-a764bf6963fe,abf9c741-823f-4047-ae80-0254c25dfaf7,Banana,3,8.360000000000001,BUY_AGAIN
7f86a08d-6dd5-4fe9-9472-d02c920c1ff3,6e117cbd-35bc-431a-a87b-ec32590c8c57,7324117d-fdfd-4313-8e9c-1e922f46ed4f,Rice,1,3.58,BUY_AGAIN
7f86a08d-6dd5-4fe9-9472-d02c920c1ff3,bf9e355c-e1c9-428e-906d-8e9a455ce885,abef6b46-97a3-4d47-847a-0a058895e915,Tomato,2,6.67,BUY_AGAIN
7f86a08d-6dd5-4fe9-9472-d02c920c1ff3,fc99c491-28ac-40fc-bd3b-edf6d3a3588b,d98d579c-c9b5-454e-8a92-971240c312eb,Onion,2,4.87,BUY_AGAIN
7f86a08d-6dd5-4fe9-9472-d02c920c1ff3,798ae4e6-fad9-4806-8971-c892a9483220,2f6f3a77-07d3-4a5d-9422-277b8cb53de2,Potato,2,8.58,BUY_AGAIN
7f86a08d-6dd5-4fe9-9472-d02c920c1ff3,f2ae0ff7-611d-4a23-b1ee-97688a2701e7,68333e4b-e52f-429e-9139-07cc61dc5eb0,Cabbage,1,1.95,BUY_AGAIN
70891974-6c4a-456b-a56c-3684d6d94556,bf9e355c-e1c9-428e-906d-8e9a455ce885,abef6b46-97a3-4d47-847a-0a058895e915,Tomato,2,8.120000000000001,BUY_AGAIN
70891974-6c4a-456b-a56c-3684d6d94556,fc99c491-28ac-40fc-bd3b-edf6d3a3588b,d98d579c-c9b5-454e-8a92-971240c312eb,Onion,2,6.43,BUY_AGAIN
70891974-6c4a-456b-a56c-3684d6d94556,26aee757-06a2-4ead-ab16-d1e71fd68f1b,653ff738-2173-4c0d-9619-2be06db39e8c,Green Chilli,2,3.59,BUY_AGAIN
70891974-6c4a-456b-a56c-3684d6d94556,c6914581-923c-445a-9f9c-eaf0ec5a2c33,ef45df06-ae20-45cb-9c78-f423589fe7a0,Coriander,2,4.4,BUY_AGAIN
70891974-6c4a-456b-a56c-3684d6d94556,43d6910f-14b0-4fa4-8763-100d2a5ef4f5,b64ca3f8-fd63-4652-b8ab-d082ef554f58,Mint,1,1.51,BUY_AGAIN
70891974-6c4a-456b-a56c-3684d6d94556,53375854-801f-4fc4-9bca-a764bf6963fe,abf9c741-823f-4047-ae80-0254c25dfaf7,Banana,1,3.58,BUY_AGAIN
70891974-6c4a-456b-a56c-3684d6d94556,0f39696d-33be-4ab3-98ce-dfbfa4d9b7e5,0ea55d0f-d8b6-4cb1-9303-1c884505a25a,Papaya,1,1.21,BUY_AGAIN
70891974-6c4a-456b-a56c-3684d6d94556,7a7c4c3b-cbaa-425a-94c8-f3bcd4fe371d,f1ad8b2f-18d6-4dff-a217-b1353e48b40d,Pomegranate,1,3.76,BUY_AGAIN
7035b887-e0d1-4c02-af63-02688ffbb884,bf9e355c-e1c9-428e-906d-8e9a455ce885,abef6b46-97a3-4d47-847a-0a058895e915,Tomato,2,7.790000000000001,BUY_AGAIN
7035b887-e0d1-4c02-af63-02688ffbb884,39dac036-1cbb-41e3-9550-b0ec6a31b6eb,178c56a4-1347-43a1-9c70-b8ad4e14aebd,Palak,3,5.85,BUY_AGAIN
7035b887-e0d1-4c02-af63-02688ffbb884,6fcc34f9-1490-4c70-ae89-f338a3157ec6,59533992-5f56-4fd7-aafc-039199e5d9d6,Carrot,3,12.209999999999999,BUY_AGAIN
7035b887-e0d1-4c02-af63-02688ffbb884,ffcbe3ac-c1c6-4338-b2aa-421e7396924a,c7ebf4b8-4f50-4c0a-9816-6a6769943bce,Green Capsicum,1,1.36,BUY_AGAIN
7035b887-e0d1-4c02-af63-02688ffbb884,53375854-801f-4fc4-9bca-a764bf6963fe,abf9c741-823f-4047-ae80-0254c25dfaf7,Banana,1,2.18,BUY_AGAIN
7035b887-e0d1-4c02-af63-02688ffbb884,3a34d1a4-8f79-4d3b-8d81-bb5fd72a1b3a,3c31fec3-4390-4ed9-99ac-e13a88d60684,Ragi,1,3.6,BUY_AGAIN
2e323422-ea44-449d-9be7-c0c560a0f2e1,f23a48e4-f663-406f-9b04-9f6835aaa9f4,6bd8ceef-eebc-4d0b-8d12-2dd14c109468,Ginger,3,13.25,BUY_AGAIN
2e323422-ea44-449d-9be7-c0c560a0f2e1,f001e0a4-8020-4880-8626-0a0c1e822852,6276a613-f3d1-4ca2-b763-bcc62ebbb363,Garlic,3,7.95,BUY_AGAIN
2e323422-ea44-449d-9be7-c0c560a0f2e1,26aee757-06a2-4ead-ab16-d1e71fd68f1b,653ff738-2173-4c0d-9619-2be06db39e8c,Green Chilli,2,5.640000000000001,BUY_AGAIN
2e323422-ea44-449d-9be7-c0c560a0f2e1,c6914581-923c-445a-9f9c-eaf0ec5a2c33,ef45df06-ae20-45cb-9c78-f423589fe7a0,Coriander,3,6.13,BUY_AGAIN
2e323422-ea44-449d-9be7-c0c560a0f2e1,bf9e355c-e1c9-428e-906d-8e9a455ce885,abef6b46-97a3-4d47-847a-0a058895e915,Tomato,1,4.23,BUY_AGAIN
2e323422-ea44-449d-9be7-c0c560a0f2e1,fc99c491-28ac-40fc-bd3b-edf6d3a3588b,d98d579c-c9b5-454e-8a92-971240c312eb,Onion,1,4.07,BUY_AGAIN
