user_id,role_id,location_id,email,phone,full_name,is_active
b0c8c6d2-b5b9-4390-bee5-50c84875728f,11111111-1111-1111-1111-111111111111,78fa4c76-acf7-4e60-a1dc-6a9277ff8117,farmer.siddarama.0@agrilink.in,+919880027662,Siddarama Chari (Farmer),True
06b2bfe7-297e-4465-8971-0f7a01b8c2b8,11111111-1111-1111-1111-111111111111,d076e2de-7226-41b6-b029-6e824fece7af,farmer.karthik.1@agrilink.in,+919846023439,Karthik Chari (Farmer),True
a37e1fa0-e1f2-4894-bde6-498c3e74e624,11111111-1111-1111-1111-111111111111,1f24f593-351b-4d64-856c-3bc3979d4288,farmer.roopa.2@agrilink.in,+919886483924,Roopa Kumar (Farmer),True
6eaffc12-b816-45de-8c23-53b70bc504d7,11111111-1111-1111-1111-111111111111,cc856c7e-4e1e-489e-b84b-5402bd7830c6,farmer.chandrashekar.3@agrilink.in,+919875437844,Chandrashekar Prasad (Farmer),True
31e8a823-9f9d-4f0b-8ef0-1a1def6ebf2a,11111111-1111-1111-1111-111111111111,4edd7a55-2f1d-4918-945a-f2dea14e26bf,farmer.pooja.4@agrilink.in,+919811362459,Pooja Murthy (Farmer),True
f40b156c-faf1-4086-880a-ac5442f53416,11111111-1111-1111-1111-111111111111,4edd7a55-2f1d-4918-945a-f2dea14e26bf,farmer.arjun.5@agrilink.in,+919842255732,Arjun Deshpande (Farmer),True
280c741f-8071-4824-8dc1-fb296bac2220,11111111-1111-1111-1111-111111111111,becb3e94-fdc2-4b85-928f-958b8b5651ee,farmer.venkatesh.6@agrilink.in,+919864277800,Venkatesh Naik (Farmer),True
11d257ed-3c00-4188-9366-1077198a55dc,11111111-1111-1111-1111-111111111111,bf99d3de-1ed1-411b-abeb-a13fcd4ea12f,farmer.aditya.7@agrilink.in,+919867110154,Aditya Pujari (Farmer),True
254283c9-e3f9-4eba-acfb-4194205ca575,11111111-1111-1111-1111-111111111111,86424574-c428-4c73-8670-33f1dc2ccb9d,farmer.karthik.8@agrilink.in,+919843742830,Karthik Murthy (Farmer),True
55b38320-7a93-4544-a83f-fcd5733cc57e,11111111-1111-1111-1111-111111111111,b50ecb97-8306-451b-9c38-4ce6c1e70e1f,farmer.sneha.9@agrilink.in,+919839042654,Sneha Shetty (Farmer),True
908ad311-c275-40f6-8437-55f8a2853147,11111111-1111-1111-1111-111111111111,dec3ce49-0d61-49e8-a64f-7eebede5920f,farmer.pavitra.10@agrilink.in,+919840532273,Pavitra Rao (Farmer),True
ef9ac141-549f-413a-8676-22702ec1ce11,11111111-1111-1111-1111-111111111111,7cfa432f-b2ab-4cec-bff6-9bef1020bce0,farmer.prajwal.11@agrilink.in,+919884270583,Prajwal Reddy (Farmer),True
d452a14f-2ef3-4c26-8ab6-9a8ecd1a28a3,11111111-1111-1111-1111-111111111111,70aafad3-0912-413e-b7c3-3f1705db0bbd,farmer.ramesh.12@agrilink.in,+919873001391,Ramesh Sharma (Farmer),True
8615918e-0367-4f8d-b23b-5d33b313d851,11111111-1111-1111-1111-111111111111,1c3df6d9-543c-467d-b533-51c7b5d5a12d,farmer.gowramma.13@agrilink.in,+919818770247,Gowramma Deshpande (Farmer),True
adc8cc83-49af-446e-ac88-74f36ebd5673,11111111-1111-1111-1111-111111111111,a2eb05d0-5cf3-4214-ab74-cdadb28ec72a,farmer.siddarama.14@agrilink.in,+919821432787,Siddarama Sharma (Farmer),True
7bc1166d-a3ac-4d86-b859-09ffea7e145a,11111111-1111-1111-1111-111111111111,f44e8579-efb7-4262-b71c-04db86dbf3c8,farmer.pooja.15@agrilink.in,+919861053474,Pooja Kumar (Farmer),True
f0567104-3984-4f39-b1e2-e98e4f20526f,11111111-1111-1111-1111-111111111111,1031e818-9276-403b-8205-c044c508c560,farmer.rakshith.16@agrilink.in,+919818083974,Rakshith Sharma (Farmer),True
fa4ecde6-8f23-48a0-97cf-c78a9da48b51,11111111-1111-1111-1111-111111111111,1c76eb5f-e20d-46b5-a6dc-9bb1a9c5b578,farmer.gowramma.17@agrilink.in,+919842194159,Gowramma Patil (Farmer),True
ea8f3676-1ce0-4db9-9f99-a4faf09a7f82,11111111-1111-1111-1111-111111111111,708e1b09-4951-4ff8-bc7b-7d9a287bd232,farmer.arjun.18@agrilink.in,+919873070585,Arjun Kulkarni (Farmer),True
28f543b4-2918-4d77-bca8-7fee833a8157,11111111-1111-1111-1111-111111111111,47d83015-f301-4f72-bf9f-54e67271bb0e,farmer.karthik.19@agrilink.in,+919845507920,Karthik Patil (Farmer),True
acab5e5a-cfef-4c13-89b1-0fa1c4ad89ca,11111111-1111-1111-1111-111111111111,44f8fbd8-8b07-4ac7-9fb6-b74ff9e66aff,farmer.girish.20@agrilink.in,+919896924061,Girish Verma (Farmer),True
b3084ea0-8618-4bd8-86f6-8ebe482d44cd,11111111-1111-1111-1111-111111111111,86424574-c428-4c73-8670-33f1dc2ccb9d,farmer.lakshmi.21@agrilink.in,+919889865458,Lakshmi Shetty (Farmer),True
c6516e97-1794-4415-8b3f-2dc3fe0c93cd,11111111-1111-1111-1111-111111111111,a2eb05d0-5cf3-4214-ab74-cdadb28ec72a,farmer.girish.22@agrilink.in,+919864023778,Girish Kulkarni (Farmer),True
a22e6049-6f99-43f8-93f5-4d4e5e1ce7a8,11111111-1111-1111-1111-111111111111,edf14343-3f2e-41ef-bcd4-13680ed9d02b,farmer.roopa.23@agrilink.in,+919815350023,Roopa Patil (Farmer),True
592c2557-856b-46b5-988a-648acb62be18,11111111-1111-1111-1111-111111111111,6580fb82-e039-4fcf-84b9-11c24a335943,farmer.venkatesh.24@agrilink.in,+919888802305,Venkatesh Kumar (Farmer),True
4c2f58be-a9b8-4746-aed0-60a86540795c,11111111-1111-1111-1111-111111111111,cbf86a02-2627-4dc0-940c-18ae843db38a,farmer.vinay.25@agrilink.in,+919847333543,Vinay Pujari (Farmer),True
ecbda645-51db-4dcb-9b56-f473f81cbefc,11111111-1111-1111-1111-111111111111,ae086853-f6dc-4eb2-aec6-2495c12ea70d,farmer.venkatesh.26@agrilink.in,+919864807553,Venkatesh Deshpande (Farmer),True
b7a99d39-8f91-427b-a3ff-801cacfaf90e,11111111-1111-1111-1111-111111111111,b9b42a0d-3ca5-4969-87b8-94668c56dfb1,farmer.arjun.27@agrilink.in,+919898930456,Arjun Deshpande (Farmer),True
2daa9085-acae-4ab6-baca-dd0433dd998b,11111111-1111-1111-1111-111111111111,933a9969-a512-40a6-8608-f74012fbd450,farmer.venkatesh.28@agrilink.in,+919853389073,Venkatesh Prasad (Farmer),True
8dd8eee8-92a8-40d5-808e-c22377a7a8e1,11111111-1111-1111-1111-111111111111,7e80b53a-d3d4-43be-85e3-5602b12e1fe5,farmer.sneha.29@agrilink.in,+919817275149,Sneha Kulkarni (Farmer),True
3bb8cb03-9947-4bfa-bb4e-0efbad40b9ee,11111111-1111-1111-1111-111111111111,fcaeb8d2-d830-495d-a050-4ebbedaec2ef,farmer.lakshmi.30@agrilink.in,+919883715012,Lakshmi Rao (Farmer),True
bbc80609-7b21-4e43-9c2b-b645e36980fc,11111111-1111-1111-1111-111111111111,09e169fd-18f2-4e4b-99e5-9ed533ff3976,farmer.girish.31@agrilink.in,+919842117961,Girish Gowda (Farmer),True
b5b2acc4-c5f6-41f8-8aaa-1ec5b30860df,11111111-1111-1111-1111-111111111111,ce9611b0-871a-43e3-a969-95d2c3d3f594,farmer.aditya.32@agrilink.in,+919840158811,Aditya Chari (Farmer),True
7aa8c827-7f78-498e-b07f-3ae4780f1aff,11111111-1111-1111-1111-111111111111,c7146e3a-e7bc-4fd2-a32a-b3c65ec3f796,farmer.siddarama.33@agrilink.in,+919878299645,Siddarama Deshpande (Farmer),True
c59c0e86-2e5e-4533-afd5-034831c96b6d,11111111-1111-1111-1111-111111111111,6925b4a4-55d7-4449-b437-471cd7eef24b,farmer.sunitha.34@agrilink.in,+919829413516,Sunitha Kulkarni (Farmer),True
2033c4c9-3c1c-46fa-847b-c2003ded93a5,11111111-1111-1111-1111-111111111111,12d86daa-2a90-4421-b2cb-cfe7366deff1,farmer.prajwal.35@agrilink.in,+919878147397,Prajwal Chari (Farmer),True
dbcf0c2f-3004-49ce-bf95-1550c645dc5d,11111111-1111-1111-1111-111111111111,b415ff1d-f34c-4e0e-960f-bd11d3550b03,farmer.varun.36@agrilink.in,+919829944139,Varun Sharma (Farmer),True
fc61e551-39b0-4e1c-a738-4f95b724685a,11111111-1111-1111-1111-111111111111,d4bea6fa-ee4f-459e-a945-d73c421c6c88,farmer.aditya.37@agrilink.in,+919871115319,Aditya Verma (Farmer),True
b19bcc70-749e-4adf-bb35-2ec2d063f5ab,11111111-1111-1111-1111-111111111111,4e27a5e5-72bb-4abd-acd7-e544ad672ac3,farmer.chetan.38@agrilink.in,+919852704903,Chetan Chari (Farmer),True
1b7e0ffb-2f3d-4092-9254-2174e49ad47d,11111111-1111-1111-1111-111111111111,e0196e41-ba19-4d13-8df4-6760cebe8bbf,farmer.chandrashekar.39@agrilink.in,+919877416376,Chandrashekar Reddy (Farmer),True
94e91b9f-e0f3-4dbc-a22a-fb492b9bbed5,11111111-1111-1111-1111-111111111111,5254d15d-f884-4bdb-a84f-a79980645de2,farmer.pavitra.40@agrilink.in,+919812059919,Pavitra Pujari (Farmer),True
606e100f-e4a4-4a00-9100-028603b996bc,11111111-1111-1111-1111-111111111111,fcf5e81c-8baf-4ced-957b-e874d3a1f9be,farmer.vinay.41@agrilink.in,+919893652460,Vinay Murthy (Farmer),True
d2a05813-016c-48c2-a0e9-1d06f64811f6,11111111-1111-1111-1111-111111111111,7694ffa6-719a-4abc-b6c7-539ab34d8871,farmer.tejas.42@agrilink.in,+919814818295,Tejas Deshpande (Farmer),True
95545331-ca94-41b7-8594-e495117705a0,11111111-1111-1111-1111-111111111111,1f05724b-c65d-4f92-be9f-0727d6f4afff,farmer.venkatesh.43@agrilink.in,+919895060193,Venkatesh Chari (Farmer),True
9b451cb4-f743-4d3f-816d-a76bda968155,11111111-1111-1111-1111-111111111111,4e27a5e5-72bb-4abd-acd7-e544ad672ac3,farmer.rakshith.44@agrilink.in,+919853536830,Rakshith Gowda (Farmer),True
f1247134-bff8-4a82-9923-7b7ddcf8a8e2,11111111-1111-1111-1111-111111111111,8f265c19-965c-4cf3-8173-d9bbd5ea8bcf,farmer.bharath.45@agrilink.in,+919881291936,Bharath Bhat (Farmer),True
1c0796b7-e425-4c6a-b470-2cb7ae74f4e2,11111111-1111-1111-1111-111111111111,1031e818-9276-403b-8205-c044c508c560,farmer.venkatesh.46@agrilink.in,+919842323627,Venkatesh Acharya (Farmer),True
50bdb802-6822-4f64-87b6-92ef8bc5d549,11111111-1111-1111-1111-111111111111,5137427d-7ad1-4e69-bb36-800b24e4917a,farmer.karthik.47@agrilink.in,+919844269370,Karthik Murthy (Farmer),True
138b19df-c988-43e7-951c-fb9dda52f167,11111111-1111-1111-1111-111111111111,bf99d3de-1ed1-411b-abeb-a13fcd4ea12f,farmer.anand.48@agrilink.in,+919888862539,Anand Kulkarni (Farmer),True
2c350dbe-2cc2-4c88-a03c-a68fb06ae387,11111111-1111-1111-1111-111111111111,a37896b0-2734-4129-8f58-7fa5b4f66fac,farmer.rakshith.49@agrilink.in,+919874855088,Rakshith Rao (Farmer),True
af7e8dc1-2af4-40d9-8be9-186df509796d,11111111-1111-1111-1111-111111111111,999f86cd-23da-4ec7-bd41-27dda04fe8e5,farmer.darshan.50@agrilink.in,+919846840133,Darshan Gowda (Farmer),True
d8b1aefd-a7a2-4621-9e0e-e03d2db7f6df,11111111-1111-1111-1111-111111111111,becb3e94-fdc2-4b85-928f-958b8b5651ee,farmer.chetan.51@agrilink.in,+919895445405,Chetan Swamy (Farmer),True
e2db7302-d399-4016-affc-153bbcc41974,11111111-1111-1111-1111-111111111111,033a7a16-3b67-4f5d-aaae-2cfdcebec023,farmer.suresh.52@agrilink.in,+919814478111,Suresh Naik (Farmer),True
cc534bc4-3c3b-4b17-8257-3b59d6c2eb5e,11111111-1111-1111-1111-111111111111,d430e2c2-20af-41b1-814b-7f5361c2bfaf,farmer.tejas.53@agrilink.in,+919836950221,Tejas Chari (Farmer),True
9b9899a0-0fd4-4c49-a9fc-9c0b34b62dc3,11111111-1111-1111-1111-111111111111,382521ad-0ad9-492d-8c9c-56dd781fa941,farmer.priya.54@agrilink.in,+919844489940,Priya Murthy (Farmer),True
97f0a995-6775-4245-aec0-56b97ccf3249,11111111-1111-1111-1111-111111111111,b46042e1-94c8-4586-b854-8ae87b6760d4,farmer.girish.55@agrilink.in,+919828892086,Girish Kulkarni (Farmer),True
fa79d226-af8a-4081-be9b-d6bac09bd1a4,11111111-1111-1111-1111-111111111111,a96689a6-ac68-4de1-adcc-7fa7140971e8,farmer.venkatesh.56@agrilink.in,+919845495029,Venkatesh Acharya (Farmer),True
deb587ae-3a92-4b8d-8250-53de3d4bd97d,11111111-1111-1111-1111-111111111111,21d1533f-2c75-46b1-bdc8-32127ec4ec6d,farmer.varun.57@agrilink.in,+919824541967,Varun Acharya (Farmer),True
f7c9b1e4-2815-475e-bdf2-960772bb42fb,11111111-1111-1111-1111-111111111111,a9282b94-109c-449b-af27-dbb6d4ce8d0a,farmer.gautam.58@agrilink.in,+919895282470,Gautam Kumar (Farmer),True
adc9cb32-8813-4c7d-9315-13bcbaf1677f,11111111-1111-1111-1111-111111111111,b77f3b51-6b79-47a8-a1a1-b8ca4995c5f3,farmer.shiva.59@agrilink.in,+919850851122,Shiva Reddy (Farmer),True
1d2547f1-6578-47b4-b4a4-570185644201,11111111-1111-1111-1111-111111111111,111d9a7e-ab8d-47f5-8d10-95e33b8aff64,farmer.sneha.60@agrilink.in,+919870887034,Sneha Bhat (Farmer),True
fafe30f9-9794-41d9-af71-de5e3faeddd4,11111111-1111-1111-1111-111111111111,b415ff1d-f34c-4e0e-960f-bd11d3550b03,farmer.arjun.61@agrilink.in,+919892631441,Arjun Hegde (Farmer),True
d71943ee-108a-4b1c-a85b-d66a4231fb04,11111111-1111-1111-1111-111111111111,cbf86a02-2627-4dc0-940c-18ae843db38a,farmer.deepak.62@agrilink.in,+919841690501,Deepak Kulkarni (Farmer),True
79af261d-2d26-4762-b060-cdf35c6475ce,11111111-1111-1111-1111-111111111111,74e9bbfa-1b1d-435f-9984-f479146f6ea2,farmer.lakshmi.63@agrilink.in,+919835475673,Lakshmi Acharya (Farmer),True
12ef2652-9bb5-4163-89be-9178de5fbf14,11111111-1111-1111-1111-111111111111,db81df0d-0385-42ad-96dc-2602f1ae6870,farmer.pooja.64@agrilink.in,+919854762841,Pooja Gowda (Farmer),True
fd192e33-e784-45ca-9f63-518eecdefbeb,11111111-1111-1111-1111-111111111111,3730c7f1-75b8-4a8a-87a2-5ecc3240c9b8,farmer.aditya.65@agrilink.in,+919838984499,Aditya Rao (Farmer),True
6362910e-ae65-4b2d-9d2f-b7cedef89705,11111111-1111-1111-1111-111111111111,74e9bbfa-1b1d-435f-9984-f479146f6ea2,farmer.pooja.66@agrilink.in,+919829419691,Pooja Gowda (Farmer),True
a93ec7db-1dc2-45d2-92b7-199a184e0a17,11111111-1111-1111-1111-111111111111,024ae1c5-8595-47f8-a6aa-d4e62638422a,farmer.girish.67@agrilink.in,+919811994519,Girish Gowda (Farmer),True
20b568f3-d4d6-4c51-880a-0cf05f29bd10,11111111-1111-1111-1111-111111111111,7cfa432f-b2ab-4cec-bff6-9bef1020bce0,farmer.nandini.68@agrilink.in,+919827013243,Nandini Murthy (Farmer),True
9d624643-6a9f-4b27-b785-e8c8a96c1101,11111111-1111-1111-1111-111111111111,932906c0-d33f-4bde-b426-a2d1766b68b8,farmer.vinay.69@agrilink.in,+919878885632,Vinay Kulkarni (Farmer),True
cd6a617b-fffe-4ae6-ad14-9a9164c88f07,11111111-1111-1111-1111-111111111111,f44e8579-efb7-4262-b71c-04db86dbf3c8,farmer.gautam.70@agrilink.in,+919850484137,Gautam Reddy (Farmer),True
4551d375-cd22-48dc-87b3-5da3bf0b007b,11111111-1111-1111-1111-111111111111,6c1d8592-bdfc-468f-aa24-143280838b4e,farmer.sowmya.71@agrilink.in,+919875802771,Sowmya Chari (Farmer),True
3c19433d-efaa-4daf-8828-3d29610c4452,11111111-1111-1111-1111-111111111111,a9282b94-109c-449b-af27-dbb6d4ce8d0a,farmer.tejas.72@agrilink.in,+919826937148,Tejas Bhat (Farmer),True
ee0245b3-65bc-47ca-b32e-02b0b4e77496,11111111-1111-1111-1111-111111111111,dec3ce49-0d61-49e8-a64f-7eebede5920f,farmer.kishore.73@agrilink.in,+919870896652,Kishore Pujari (Farmer),True
ccab0184-e56c-4a38-a898-e676f339da1b,11111111-1111-1111-1111-111111111111,3cb48e7e-5b23-41d3-ae54-cbc54b595944,farmer.aditya.74@agrilink.in,+919870606674,Aditya Rao (Farmer),True
d5df2476-d0c5-4b34-8270-f16a2efe1c2d,11111111-1111-1111-1111-111111111111,5d74524d-6c3f-4dd7-ae9c-17f33c973e16,farmer.sowmya.75@agrilink.in,+919851949529,Sowmya Chari (Farmer),True
54fc4d7a-eb4c-457f-9f1f-e0167c228cf9,11111111-1111-1111-1111-111111111111,ce9611b0-871a-43e3-a969-95d2c3d3f594,farmer.vinay.76@agrilink.in,+919821457410,Vinay Patil (Farmer),True
4b67a9d8-3a5b-4900-84fd-a67efbb88b7f,11111111-1111-1111-1111-111111111111,3730c7f1-75b8-4a8a-87a2-5ecc3240c9b8,farmer.aditya.77@agrilink.in,+919885374852,Aditya Reddy (Farmer),True
cd5a064f-9747-4b08-886f-3c4fd0cf5a44,11111111-1111-1111-1111-111111111111,b9b42a0d-3ca5-4969-87b8-94668c56dfb1,farmer.bharath.78@agrilink.in,+919890585678,Bharath Reddy (Farmer),True
a8611299-298c-416a-9f72-bf92ded589f7,11111111-1111-1111-1111-111111111111,44f8fbd8-8b07-4ac7-9fb6-b74ff9e66aff,farmer.siddarama.79@agrilink.in,+919824524825,Siddarama Deshpande (Farmer),True
115f523a-d2f9-48f3-9065-340ea073310d,11111111-1111-1111-1111-111111111111,44f8fbd8-8b07-4ac7-9fb6-b74ff9e66aff,farmer.prajwal.80@agrilink.in,+919867594492,Prajwal Sharma (Farmer),True
6737f810-5e6b-4d03-b315-c31d1df4199f,11111111-1111-1111-1111-111111111111,2257ffa6-db77-4d2b-9d5d-09ca44df001c,farmer.manjunath.81@agrilink.in,+919851471222,Manjunath Shetty (Farmer),True
3d454127-9211-4503-bc36-4818d7d9ce0e,11111111-1111-1111-1111-111111111111,8ccc880e-65fb-43ed-8f47-d05767d703e5,farmer.siddarama.82@agrilink.in,+919819339597,Siddarama Sharma (Farmer),True
a3f01b2a-ddb3-4d55-b263-b07c775dd1da,11111111-1111-1111-1111-111111111111,f4b442af-096e-40de-9de6-4170e6850236,farmer.deepak.83@agrilink.in,+919870887307,Deepak Acharya (Farmer),True
7c9212ba-ba2e-42f0-8438-e76096a96dc7,11111111-1111-1111-1111-111111111111,7cfa432f-b2ab-4cec-bff6-9bef1020bce0,farmer.neha.84@agrilink.in,+919830881581,Neha Patil (Farmer),True
efa6d4bb-d246-49c5-ab00-d99cf7d44a1a,11111111-1111-1111-1111-111111111111,883c4dda-da7a-403a-818e-0e9a55b29c32,farmer.roopa.85@agrilink.in,+919891480362,Roopa Chari (Farmer),True
c664a261-3c61-4693-b1a2-540de150b251,11111111-1111-1111-1111-111111111111,3cb48e7e-5b23-41d3-ae54-cbc54b595944,farmer.girish.86@agrilink.in,+919824883373,Girish Swamy (Farmer),True
f47f9e34-542e-4aa2-bb21-7fc85b72ec9e,11111111-1111-1111-1111-111111111111,becb3e94-fdc2-4b85-928f-958b8b5651ee,farmer.rakshith.87@agrilink.in,+919863051354,Rakshith Reddy (Farmer),True
83d1914a-989e-4f20-b4af-a763211f5b27,11111111-1111-1111-1111-111111111111,f0378097-9dd5-4de3-ab89-c015e9797997,farmer.rakshith.88@agrilink.in,+919844295247,Rakshith Rao (Farmer),True
858eb319-5ea8-49e0-9e8c-2cc86f7f246b,11111111-1111-1111-1111-111111111111,024ae1c5-8595-47f8-a6aa-d4e62638422a,farmer.bharath.89@agrilink.in,+919861030579,Bharath Shetty (Farmer),True
0a9365f3-50bf-434f-8a25-d82d0352b0a9,11111111-1111-1111-1111-111111111111,cc31069d-510b-4485-96c6-3d554f0f93c0,farmer.anand.90@agrilink.in,+919868548403,Anand Acharya (Farmer),True
d6dfc0b1-f9f5-4970-830a-b5f32148c5d2,11111111-1111-1111-1111-111111111111,4fb8f0b4-e9bb-4596-9c00-ef9562f88ebe,farmer.neha.91@agrilink.in,+919848858073,Neha Acharya (Farmer),True
a4f07f92-3935-487a-8d08-32acb720da27,11111111-1111-1111-1111-111111111111,932906c0-d33f-4bde-b426-a2d1766b68b8,farmer.gautam.92@agrilink.in,+919821828592,Gautam Kulkarni (Farmer),True
6b4b210f-4d68-4a44-8dab-271cfa0a9aaa,11111111-1111-1111-1111-111111111111,38ffedd5-19c1-4bfe-87d8-c6007f964765,farmer.varun.93@agrilink.in,+919820555833,Varun Acharya (Farmer),True
8354a6bd-1e0c-4873-ba9b-1907f42db022,11111111-1111-1111-1111-111111111111,b46042e1-94c8-4586-b854-8ae87b6760d4,farmer.meghana.94@agrilink.in,+919878515906,Meghana Shetty (Farmer),True
ab4b2612-4079-40e5-91e2-cf4538e6d1cc,11111111-1111-1111-1111-111111111111,9149ad34-73c3-4543-b6dd-4ca74bdec3b1,farmer.shilpa.95@agrilink.in,+919841711468,Shilpa Swamy (Farmer),True
c46e1796-7099-4bca-b49e-d75a46aa7392,11111111-1111-1111-1111-111111111111,b46042e1-94c8-4586-b854-8ae87b6760d4,farmer.pooja.96@agrilink.in,+919833776150,Pooja Bhat (Farmer),True
8ff8f4a5-6adc-4e2d-acf6-044dd4e0e5bb,11111111-1111-1111-1111-111111111111,472e74f1-a782-44d4-88c0-8a01d8240482,farmer.neha.97@agrilink.in,+919830261159,Neha Prasad (Farmer),True
2ebd00b4-691a-4ebe-8c04-030a741e9a91,11111111-1111-1111-1111-111111111111,b9534d3d-3edd-40f0-ae93-6aad2c6a1816,farmer.prajwal.98@agrilink.in,+919857236885,Prajwal Sharma (Farmer),True
fde46884-adb9-4c11-b350-5a22a455ecc7,11111111-1111-1111-1111-111111111111,1c885475-3b7a-4bd6-bd44-b630972622d2,farmer.suresh.99@agrilink.in,+919848530827,Suresh Reddy (Farmer),True
297887bf-be54-4e08-b5ac-9c1f8a60c6ad,11111111-1111-1111-1111-111111111111,6925b4a4-55d7-4449-b437-471cd7eef24b,farmer.karthik.100@agrilink.in,+919815505975,Karthik Sharma (Farmer),True
2d3c29a8-64a7-4a4b-8416-1cc716dd7e41,11111111-1111-1111-1111-111111111111,00c17229-8f1c-458b-9d9e-947ed3f8383a,farmer.pooja.101@agrilink.in,+919830248230,Pooja Deshpande (Farmer),True
18cbc489-f924-4d7b-a401-b77bd8c4ebd0,11111111-1111-1111-1111-111111111111,d430e2c2-20af-41b1-814b-7f5361c2bfaf,farmer.venkatesh.102@agrilink.in,+919815253567,Venkatesh Pujari (Farmer),True
297f49f2-a80d-4a30-9dc2-539bc4832f7a,11111111-1111-1111-1111-111111111111,30958fc8-e901-45fe-a4c6-98e4dab06797,farmer.rahul.103@agrilink.in,+919860043345,Rahul Shetty (Farmer),True
295d0d37-cabb-449f-a35c-315c12e87b98,11111111-1111-1111-1111-111111111111,1613b60f-6a1b-45b0-8ff5-2352956c4c04,farmer.pooja.104@agrilink.in,+919818846539,Pooja Reddy (Farmer),True
d31dab8a-3529-419b-bcbc-6bec58d1647c,11111111-1111-1111-1111-111111111111,1613b60f-6a1b-45b0-8ff5-2352956c4c04,farmer.gowramma.105@agrilink.in,+919820939011,Gowramma Bhat (Farmer),True
70c26370-a9dd-46db-9a96-22801ad48490,11111111-1111-1111-1111-111111111111,708e1b09-4951-4ff8-bc7b-7d9a287bd232,farmer.sowmya.106@agrilink.in,+919821370793,Sowmya Bhat (Farmer),True
ff296733-c72c-4ab7-87a5-bd2d86edb5a4,11111111-1111-1111-1111-111111111111,e9537279-1dea-4724-953d-f18846142b0f,farmer.rahul.107@agrilink.in,+919878248169,Rahul Patil (Farmer),True
9a8d39b9-45e4-4bb9-851c-8d20e7523689,11111111-1111-1111-1111-111111111111,883c4dda-da7a-403a-818e-0e9a55b29c32,farmer.deepak.108@agrilink.in,+919835770506,Deepak Prasad (Farmer),True
f84df46d-e323-4e22-bec3-ff2bd152ccd4,11111111-1111-1111-1111-111111111111,efc97c6d-26d5-49b2-b9c2-14b7b8f7a8d5,farmer.darshan.109@agrilink.in,+919882446804,Darshan Hegde (Farmer),True
da13e8b3-aaf6-4003-ab18-9f3edefd0d0c,11111111-1111-1111-1111-111111111111,708e1b09-4951-4ff8-bc7b-7d9a287bd232,farmer.gautam.110@agrilink.in,+919860562485,Gautam Bhat (Farmer),True
2e3f0a6f-4790-4969-95a8-6b0cbf5b169e,11111111-1111-1111-1111-111111111111,30958fc8-e901-45fe-a4c6-98e4dab06797,farmer.suresh.111@agrilink.in,+919841880763,Suresh Chari (Farmer),True
94f11d79-25c7-4095-a758-decfdd5eaabc,11111111-1111-1111-1111-111111111111,a94d3860-4b6c-4c8e-a06f-2a337483df22,farmer.sneha.112@agrilink.in,+919872950208,Sneha Kumar (Farmer),True
ab82a9c8-9012-4c06-b8ee-149440135336,11111111-1111-1111-1111-111111111111,16878a43-9d8e-4922-978f-85f02df7cbba,farmer.karthik.113@agrilink.in,+919877498993,Karthik Naik (Farmer),True
97125298-fec2-4da9-87a6-336595636994,11111111-1111-1111-1111-111111111111,a112d99f-b239-4b73-b722-46ecd20b46a4,farmer.gowramma.114@agrilink.in,+919859823245,Gowramma Reddy (Farmer),True
0686782c-c111-4be9-962f-a84b597fb591,11111111-1111-1111-1111-111111111111,3a69cece-d091-41b9-990f-747a4ee77301,farmer.darshan.115@agrilink.in,+919846613428,Darshan Patil (Farmer),True
c1704a44-5aa7-4d85-ba88-edbec5591985,11111111-1111-1111-1111-111111111111,6064f80b-833f-40d5-9390-ab7ddba06669,farmer.venkatesh.116@agrilink.in,+919856920514,Venkatesh Kumar (Farmer),True
983fcee0-0e77-4bcb-817a-e993350bab88,11111111-1111-1111-1111-111111111111,364f021c-2da4-4e5e-a38f-8e15d6159224,farmer.priya.117@agrilink.in,+919861830338,Priya Swamy (Farmer),True
54f29052-4112-4ea9-bd9b-e9d79570a0bf,11111111-1111-1111-1111-111111111111,1613b60f-6a1b-45b0-8ff5-2352956c4c04,farmer.tejas.118@agrilink.in,+919829602406,Tejas Hegde (Farmer),True
e2be6ff9-75ff-429d-9335-7fe88a71e8f5,11111111-1111-1111-1111-111111111111,62d36ae1-eddb-426c-9e2a-580e7623a02d,farmer.vinay.119@agrilink.in,+919810704803,Vinay Kulkarni (Farmer),True
c96c2cf9-9234-449a-b8ff-c258c54bafe8,11111111-1111-1111-1111-111111111111,09e169fd-18f2-4e4b-99e5-9ed533ff3976,farmer.siddarama.120@agrilink.in,+919880836292,Siddarama Verma (Farmer),True
a2d54c4f-f277-49f8-8efe-a1a95ab1eaf2,11111111-1111-1111-1111-111111111111,0a29495c-3c3b-4000-8a06-033d9420bb72,farmer.girish.121@agrilink.in,+919866348030,Girish Reddy (Farmer),True
b3c0a3b4-5762-4304-9c41-3f95762e7b43,11111111-1111-1111-1111-111111111111,161c8dc6-3668-4a8a-9feb-2a067189b548,farmer.chandrashekar.122@agrilink.in,+919894819556,Chandrashekar Verma (Farmer),True
0df56e49-366e-4387-a5a7-2f3c7e58180d,11111111-1111-1111-1111-111111111111,62d36ae1-eddb-426c-9e2a-580e7623a02d,farmer.bharath.123@agrilink.in,+919857354167,Bharath Gowda (Farmer),True
1fab75d2-19aa-4cbe-bc0c-da5c5a3ff437,11111111-1111-1111-1111-111111111111,976760b6-e7f8-4686-899c-3707dada1da2,farmer.rahul.124@agrilink.in,+919880606503,Rahul Swamy (Farmer),True
43885dc0-4da8-43e8-814d-89bd2f300072,11111111-1111-1111-1111-111111111111,4e27a5e5-72bb-4abd-acd7-e544ad672ac3,farmer.kishore.125@agrilink.in,+919895318289,Kishore Deshpande (Farmer),True
06ea035d-138d-47b9-af07-fa6ee1a66f5b,11111111-1111-1111-1111-111111111111,bf99d3de-1ed1-411b-abeb-a13fcd4ea12f,farmer.shilpa.126@agrilink.in,+919842363373,Shilpa Patil (Farmer),True
904c78bb-6e29-439c-a308-5f4b0df0acf4,11111111-1111-1111-1111-111111111111,6ba6f1f3-cbbf-4e2f-bd7e-91408dc38963,farmer.suresh.127@agrilink.in,+919855439043,Suresh Swamy (Farmer),True
80f474dd-8393-4748-9ec9-5c7c1dcd9c8f,11111111-1111-1111-1111-111111111111,a9282b94-109c-449b-af27-dbb6d4ce8d0a,farmer.nandini.128@agrilink.in,+919871428713,Nandini Bhat (Farmer),True
e29c070a-fd5f-40ea-ae6e-bb1fae5175bf,11111111-1111-1111-1111-111111111111,a94d3860-4b6c-4c8e-a06f-2a337483df22,farmer.suresh.129@agrilink.in,+919879173614,Suresh Prasad (Farmer),True
d897d730-6fea-48d8-8eca-3b287c08ff94,11111111-1111-1111-1111-111111111111,b9b42a0d-3ca5-4969-87b8-94668c56dfb1,farmer.suresh.130@agrilink.in,+919857912262,Suresh Rao (Farmer),True
9433764a-c62c-486d-b31d-1b266375510a,11111111-1111-1111-1111-111111111111,3410304f-cab2-4edf-a918-d2cfd4bf98fd,farmer.girish.131@agrilink.in,+919863690013,Girish Swamy (Farmer),True
995836e8-8959-476b-9cfb-f1d040e62750,11111111-1111-1111-1111-111111111111,1c885475-3b7a-4bd6-bd44-b630972622d2,farmer.chandrashekar.132@agrilink.in,+919879696025,Chandrashekar Deshpande (Farmer),True
8c76bf64-85e5-4a66-bc5c-3ee841c461b1,11111111-1111-1111-1111-111111111111,6ba6f1f3-cbbf-4e2f-bd7e-91408dc38963,farmer.bharath.133@agrilink.in,+919849428661,Bharath Shetty (Farmer),True
0981b772-ff45-4809-9798-ea7799e6968f,11111111-1111-1111-1111-111111111111,0465a261-e252-4140-8f79-ae641798402f,farmer.rakshith.134@agrilink.in,+919867192331,Rakshith Kulkarni (Farmer),True
22c82d70-baf1-4470-bfdc-b1a9bc5f419b,11111111-1111-1111-1111-111111111111,62d36ae1-eddb-426c-9e2a-580e7623a02d,farmer.suresh.135@agrilink.in,+919868376726,Suresh Swamy (Farmer),True
13b37ac6-34a8-4e80-baa6-01db2ec9646f,11111111-1111-1111-1111-111111111111,1c76eb5f-e20d-46b5-a6dc-9bb1a9c5b578,farmer.harish.136@agrilink.in,+919814179623,Harish Pujari (Farmer),True
cab5ef4b-8589-4ae6-b82d-3215aa4a83b8,11111111-1111-1111-1111-111111111111,30958fc8-e901-45fe-a4c6-98e4dab06797,farmer.anand.137@agrilink.in,+919858607028,Anand Kumar (Farmer),True
f07e4d0a-d6c0-470b-a666-2fbcb200169d,11111111-1111-1111-1111-111111111111,21d1533f-2c75-46b1-bdc8-32127ec4ec6d,farmer.roopa.138@agrilink.in,+919869584522,Roopa Swamy (Farmer),True
33844492-6f7e-4bcd-821b-d6686fd0d6a2,11111111-1111-1111-1111-111111111111,472e74f1-a782-44d4-88c0-8a01d8240482,farmer.harish.139@agrilink.in,+919897182566,Harish Acharya (Farmer),True
4837746c-8912-46b7-a007-bd55d1f12b64,11111111-1111-1111-1111-111111111111,111d9a7e-ab8d-47f5-8d10-95e33b8aff64,farmer.chandrashekar.140@agrilink.in,+919885386435,Chandrashekar Pujari (Farmer),True
ee7ddf25-8258-47ac-9643-f1f337abc674,11111111-1111-1111-1111-111111111111,b415ff1d-f34c-4e0e-960f-bd11d3550b03,farmer.gautam.141@agrilink.in,+919836867482,Gautam Naik (Farmer),True
d00420cd-eebe-4ae3-bb0d-713e8b524244,11111111-1111-1111-1111-111111111111,b8f597b4-e56e-4f0d-9f0e-28138caa3fce,farmer.roopa.142@agrilink.in,+919899635939,Roopa Patil (Farmer),True
c0e27365-5196-465f-959e-b585e87e7ad5,11111111-1111-1111-1111-111111111111,d430e2c2-20af-41b1-814b-7f5361c2bfaf,farmer.rakshith.143@agrilink.in,+919858518659,Rakshith Shetty (Farmer),True
0fa5e7a4-a3d7-4f9f-9e3c-b64ef46391c9,11111111-1111-1111-1111-111111111111,21eccb01-12df-464b-b052-ffeb0975cfff,farmer.sunitha.144@agrilink.in,+919858438711,Sunitha Deshpande (Farmer),True
4687b625-4367-44c2-8324-06c12ed53082,11111111-1111-1111-1111-111111111111,a9282b94-109c-449b-af27-dbb6d4ce8d0a,farmer.gautam.145@agrilink.in,+919851512297,Gautam Patil (Farmer),True
b235440e-a9df-4538-9ab5-ed39a6d71787,11111111-1111-1111-1111-111111111111,5ff6c1b6-24f9-4fc1-b058-c5db55730125,farmer.arjun.146@agrilink.in,+919826821075,Arjun Sharma (Farmer),True
7d40ef63-e89f-4df5-8569-2c80085481ab,11111111-1111-1111-1111-111111111111,e0196e41-ba19-4d13-8df4-6760cebe8bbf,farmer.rahul.147@agrilink.in,+919883994695,Rahul Swamy (Farmer),True
f343ebb2-5f9d-47c3-b022-adfd5d61f8dc,11111111-1111-1111-1111-111111111111,6018b0fd-df7b-4c03-899a-c8cc7201793c,farmer.priya.148@agrilink.in,+919879538491,Priya Reddy (Farmer),True
ca3670b4-e588-4fc1-8fa2-7aab821cc13c,11111111-1111-1111-1111-111111111111,589c896a-b144-4ce8-9761-cb204df2b66d,farmer.chetan.149@agrilink.in,+919848124318,Chetan Swamy (Farmer),True
bfa65fe6-cae4-4468-a097-7eff86b15702,22222222-2222-2222-2222-222222222222,62d36ae1-eddb-426c-9e2a-580e7623a02d,buyer.shiva.0@gmail.com,+919881602209,Shiva Naik,True
ca795e73-44e4-4efe-87ab-954171a15614,22222222-2222-2222-2222-222222222222,d076e2de-7226-41b6-b029-6e824fece7af,buyer.priya.1@gmail.com,+919887933054,Priya Shetty,True
e386a3c5-3a6c-498a-9a5d-5a6ea42112bf,22222222-2222-2222-2222-222222222222,18109dd0-6c31-419e-8e3b-0d015befc357,buyer.basavaraj.2@gmail.com,+919815529005,Basavaraj Prasad,True
b2eca3be-a0ed-4716-a79c-bdcbe1f439e5,22222222-2222-2222-2222-222222222222,6580fb82-e039-4fcf-84b9-11c24a335943,buyer.venkatesh.3@gmail.com,+919845521514,Venkatesh Reddy,True
8a6fad25-d5d1-487a-aa09-47cdfa53d6d5,22222222-2222-2222-2222-222222222222,1031e818-9276-403b-8205-c044c508c560,buyer.neha.4@gmail.com,+919895763946,Neha Chari,True
866abab3-c39c-4a4f-b42e-9d05351579d0,22222222-2222-2222-2222-222222222222,c7146e3a-e7bc-4fd2-a32a-b3c65ec3f796,buyer.chandrashekar.5@gmail.com,+919896155337,Chandrashekar Verma,True
0b7a23c6-fb4d-4e8a-96b8-f531ed36dd76,22222222-2222-2222-2222-222222222222,b93e5d74-a4c6-4af9-b3c5-1915fa70349c,buyer.vinay.6@gmail.com,+919849920898,Vinay Kumar,True
5e70f21a-b105-443c-a6b1-75c5b4fecdea,22222222-2222-2222-2222-222222222222,1c76eb5f-e20d-46b5-a6dc-9bb1a9c5b578,buyer.anand.7@gmail.com,+919869002851,Anand Reddy,True
d8afda4f-ac34-4766-8814-f2ae9cd7f036,22222222-2222-2222-2222-222222222222,14e15950-eb29-4890-b1bb-c14c192fe5ef,buyer.vinay.8@gmail.com,+919855659873,Vinay Kulkarni,True
14e0229e-740d-4749-8f87-c84ae44563b9,22222222-2222-2222-2222-222222222222,bf99d3de-1ed1-411b-abeb-a13fcd4ea12f,buyer.tejas.9@gmail.com,+919863514837,Tejas Prasad,True
d8991e0a-550a-40f2-ac3a-6bb411f7b244,22222222-2222-2222-2222-222222222222,4c345c6a-f9a2-4f35-8721-b42c70099493,buyer.harish.10@gmail.com,+919824251766,Harish Pujari,True
3177fd8c-3c78-4181-923a-ada1abc5683d,22222222-2222-2222-2222-222222222222,6018b0fd-df7b-4c03-899a-c8cc7201793c,buyer.sunitha.11@gmail.com,+919845899440,Sunitha Kulkarni,True
6d62093c-4881-436d-9dbb-8be1ab3e01bd,22222222-2222-2222-2222-222222222222,5d74524d-6c3f-4dd7-ae9c-17f33c973e16,buyer.sunitha.12@gmail.com,+919816792127,Sunitha Bhat,True
57dfeed4-7cb8-4f90-95ec-677d5aed5030,22222222-2222-2222-2222-222222222222,d861edd6-3a0f-464c-bc95-95087156bbef,buyer.kishore.13@gmail.com,+919831434525,Kishore Chari,True
194980c6-ab50-456b-b413-6ba0c3977fd1,22222222-2222-2222-2222-222222222222,3f966ae3-ccb1-4124-99dc-3373149c4429,buyer.neha.14@gmail.com,+919831386576,Neha Prasad,True
57a031d5-4128-4e4b-be72-ef58a6d0646d,22222222-2222-2222-2222-222222222222,98f5d7a1-4edf-4cc2-9c5f-19a7661b8f5a,buyer.priya.15@gmail.com,+919851411602,Priya Kulkarni,True
d562c4b0-fcda-4fb8-95e7-79d2873929f8,22222222-2222-2222-2222-222222222222,32f4e71f-d21f-4608-aa72-27120ba4b783,buyer.manjunath.16@gmail.com,+919877839607,Manjunath Patil,True
55e4c2ef-ce2e-4d3d-bf4f-f4db8859a226,22222222-2222-2222-2222-222222222222,fc64f10b-c095-42aa-aa58-0324778bbc68,buyer.sunitha.17@gmail.com,+919857364777,Sunitha Rao,True
8eaa2275-4be4-494c-8e4c-74c9c8b790e2,22222222-2222-2222-2222-222222222222,58c16f9b-36f4-4bbd-b5ec-ddd7595ee919,buyer.lakshmi.18@gmail.com,+919890197611,Lakshmi Naik,True
19657683-a7ff-4f18-9ff4-8676d7564a7d,22222222-2222-2222-2222-222222222222,b6ab034f-27d3-4459-9753-73089955f94b,buyer.darshan.19@gmail.com,+919824428014,Darshan Verma,True
c62aefb7-99a1-470d-a739-2548c56f037b,22222222-2222-2222-2222-222222222222,30958fc8-e901-45fe-a4c6-98e4dab06797,buyer.shiva.20@gmail.com,+919864123845,Shiva Murthy,True
d27bd19e-147b-4294-85f6-1287c07f4487,22222222-2222-2222-2222-222222222222,7cfa432f-b2ab-4cec-bff6-9bef1020bce0,buyer.suresh.21@gmail.com,+919886541906,Suresh Acharya,True
8cc68618-6851-4bc6-8aa9-322d95f2455c,22222222-2222-2222-2222-222222222222,b9b42a0d-3ca5-4969-87b8-94668c56dfb1,buyer.harish.22@gmail.com,+919819869264,Harish Verma,True
513eab4a-284b-4b90-9313-39597aca2be8,22222222-2222-2222-2222-222222222222,8522741b-1210-4ef2-b04d-7c54bd2d229e,buyer.priya.23@gmail.com,+919847543473,Priya Kulkarni,True
bff6c93b-2463-4ffe-ae1f-684344088eca,22222222-2222-2222-2222-222222222222,32f4e71f-d21f-4608-aa72-27120ba4b783,buyer.shiva.24@gmail.com,+919860089832,Shiva Hegde,True
2a909503-451a-4227-b05a-2ffc93421c21,22222222-2222-2222-2222-222222222222,86bb78aa-f89a-45b3-9d0b-9e381988c857,buyer.aditya.25@gmail.com,+919836717096,Aditya Swamy,True
1bcc0fad-47bc-490a-8e60-91b12480e754,22222222-2222-2222-2222-222222222222,4e27a5e5-72bb-4abd-acd7-e544ad672ac3,buyer.priya.26@gmail.com,+919815222944,Priya Reddy,True
e8e8213b-d390-44b2-b341-4fdf7afdf02b,22222222-2222-2222-2222-222222222222,589c896a-b144-4ce8-9761-cb204df2b66d,buyer.meghana.27@gmail.com,+919871335966,Meghana Deshpande,True
ce1a503a-fa40-43e9-b1ec-600108824f4e,22222222-2222-2222-2222-222222222222,f0378097-9dd5-4de3-ab89-c015e9797997,buyer.pooja.28@gmail.com,+919854018830,Pooja Pujari,True
72b0e980-22fb-4f4e-8ab8-db19ae696ae2,22222222-2222-2222-2222-222222222222,62d36ae1-eddb-426c-9e2a-580e7623a02d,buyer.basavaraj.29@gmail.com,+919850162553,Basavaraj Acharya,True
f5d202e7-d77e-445e-b9fa-c7b86435e7e0,22222222-2222-2222-2222-222222222222,f8f3026e-d77e-4695-9e7c-7af81a340a6b,buyer.priya.30@gmail.com,+919875746104,Priya Pujari,True
d60247f6-aba1-4f23-8e16-5988c9a87ec7,22222222-2222-2222-2222-222222222222,1c885475-3b7a-4bd6-bd44-b630972622d2,buyer.vinay.31@gmail.com,+919854458225,Vinay Gowda,True
6d17e7e2-07bb-4492-be83-c123a64619fd,22222222-2222-2222-2222-222222222222,86424574-c428-4c73-8670-33f1dc2ccb9d,buyer.arjun.32@gmail.com,+919894457912,Arjun Sharma,True
d13f03d0-f96b-4419-897b-838e2b8eaee0,22222222-2222-2222-2222-222222222222,b8f0a1fe-484a-4ad0-ba4a-f0164c6b752e,buyer.pooja.33@gmail.com,+919897991930,Pooja Deshpande,True
908ea461-c626-49b6-8e23-f4bce8d99406,22222222-2222-2222-2222-222222222222,ca789c8a-2e45-4aba-873f-14b88aad4b90,buyer.lakshmi.34@gmail.com,+919832885741,Lakshmi Sharma,True
34bef981-1e45-4a9c-8874-896b3038c882,22222222-2222-2222-2222-222222222222,4352ad5d-8dd7-4b0a-a454-105390cbbc85,buyer.siddarama.35@gmail.com,+919886849080,Siddarama Kumar,True
b3e95514-4e45-4223-a9bc-74a09a63de66,22222222-2222-2222-2222-222222222222,033a7a16-3b67-4f5d-aaae-2cfdcebec023,buyer.kavya.36@gmail.com,+919852103092,Kavya Gowda,True
053d180f-6f59-4652-be0d-e006539b9f79,22222222-2222-2222-2222-222222222222,14e15950-eb29-4890-b1bb-c14c192fe5ef,buyer.siddarama.37@gmail.com,+919865079923,Siddarama Chari,True
cc3536f1-ec83-4612-bc52-057dbce7ab68,22222222-2222-2222-2222-222222222222,589c896a-b144-4ce8-9761-cb204df2b66d,buyer.lakshmi.38@gmail.com,+919837828932,Lakshmi Bhat,True
19c21040-bf10-4fd9-86a5-9342d7b111dc,22222222-2222-2222-2222-222222222222,d4bea6fa-ee4f-459e-a945-d73c421c6c88,buyer.vinay.39@gmail.com,+919852111160,Vinay Pujari,True
57004c9d-56fe-48e9-9399-d278ccd80478,22222222-2222-2222-2222-222222222222,12d86daa-2a90-4421-b2cb-cfe7366deff1,buyer.karthik.40@gmail.com,+919883319550,Karthik Verma,True
9f443bf7-0e85-423b-90e6-eb1174f297e6,22222222-2222-2222-2222-222222222222,b50ecb97-8306-451b-9c38-4ce6c1e70e1f,buyer.gowramma.41@gmail.com,+919843087238,Gowramma Deshpande,True
368152d3-2bbc-4220-ae10-b907419844b6,22222222-2222-2222-2222-222222222222,44f8fbd8-8b07-4ac7-9fb6-b74ff9e66aff,buyer.aditya.42@gmail.com,+919849945150,Aditya Naik,True
6ece3927-e8b8-4a98-a58d-70519d24c1be,22222222-2222-2222-2222-222222222222,b8f597b4-e56e-4f0d-9f0e-28138caa3fce,buyer.deepak.43@gmail.com,+919874398125,Deepak Deshpande,True
b3bfe8f1-e9f1-4d3b-a015-0adf1b1e0cfc,22222222-2222-2222-2222-222222222222,b9b42a0d-3ca5-4969-87b8-94668c56dfb1,buyer.aditya.44@gmail.com,+919826357665,Aditya Murthy,True
9f533436-cee1-440e-b86f-fe34a021f6a2,22222222-2222-2222-2222-222222222222,9149ad34-73c3-4543-b6dd-4ca74bdec3b1,buyer.sowmya.45@gmail.com,+919848983895,Sowmya Swamy,True
1c4cf2bc-ef56-463a-9b96-09672c27ee20,22222222-2222-2222-2222-222222222222,bf99d3de-1ed1-411b-abeb-a13fcd4ea12f,buyer.darshan.46@gmail.com,+919869374716,Darshan Patil,True
3222469d-4132-45e8-9295-4c8a04a60798,22222222-2222-2222-2222-222222222222,142ab0cb-6e9c-475a-8368-c2ccab662285,buyer.vinay.47@gmail.com,+919882286705,Vinay Rao,True
d589e9b9-3a4b-48a6-b51a-ae989061d192,22222222-2222-2222-2222-222222222222,f0378097-9dd5-4de3-ab89-c015e9797997,buyer.aditya.48@gmail.com,+919824660143,Aditya Murthy,True
eedc2708-1df0-4a75-86aa-8f7eed87fea2,22222222-2222-2222-2222-222222222222,68bcdb71-4814-4ddf-8c72-e689eff119fb,buyer.sunitha.49@gmail.com,+919840289135,Sunitha Reddy,True
7700709f-d0c8-4a98-8b3a-bba5da377121,22222222-2222-2222-2222-222222222222,7e80b53a-d3d4-43be-85e3-5602b12e1fe5,buyer.lakshmi.50@gmail.com,+919854331259,Lakshmi Hegde,True
3ceaf4f6-78b0-4f1b-af10-fd29769e06da,22222222-2222-2222-2222-222222222222,44024d53-fc4b-4622-88b2-54c33d55a8fd,buyer.pavitra.51@gmail.com,+919883867070,Pavitra Bhat,True
d3450dd4-dfec-4248-8543-094134634518,22222222-2222-2222-2222-222222222222,ca789c8a-2e45-4aba-873f-14b88aad4b90,buyer.arjun.52@gmail.com,+919897313825,Arjun Deshpande,True
1fc8658c-21f7-4360-8240-d5a3e810318a,22222222-2222-2222-2222-222222222222,b9b42a0d-3ca5-4969-87b8-94668c56dfb1,buyer.darshan.53@gmail.com,+919896690951,Darshan Prasad,True
b5fb5987-cf92-45aa-ac68-a63535aaf2ee,22222222-2222-2222-2222-222222222222,47d83015-f301-4f72-bf9f-54e67271bb0e,buyer.venkatesh.54@gmail.com,+919881826922,Venkatesh Sharma,True
51e7ccc1-427d-4d53-ab6d-ea26c5adf275,22222222-2222-2222-2222-222222222222,78fa4c76-acf7-4e60-a1dc-6a9277ff8117,buyer.nandini.55@gmail.com,+919814877451,Nandini Chari,True
4ebc16aa-3544-450a-8fa2-d85a2b989e22,22222222-2222-2222-2222-222222222222,c7146e3a-e7bc-4fd2-a32a-b3c65ec3f796,buyer.chandrashekar.56@gmail.com,+919815028625,Chandrashekar Shetty,True
3a58b2ff-4687-4371-bc69-57610a6a50c5,22222222-2222-2222-2222-222222222222,0465a261-e252-4140-8f79-ae641798402f,buyer.rakshith.57@gmail.com,+919824401654,Rakshith Sharma,True
0b0a991b-00e2-45d4-881d-5b369c8de8eb,22222222-2222-2222-2222-222222222222,6ba6f1f3-cbbf-4e2f-bd7e-91408dc38963,buyer.darshan.58@gmail.com,+919880372842,Darshan Kulkarni,True
03957489-a631-41f1-ad0b-e57a2163c945,22222222-2222-2222-2222-222222222222,7a89dee4-d0f6-489b-8490-3fee32a9628d,buyer.shiva.59@gmail.com,+919846619573,Shiva Pujari,True
09dd2bed-32b2-4101-b940-fbc64f851b14,22222222-2222-2222-2222-222222222222,3a69cece-d091-41b9-990f-747a4ee77301,buyer.girish.60@gmail.com,+919871594457,Girish Prasad,True
c26d22f8-f9bf-486b-b7ee-5806b6c894cf,22222222-2222-2222-2222-222222222222,fcf5e81c-8baf-4ced-957b-e874d3a1f9be,buyer.nandini.61@gmail.com,+919849597485,Nandini Gowda,True
08cf1318-f2cd-44ba-9f69-e2ed83abf386,22222222-2222-2222-2222-222222222222,d0810c38-1a36-45fe-bf9e-413fd460d03d,buyer.nandini.62@gmail.com,+919879159799,Nandini Acharya,True
0a1a73a8-703d-45ac-b98d-f3650b95942b,22222222-2222-2222-2222-222222222222,5d74524d-6c3f-4dd7-ae9c-17f33c973e16,buyer.venkatesh.63@gmail.com,+919834800912,Venkatesh Acharya,True
593749dd-d60e-4233-9255-f4f4460358ca,22222222-2222-2222-2222-222222222222,d861edd6-3a0f-464c-bc95-95087156bbef,buyer.vinay.64@gmail.com,+919810916723,Vinay Prasad,True
b009799b-fcac-44fb-9bdf-22a937fe452b,22222222-2222-2222-2222-222222222222,aa423df6-efc3-42bd-b10e-dc0b9cee065f,buyer.kishore.65@gmail.com,+919845835371,Kishore Kumar,True
e725698a-73ff-4a06-83df-dacf46a96813,22222222-2222-2222-2222-222222222222,b11cda97-ad4d-4eaa-aa15-50e8f952d5b8,buyer.rakshith.66@gmail.com,+919811534878,Rakshith Sharma,True
bf189b0d-4b93-44d5-8da8-05bff4b21b85,22222222-2222-2222-2222-222222222222,b8f50ce6-446d-4940-8b83-4b6f9d65ef95,buyer.harish.67@gmail.com,+919899628735,Harish Kumar,True
fbff22a4-f493-4de3-81e3-b1a096b7fe41,22222222-2222-2222-2222-222222222222,1c76eb5f-e20d-46b5-a6dc-9bb1a9c5b578,buyer.karthik.68@gmail.com,+919864414096,Karthik Naik,True
a7022217-17e5-4e35-9744-8361f0f19821,22222222-2222-2222-2222-222222222222,1c885475-3b7a-4bd6-bd44-b630972622d2,buyer.girish.69@gmail.com,+919892493631,Girish Naik,True
bdfae024-05ab-45e5-bd20-be4f83c4e5c8,22222222-2222-2222-2222-222222222222,ca789c8a-2e45-4aba-873f-14b88aad4b90,buyer.chetan.70@gmail.com,+919830560218,Chetan Bhat,True
03ed92dd-038e-481d-972c-2145868f903f,22222222-2222-2222-2222-222222222222,4fb8f0b4-e9bb-4596-9c00-ef9562f88ebe,buyer.pooja.71@gmail.com,+919883717007,Pooja Swamy,True
3b67a860-8524-4b75-8aa4-dcf1574ad09c,22222222-2222-2222-2222-222222222222,d861edd6-3a0f-464c-bc95-95087156bbef,buyer.sneha.72@gmail.com,+919889968863,Sneha Rao,True
e80e0b0b-349f-454d-a204-881b2021f2c2,22222222-2222-2222-2222-222222222222,68bcdb71-4814-4ddf-8c72-e689eff119fb,buyer.rahul.73@gmail.com,+919858557943,Rahul Kulkarni,True
667d6422-96b9-454f-8f84-7e32c382165c,22222222-2222-2222-2222-222222222222,b8f50ce6-446d-4940-8b83-4b6f9d65ef95,buyer.neha.74@gmail.com,+919883504237,Neha Hegde,True
3eff24e9-8e84-4950-8b7f-cd6c5cfc6d1c,22222222-2222-2222-2222-222222222222,49852634-60bb-4b2a-a82f-ef4d48835087,buyer.neha.75@gmail.com,+919832083803,Neha Verma,True
a0f236c9-24b6-48c0-ad49-aa5b5eec158e,22222222-2222-2222-2222-222222222222,1c3df6d9-543c-467d-b533-51c7b5d5a12d,buyer.rahul.76@gmail.com,+919837568520,Rahul Kulkarni,True
d665519c-efa0-4b46-a855-c0c107bd9c6a,22222222-2222-2222-2222-222222222222,aa423df6-efc3-42bd-b10e-dc0b9cee065f,buyer.venkatesh.77@gmail.com,+919817467311,Venkatesh Pujari,True
f60372bd-e431-49d9-bb16-8e677a5c8a66,22222222-2222-2222-2222-222222222222,4fb8f0b4-e9bb-4596-9c00-ef9562f88ebe,buyer.shiva.78@gmail.com,+919871310453,Shiva Pujari,True
376caca4-845a-4ab7-8e6d-f293f3a8abc8,22222222-2222-2222-2222-222222222222,86424574-c428-4c73-8670-33f1dc2ccb9d,buyer.aditya.79@gmail.com,+919812921981,Aditya Kulkarni,True
38db675b-2c08-410d-855b-23a4f313aea7,22222222-2222-2222-2222-222222222222,d19368a0-25af-4f8d-aad5-5ac9a8c614f4,buyer.gowramma.80@gmail.com,+919887619624,Gowramma Gowda,True
8166097f-4ebd-4bb8-bb8c-1dec6fafbafd,22222222-2222-2222-2222-222222222222,bf99d3de-1ed1-411b-abeb-a13fcd4ea12f,buyer.suresh.81@gmail.com,+919818557710,Suresh Chari,True
22f49894-baf2-4f8f-b799-0cc6f9fc9bdd,22222222-2222-2222-2222-222222222222,4352ad5d-8dd7-4b0a-a454-105390cbbc85,buyer.anand.82@gmail.com,+919848532662,Anand Deshpande,True
120fccb6-00a1-4449-bd47-31ca0423099c,22222222-2222-2222-2222-222222222222,f4b442af-096e-40de-9de6-4170e6850236,buyer.nandini.83@gmail.com,+919860259293,Nandini Bhat,True
3e487fdd-44a6-425b-947e-69f8e01a0725,22222222-2222-2222-2222-222222222222,d4bea6fa-ee4f-459e-a945-d73c421c6c88,buyer.roopa.84@gmail.com,+919820770971,Roopa Acharya,True
4a28ef9c-ee7a-477a-82b7-ada32b72da22,22222222-2222-2222-2222-222222222222,78fa4c76-acf7-4e60-a1dc-6a9277ff8117,buyer.shilpa.85@gmail.com,+919882109613,Shilpa Hegde,True
6c673b55-a511-4862-9c51-d874430e6777,22222222-2222-2222-2222-222222222222,44f8fbd8-8b07-4ac7-9fb6-b74ff9e66aff,buyer.rahul.86@gmail.com,+919810466177,Rahul Bhat,True
d8331734-4431-4cda-b3d8-20abedb7105e,22222222-2222-2222-2222-222222222222,6ba6f1f3-cbbf-4e2f-bd7e-91408dc38963,buyer.rakshith.87@gmail.com,+919866925500,Rakshith Kulkarni,True
bc9ff18d-2d26-4e2d-b8c2-adae8ced7f2c,22222222-2222-2222-2222-222222222222,5137427d-7ad1-4e69-bb36-800b24e4917a,buyer.chetan.88@gmail.com,+919856460773,Chetan Kumar,True
313db823-5c37-4e01-930a-5732364aad2e,22222222-2222-2222-2222-222222222222,6087b176-9d67-4d80-a476-3f0e44a2e9eb,buyer.prajwal.89@gmail.com,+919814324134,Prajwal Rao,True
12d88224-c3ab-4bc0-ad58-79c9b214fe76,22222222-2222-2222-2222-222222222222,0a29495c-3c3b-4000-8a06-033d9420bb72,buyer.gautam.90@gmail.com,+919837659807,Gautam Gowda,True
1aedc795-cf9d-4fcb-808e-dba2a4e1e054,22222222-2222-2222-2222-222222222222,aa423df6-efc3-42bd-b10e-dc0b9cee065f,buyer.pavitra.91@gmail.com,+919890233330,Pavitra Reddy,True
1b1d3222-54b9-4f9f-980a-8c12453f7c67,22222222-2222-2222-2222-222222222222,8ccc880e-65fb-43ed-8f47-d05767d703e5,buyer.sunitha.92@gmail.com,+919868916591,Sunitha Reddy,True
d8c762d0-52cd-426c-9c62-672ecba18a98,22222222-2222-2222-2222-222222222222,b9534d3d-3edd-40f0-ae93-6aad2c6a1816,buyer.sneha.93@gmail.com,+919828808678,Sneha Rao,True
0e9845a6-c188-4c7a-bf3f-4490ff159bfc,22222222-2222-2222-2222-222222222222,b8f597b4-e56e-4f0d-9f0e-28138caa3fce,buyer.chetan.94@gmail.com,+919887507357,Chetan Sharma,True
e10f9a08-c6aa-4a5c-9cc2-6a5396b0492e,22222222-2222-2222-2222-222222222222,86bb78aa-f89a-45b3-9d0b-9e381988c857,buyer.sunitha.95@gmail.com,+919898612211,Sunitha Naik,True
04a034d6-81db-4085-88b1-5cc7663937e5,22222222-2222-2222-2222-222222222222,74e9bbfa-1b1d-435f-9984-f479146f6ea2,buyer.arjun.96@gmail.com,+919818181595,Arjun Naik,True
6934ce95-9ac3-4a65-89c6-c26a11ddf92a,22222222-2222-2222-2222-222222222222,58c16f9b-36f4-4bbd-b5ec-ddd7595ee919,buyer.bharath.97@gmail.com,+919816292676,Bharath Verma,True
535bd46e-9a4f-4825-a82c-f16e070eb9f1,22222222-2222-2222-2222-222222222222,b8f597b4-e56e-4f0d-9f0e-28138caa3fce,buyer.kishore.98@gmail.com,+919865878146,Kishore Pujari,True
8e289d2c-e942-45fa-bfd1-7a35605978ef,22222222-2222-2222-2222-222222222222,d4bea6fa-ee4f-459e-a945-d73c421c6c88,buyer.siddarama.99@gmail.com,+919834679818,Siddarama Naik,True
44a93223-cfcf-463d-914e-084932d5033a,33333333-3333-3333-3333-333333333333,f6ab4597-3f83-4d14-8238-1d94d6b7d9db,hub.sunitha.0@agrilink.in,+919829374563,Sunitha Kumar (SHG Homemaker Aggregator),True
e18cfc79-1bab-4643-b9d9-ec2da359e0cb,33333333-3333-3333-3333-333333333333,7e80b53a-d3d4-43be-85e3-5602b12e1fe5,hub.lakshmi.1@agrilink.in,+919865902739,Lakshmi Verma (SHG Homemaker Aggregator),True
5862334c-102a-421e-b8cf-ad4e84efde9a,33333333-3333-3333-3333-333333333333,8f265c19-965c-4cf3-8173-d9bbd5ea8bcf,hub.shiva.2@agrilink.in,+919844224936,Shiva Acharya (SHG Homemaker Aggregator),True
6faddf13-c939-4c3c-8832-21e2c5708f4e,33333333-3333-3333-3333-333333333333,1c885475-3b7a-4bd6-bd44-b630972622d2,hub.venkatesh.3@agrilink.in,+919822410307,Venkatesh Kulkarni (SHG Homemaker Aggregator),True
30ff46c0-4f0a-4ca0-b38c-79b8f17798b9,33333333-3333-3333-3333-333333333333,fcaeb8d2-d830-495d-a050-4ebbedaec2ef,hub.kavya.4@agrilink.in,+919860622628,Kavya Reddy (SHG Homemaker Aggregator),True
f3f25540-7fce-46d3-9c91-ed92de824020,33333333-3333-3333-3333-333333333333,5ff6c1b6-24f9-4fc1-b058-c5db55730125,hub.pooja.5@agrilink.in,+919835254849,Pooja Reddy (SHG Homemaker Aggregator),True
6c2e7090-8602-4df1-bdf0-9c6410ac427a,33333333-3333-3333-3333-333333333333,d19368a0-25af-4f8d-aad5-5ac9a8c614f4,hub.varun.6@agrilink.in,+919874343201,Varun Verma (SHG Homemaker Aggregator),True
741492d5-704a-468c-b26b-c1c163e40f0f,33333333-3333-3333-3333-333333333333,a96689a6-ac68-4de1-adcc-7fa7140971e8,hub.meghana.7@agrilink.in,+919838428357,Meghana Naik (SHG Homemaker Aggregator),True
927b542f-e3cb-44d5-8807-ec8b5f2e6a33,33333333-3333-3333-3333-333333333333,8f265c19-965c-4cf3-8173-d9bbd5ea8bcf,hub.girish.8@agrilink.in,+919891121400,Girish Deshpande (SHG Homemaker Aggregator),True
6ec97c20-5060-4cb6-977b-e22106b4c7a2,33333333-3333-3333-3333-333333333333,6925b4a4-55d7-4449-b437-471cd7eef24b,hub.sowmya.9@agrilink.in,+919853166435,Sowmya Kumar (SHG Homemaker Aggregator),True
dcf03d1b-f415-4c9d-8ad9-4f784b18f94d,33333333-3333-3333-3333-333333333333,f8f3026e-d77e-4695-9e7c-7af81a340a6b,hub.kishore.10@agrilink.in,+919897069904,Kishore Kulkarni (SHG Homemaker Aggregator),True
4e465036-3cdb-4687-b9a1-25ec9d79ef85,33333333-3333-3333-3333-333333333333,16f5e77f-622c-4f19-a87d-67e8fd999e30,hub.gowramma.11@agrilink.in,+919876743428,Gowramma Swamy (SHG Homemaker Aggregator),True
7a0af83e-e0b5-4477-bd53-9d969410d866,33333333-3333-3333-3333-333333333333,14e15950-eb29-4890-b1bb-c14c192fe5ef,hub.vinay.12@agrilink.in,+919859755172,Vinay Prasad (SHG Homemaker Aggregator),True
de99bbdb-0fbd-4365-8bd6-0612d03a361d,33333333-3333-3333-3333-333333333333,becb3e94-fdc2-4b85-928f-958b8b5651ee,hub.suresh.13@agrilink.in,+919829585415,Suresh Sharma (SHG Homemaker Aggregator),True
a51eb37c-abe4-4211-bd74-e96a0f5d4f29,33333333-3333-3333-3333-333333333333,8ef74f4e-697d-4694-8e2b-8109ba0be15b,hub.aditya.14@agrilink.in,+919866046380,Aditya Sharma (SHG Homemaker Aggregator),True
da896eb7-5cc7-4784-8389-a6f52cdb7a5d,33333333-3333-3333-3333-333333333333,2273bb51-d747-4478-a1e3-18f146a5acdc,hub.kavya.15@agrilink.in,+919860981231,Kavya Prasad (SHG Homemaker Aggregator),True
9a250216-f867-474d-9bf5-fa45e429d5b3,33333333-3333-3333-3333-333333333333,8522741b-1210-4ef2-b04d-7c54bd2d229e,hub.sunitha.16@agrilink.in,+919897859993,Sunitha Deshpande (SHG Homemaker Aggregator),True
db2400b1-5911-4794-838e-9014c98b59fc,33333333-3333-3333-3333-333333333333,b415ff1d-f34c-4e0e-960f-bd11d3550b03,hub.meghana.17@agrilink.in,+919896126771,Meghana Murthy (SHG Homemaker Aggregator),True
ebed3d77-3f31-49a5-bfa9-2417a0b1084c,33333333-3333-3333-3333-333333333333,2e02adf9-8bf9-4662-96d2-7293d00c60cc,hub.karthik.18@agrilink.in,+919832718459,Karthik Shetty (SHG Homemaker Aggregator),True
a672bdfe-cb7d-4977-b61c-77217c63419d,33333333-3333-3333-3333-333333333333,75e29888-e9c0-4cb6-9a88-72c144a3f0f8,hub.sneha.19@agrilink.in,+919882764376,Sneha Deshpande (SHG Homemaker Aggregator),True
f876f85e-dd4a-404b-b539-3c190169f811,33333333-3333-3333-3333-333333333333,4352ad5d-8dd7-4b0a-a454-105390cbbc85,hub.lakshmi.20@agrilink.in,+919819976458,Lakshmi Pujari (Corridor Transit Operator),True
4e70b714-74d2-41e5-8e02-3e4157b623ef,33333333-3333-3333-3333-333333333333,7e80b53a-d3d4-43be-85e3-5602b12e1fe5,hub.lakshmi.21@agrilink.in,+919828453800,Lakshmi Gowda (Corridor Transit Operator),True
04caa52d-56ef-442b-80b2-a52b833988c8,33333333-3333-3333-3333-333333333333,49852634-60bb-4b2a-a82f-ef4d48835087,hub.chetan.22@agrilink.in,+919811226946,Chetan Patil (Corridor Transit Operator),True
9cb1034a-8384-43c8-b0bc-d3b7a75c909f,33333333-3333-3333-3333-333333333333,b8f50ce6-446d-4940-8b83-4b6f9d65ef95,hub.karthik.23@agrilink.in,+919892924441,Karthik Swamy (Corridor Transit Operator),True
2d834961-fcc6-477f-929b-be7f32d285ae,33333333-3333-3333-3333-333333333333,883c4dda-da7a-403a-818e-0e9a55b29c32,hub.gautam.24@agrilink.in,+919812111482,Gautam Deshpande (Corridor Transit Operator),True
68f4e697-d0d1-4fd0-ae20-9d77ab7abace,33333333-3333-3333-3333-333333333333,a96689a6-ac68-4de1-adcc-7fa7140971e8,hub.aditya.25@agrilink.in,+919812244945,Aditya Chari (Corridor Transit Operator),True
5d495dd2-c8ca-4e3e-9207-17e3d1e0eec5,33333333-3333-3333-3333-333333333333,b9b42a0d-3ca5-4969-87b8-94668c56dfb1,hub.prajwal.26@agrilink.in,+919812300840,Prajwal Verma (Corridor Transit Operator),True
a616ce3d-96de-4a53-a404-a7cb2f6ca660,33333333-3333-3333-3333-333333333333,6c1d8592-bdfc-468f-aa24-143280838b4e,hub.bharath.27@agrilink.in,+919822927031,Bharath Shetty (Corridor Transit Operator),True
58903be1-07f5-4dd5-9158-1ce264dc65fe,33333333-3333-3333-3333-333333333333,1031e818-9276-403b-8205-c044c508c560,hub.sunitha.28@agrilink.in,+919880659726,Sunitha Rao (Corridor Transit Operator),True
3ad0627f-7727-45b5-88b1-ab64a3309de5,33333333-3333-3333-3333-333333333333,999f86cd-23da-4ec7-bd41-27dda04fe8e5,hub.shilpa.29@agrilink.in,+919820605783,Shilpa Murthy (Corridor Transit Operator),True
97c7fcbb-d2bd-4f0e-8ff8-ab1221c94e44,44444444-4444-4444-4444-444444444444,18109dd0-6c31-419e-8e3b-0d015befc357,ops.sowmya.0@agrilink.in,+919842642810,Sowmya Kulkarni (Corridor Operations),True
adc8746c-b2c8-4b62-abc7-78a0fc2967f6,44444444-4444-4444-4444-444444444444,ef1e6061-8738-4abe-8efd-59a4cb2a0455,ops.chetan.1@agrilink.in,+919897742922,Chetan Naik (Corridor Operations),True
93dd4eab-3d90-453e-bf2f-01889e54202c,44444444-4444-4444-4444-444444444444,b93e5d74-a4c6-4af9-b3c5-1915fa70349c,ops.suresh.2@agrilink.in,+919860903955,Suresh Patil (Corridor Operations),True
8241ae25-f89a-41b2-b1aa-18861be29e64,44444444-4444-4444-4444-444444444444,e1dd3f4e-211e-4344-9ed9-aabbb78f5aac,ops.kishore.3@agrilink.in,+919817531619,Kishore Verma (Corridor Operations),True
3c246333-57c4-45ef-a276-21198dbda662,44444444-4444-4444-4444-444444444444,c2fb3ea6-e554-4e32-a11b-5272282d67ef,ops.ramesh.4@agrilink.in,+919877089857,Ramesh Shetty (Corridor Operations),True
c84d0cac-a879-41ca-8d9d-66bd94e90ec1,44444444-4444-4444-4444-444444444444,18109dd0-6c31-419e-8e3b-0d015befc357,ops.bharath.5@agrilink.in,+919822799248,Bharath Prasad (Corridor Operations),True
1110c220-8126-44bd-9abf-47a148a05aac,44444444-4444-4444-4444-444444444444,2273bb51-d747-4478-a1e3-18f146a5acdc,ops.rahul.6@agrilink.in,+919838375916,Rahul Reddy (Corridor Operations),True
99e0966a-ff7f-41c5-95df-3cdcc0a04772,44444444-4444-4444-4444-444444444444,2257ffa6-db77-4d2b-9d5d-09ca44df001c,ops.neha.7@agrilink.in,+919816249441,Neha Deshpande (Corridor Operations),True
fe912692-e0b0-4273-9498-a7e4e84271d7,44444444-4444-4444-4444-444444444444,6ba6f1f3-cbbf-4e2f-bd7e-91408dc38963,ops.anand.8@agrilink.in,+919885633013,Anand Murthy (Corridor Operations),True
fdd0959c-9fc0-4ca6-8cd0-39925ce99712,44444444-4444-4444-4444-444444444444,472e74f1-a782-44d4-88c0-8a01d8240482,ops.suresh.9@agrilink.in,+919812101593,Suresh Shetty (Corridor Operations),True
e615ddf3-797c-499c-9d7f-9ee782fd0b07,44444444-4444-4444-4444-444444444444,86bb78aa-f89a-45b3-9d0b-9e381988c857,ops.deepak.10@agrilink.in,+919863458386,Deepak Sharma (Corridor Operations),True
518008f6-b5dc-4daf-b926-ebceb220b43f,44444444-4444-4444-4444-444444444444,3a69cece-d091-41b9-990f-747a4ee77301,ops.anand.11@agrilink.in,+919885693188,Anand Naik (Corridor Operations),True
ae491d58-901e-435a-a3c5-8907946a316a,44444444-4444-4444-4444-444444444444,111d9a7e-ab8d-47f5-8d10-95e33b8aff64,ops.sunitha.12@agrilink.in,+919882553061,Sunitha Sharma (Corridor Operations),True
7a1144c9-05f0-43b7-8ea4-b8769892f0b0,44444444-4444-4444-4444-444444444444,f0378097-9dd5-4de3-ab89-c015e9797997,ops.meghana.13@agrilink.in,+919820526386,Meghana Acharya (Corridor Operations),True
fddc076e-1abc-4b41-8dc5-e111ea368eaf,44444444-4444-4444-4444-444444444444,7cfa432f-b2ab-4cec-bff6-9bef1020bce0,ops.priya.14@agrilink.in,+919823111164,Priya Swamy (Corridor Operations),True
3e07dc76-7dd1-4f11-8060-0cd5259bfb3f,44444444-4444-4444-4444-444444444444,b46042e1-94c8-4586-b854-8ae87b6760d4,ops.bharath.15@agrilink.in,+919855713584,Bharath Kumar (Corridor Operations),True
639f6233-fbdc-4078-bf1b-7f8d54f1f70f,44444444-4444-4444-4444-444444444444,906913b3-1473-4ef1-8a69-b0552ae78dd9,ops.pooja.16@agrilink.in,+919813976288,Pooja Acharya (Corridor Operations),True
b705c6ef-f836-457c-b08a-ad01a91f1c9e,44444444-4444-4444-4444-444444444444,b415ff1d-f34c-4e0e-960f-bd11d3550b03,ops.prajwal.17@agrilink.in,+919840620216,Prajwal Kulkarni (Corridor Operations),True
8b2cc285-cc5b-417a-a64d-7f434c58bb45,44444444-4444-4444-4444-444444444444,d4bea6fa-ee4f-459e-a945-d73c421c6c88,ops.shilpa.18@agrilink.in,+919867961650,Shilpa Verma (Corridor Operations),True
6053f6fc-60c3-42ea-b147-d700e44fb70b,44444444-4444-4444-4444-444444444444,16878a43-9d8e-4922-978f-85f02df7cbba,ops.nandini.19@agrilink.in,+919821501669,Nandini Sharma (Corridor Operations),True
