order_id,customer_id,total_amount,order_status,payment_method
7814a3bd-c0ac-41d6-b685-606257181026,415c5186-549e-44e9-9132-6d158175f5c1,316.16,DELIVERED,RAZORPAY
4a1dab7f-3c5b-4fa4-8ed7-0f5a059fc0e3,415c5186-549e-44e9-9132-6d158175f5c1,358.36,DELIVERED,RAZORPAY
27b46fc8-6edb-4474-b531-35db14badf58,415c5186-549e-44e9-9132-6d158175f5c1,425.41,DELIVERED,UPI_PHONEPE
0bcad669-2664-4758-8b04-4b805b06a314,415c5186-549e-44e9-9132-6d158175f5c1,560.77,DELIVERED,UPI_GPAY
4e86e1a1-4c7a-4fc1-9d2b-b62d3b095d20,7da7a7d5-e468-4f10-a91c-c07fd503dc72,299.28,DELIVERED,RAZORPAY
5aa628dd-45b5-493a-bb00-08e01ade80cd,7da7a7d5-e468-4f10-a91c-c07fd503dc72,492.38,DELIVERED,CASH_ON_DELIVERY
f54799ef-dfcd-4685-a317-b345d54879b3,7da7a7d5-e468-4f10-a91c-c07fd503dc72,519.56,DELIVERED,UPI_GPAY
8fa74ae3-9cc0-4089-9ca7-b482474a3977,7da7a7d5-e468-4f10-a91c-c07fd503dc72,372.45,DELIVERED,NET_BANKING
d1fc121c-6529-4a63-8684-450fdbba0a09,7da7a7d5-e468-4f10-a91c-c07fd503dc72,447.07,DELIVERED,CASH_ON_DELIVERY
c00afd0d-5174-4b1a-bafa-39f2a3932611,4be287a3-4af7-4b0f-93da-1215dbbe7007,342.76,DELIVERED,RAZORPAY
bcae986d-14f3-4003-910f-d02054afd1af,4be287a3-4af7-4b0f-93da-1215dbbe7007,186.21,DELIVERED,UPI_GPAY
df1dbd28-6166-4183-a602-b35b9c0b745b,4be287a3-4af7-4b0f-93da-1215dbbe7007,500.97,DELIVERED,UPI_GPAY
f55ee903-f697-41cd-8292-d8ac7cd97ff3,f685a52e-f09f-45e3-b296-668bbb414f9f,859.37,DELIVERED,UPI_GPAY
e6a31d97-4e46-4b44-acdf-ed876d1f0d41,f685a52e-f09f-45e3-b296-668bbb414f9f,1105.14,DELIVERED,UPI_GPAY
c4368b4d-1065-4324-bfd1-73e63d4e55a7,f685a52e-f09f-45e3-b296-668bbb414f9f,916.96,DELIVERED,UPI_GPAY
e631ebef-71b0-4b69-94dc-5231eb5dc94f,f685a52e-f09f-45e3-b296-668bbb414f9f,900.7,DELIVERED,NET_BANKING
7ef31c51-e64d-4294-b3a8-9e752da7096e,f685a52e-f09f-45e3-b296-668bbb414f9f,1047.31,DELIVERED,UPI_PHONEPE
3be62aea-ef86-4fa3-ba6a-ead0ac4b981d,f685a52e-f09f-45e3-b296-668bbb414f9f,730.44,DELIVERED,CASH_ON_DELIVERY
83d60ef6-5dc5-4211-b905-9f52d97eb607,f3fa5f28-5d69-41fc-a0e8-369ed44442f3,727.64,DELIVERED,CASH_ON_DELIVERY
c70d32c3-0a25-4c2a-a6cb-5d8a82fe3d3a,f3fa5f28-5d69-41fc-a0e8-369ed44442f3,565.49,DELIVERED,UPI_GPAY
f0e1f08a-d6a2-4e62-8482-c16c53fc5fd4,f3fa5f28-5d69-41fc-a0e8-369ed44442f3,492.82,DELIVERED,UPI_GPAY
eb40eb10-64a5-4ac3-bf42-e750d33dc504,f3fa5f28-5d69-41fc-a0e8-369ed44442f3,275.85,DELIVERED,UPI_GPAY
b2171627-358d-4be4-bf8b-baad599e36d5,f3fa5f28-5d69-41fc-a0e8-369ed44442f3,211.91,DELIVERED,RAZORPAY
9d5ee820-6174-466f-bff8-e640955fa897,94141fff-971c-4f52-8395-528bde27315a,801.76,DELIVERED,UPI_GPAY
cda6c357-2d90-4b95-85a8-31cecdc01b78,94141fff-971c-4f52-8395-528bde27315a,706.69,DELIVERED,RAZORPAY
f04a7435-6978-4fe1-a898-73f15ee54820,94141fff-971c-4f52-8395-528bde27315a,851.73,DELIVERED,CASH_ON_DELIVERY
2fa04a2e-9d82-45c6-b6e7-c5b00a1d6bbc,94141fff-971c-4f52-8395-528bde27315a,546.75,DELIVERED,CASH_ON_DELIVERY
62ebd67a-0e48-4cb0-97a8-e175c7d26faa,37bb059b-5e8d-42e0-9849-022dce333f74,404.3,DELIVERED,UPI_PHONEPE
9888977b-ba25-4fed-bf70-f21f0160e70b,37bb059b-5e8d-42e0-9849-022dce333f74,622.28,DELIVERED,CASH_ON_DELIVERY
80406585-8dc7-41a2-96d4-946b1fdc44dc,37bb059b-5e8d-42e0-9849-022dce333f74,1001.7,DELIVERED,UPI_GPAY
a27e5196-a6ba-4b69-b2d3-dcd6b02bc4f3,37bb059b-5e8d-42e0-9849-022dce333f74,429.08,DELIVERED,NET_BANKING
4e28bc50-6044-4de9-993f-65c92d878fa9,37bb059b-5e8d-42e0-9849-022dce333f74,417.56,DELIVERED,UPI_GPAY
00fd2a23-969a-4fa6-b06a-b97f5b40a31f,37bb059b-5e8d-42e0-9849-022dce333f74,273.82,DELIVERED,CASH_ON_DELIVERY
c607e91a-7598-4b13-94aa-bf3ae0b6ac65,9f45ad9e-b71e-4c60-9339-d23440eeb9ec,302.12,DELIVERED,UPI_GPAY
f95eadc9-ff1d-48f2-8619-dc06c5990669,9f45ad9e-b71e-4c60-9339-d23440eeb9ec,1167.85,DELIVERED,UPI_GPAY
d81ca4e8-6b59-4760-8c11-e322d747c4bf,9f45ad9e-b71e-4c60-9339-d23440eeb9ec,694.14,DELIVERED,RAZORPAY
ec8c9fb5-ea01-4eb2-8e04-0ed4abe9ff90,9f45ad9e-b71e-4c60-9339-d23440eeb9ec,523.79,DELIVERED,NET_BANKING
e06b2f9f-4ea4-4481-b4ac-0c86bf889874,c10ab049-f2a7-46b2-b4fb-24d4a0618ba0,431.0,DELIVERED,NET_BANKING
d9fe8d82-5013-4ecc-952b-1502f3ea0a5c,c10ab049-f2a7-46b2-b4fb-24d4a0618ba0,444.51,DELIVERED,CASH_ON_DELIVERY
83f43cc7-68cf-4f5e-99e0-e6b8ed103577,c10ab049-f2a7-46b2-b4fb-24d4a0618ba0,347.19,DELIVERED,NET_BANKING
90f0356f-f7d9-40ae-a4a9-fdd3cc8738fc,c10ab049-f2a7-46b2-b4fb-24d4a0618ba0,472.73,DELIVERED,RAZORPAY
d620855b-71d0-408a-addf-93884ea8d20f,c10ab049-f2a7-46b2-b4fb-24d4a0618ba0,223.35,DELIVERED,NET_BANKING
7b60910f-f045-49d0-9151-7a2f87edd3d7,ade771d7-33ad-4f40-b456-f0a9fee988ff,196.17,DELIVERED,UPI_GPAY
fd5745bb-9f29-4d36-9371-e4fae1f60bc1,ade771d7-33ad-4f40-b456-f0a9fee988ff,388.96,DELIVERED,CASH_ON_DELIVERY
760fa665-1e4d-4e63-83ca-d8f821a65bbc,ade771d7-33ad-4f40-b456-f0a9fee988ff,398.45,DELIVERED,RAZORPAY
9e64afc0-a264-41eb-9f2f-5db005e16aa1,ade771d7-33ad-4f40-b456-f0a9fee988ff,416.24,DELIVERED,UPI_GPAY
47a0e423-06e3-4cac-9ef2-aa37012a7dad,ade771d7-33ad-4f40-b456-f0a9fee988ff,535.57,DELIVERED,RAZORPAY
89a72a8a-b648-4b88-91a6-99c229162c08,ade771d7-33ad-4f40-b456-f0a9fee988ff,493.3,DELIVERED,RAZORPAY
5faca890-f6fc-49ed-91d7-1b7f44cd338e,d4948ab5-15b7-42a9-a4d8-4c92da1b486c,452.85,DELIVERED,CASH_ON_DELIVERY
98afe395-166f-4c47-b788-8ede5e125e0d,d4948ab5-15b7-42a9-a4d8-4c92da1b486c,350.16,DELIVERED,NET_BANKING
ef4dbc74-3726-401c-8e83-debbe0026db6,d4948ab5-15b7-42a9-a4d8-4c92da1b486c,248.72,DELIVERED,NET_BANKING
af51b2a5-ba2a-405c-9973-887d3ef76992,60bce0c4-e075-416e-b530-453c6922b587,653.46,DELIVERED,NET_BANKING
ced5c039-98e0-4420-90a1-eb5bccd1a899,60bce0c4-e075-416e-b530-453c6922b587,733.07,DELIVERED,RAZORPAY
8c1f5b26-fbe7-4c67-9342-417dfa3180ff,60bce0c4-e075-416e-b530-453c6922b587,927.45,DELIVERED,CASH_ON_DELIVERY
24364876-ea4d-4261-bdb6-2c548d9827e8,60bce0c4-e075-416e-b530-453c6922b587,667.8,DELIVERED,RAZORPAY
22aae1cc-5017-4497-8bd4-5313f9ad6c84,5146f581-8c3c-4ddb-a6bf-90392f31cff7,754.25,DELIVERED,UPI_PHONEPE
c8eb024e-15d7-41b4-abdc-010b77cd1b6c,5146f581-8c3c-4ddb-a6bf-90392f31cff7,610.48,DELIVERED,RAZORPAY
a9becdf1-e37e-4129-8fcb-58ed3ecf9efc,5146f581-8c3c-4ddb-a6bf-90392f31cff7,945.17,DELIVERED,CASH_ON_DELIVERY
50405f75-1516-4b92-835c-f3ddfc627b44,5146f581-8c3c-4ddb-a6bf-90392f31cff7,742.5,DELIVERED,RAZORPAY
196e0987-19f8-4036-9f8d-66a4a07f555b,5146f581-8c3c-4ddb-a6bf-90392f31cff7,731.16,DELIVERED,UPI_PHONEPE
add4456b-73f7-4371-af4f-1e47f938ed78,6e8429bb-4b3a-4f9f-90fd-1714a5be004d,765.79,DELIVERED,UPI_PHONEPE
081eb6c8-3a72-409c-a584-fb48c95c35cd,6e8429bb-4b3a-4f9f-90fd-1714a5be004d,810.49,DELIVERED,NET_BANKING
c847fdae-6b70-4ff2-897c-43362b8ae2e3,6e8429bb-4b3a-4f9f-90fd-1714a5be004d,1173.2,DELIVERED,NET_BANKING
e19a22b2-a8eb-4412-b25b-5f24df2aa20f,6e8429bb-4b3a-4f9f-90fd-1714a5be004d,524.66,DELIVERED,UPI_PHONEPE
3154f1f8-46d3-48f5-b10a-32edcfab88c4,6e8429bb-4b3a-4f9f-90fd-1714a5be004d,814.31,DELIVERED,UPI_PHONEPE
98c766ee-a589-494a-acae-838cb1558684,6e8429bb-4b3a-4f9f-90fd-1714a5be004d,867.86,DELIVERED,RAZORPAY
3b67b0b4-80d4-4bac-85c8-598b4cb470e6,56422f53-2ae2-4b6f-b750-b63ee1e07845,531.18,DELIVERED,UPI_PHONEPE
440fbcc8-f013-4ccd-8354-9704ec6876a7,56422f53-2ae2-4b6f-b750-b63ee1e07845,371.27,DELIVERED,UPI_PHONEPE
6e7883ac-5c42-4c23-bad0-18c8a150caaf,56422f53-2ae2-4b6f-b750-b63ee1e07845,884.93,DELIVERED,NET_BANKING
3ab256d5-57fa-498e-b98c-c88f24837d51,56422f53-2ae2-4b6f-b750-b63ee1e07845,201.7,DELIVERED,UPI_PHONEPE
ea044190-ccb6-420d-861a-0b3f5344650c,56422f53-2ae2-4b6f-b750-b63ee1e07845,373.27,DELIVERED,NET_BANKING
d5270570-f983-46b7-8bb5-accd2a092230,2553a9ec-9e91-4594-92cb-e95a45580b2c,689.93,DELIVERED,NET_BANKING
c3b30160-e075-43c2-9405-de46db4940e4,2553a9ec-9e91-4594-92cb-e95a45580b2c,997.4,DELIVERED,NET_BANKING
8f203b0a-3e92-46ba-802f-661d7f705970,2553a9ec-9e91-4594-92cb-e95a45580b2c,889.39,DELIVERED,CASH_ON_DELIVERY
d4472519-67a3-41da-8dd3-a18c0e8b7e58,2553a9ec-9e91-4594-92cb-e95a45580b2c,758.78,DELIVERED,NET_BANKING
1babe19d-7b62-4dec-a83a-e71976edffa8,2553a9ec-9e91-4594-92cb-e95a45580b2c,895.25,DELIVERED,CASH_ON_DELIVERY
58399cbc-8a10-49f6-a488-f5f3bc6c55f5,2553a9ec-9e91-4594-92cb-e95a45580b2c,933.94,DELIVERED,RAZORPAY
6dcf811e-74fc-44dc-af84-a4ecc0f8a05d,6a46c140-d217-4b21-a864-dcc86a03328e,631.98,DELIVERED,UPI_GPAY
e33f43a2-fd6c-495f-9fc2-095346f93264,6a46c140-d217-4b21-a864-dcc86a03328e,490.28,DELIVERED,UPI_GPAY
2bb684c4-da45-4b43-9e01-bb508333c353,6a46c140-d217-4b21-a864-dcc86a03328e,574.66,DELIVERED,UPI_PHONEPE
a79b894b-ed71-467f-9fab-3e86ac46c950,6a46c140-d217-4b21-a864-dcc86a03328e,631.0,DELIVERED,CASH_ON_DELIVERY
a610bd56-41f4-45a1-b2b1-39f68b85a811,2631bbc2-340f-4a9a-a752-4cec04e400d2,508.69,DELIVERED,CASH_ON_DELIVERY
ec601616-3297-4522-bc6f-67df4c25ce07,2631bbc2-340f-4a9a-a752-4cec04e400d2,416.05,DELIVERED,NET_BANKING
03d426db-b5c4-4d2c-bc45-07e22a293fca,2631bbc2-340f-4a9a-a752-4cec04e400d2,609.72,DELIVERED,UPI_GPAY
bd2c53b0-cd7c-4f87-a885-b8bf69d098b4,2631bbc2-340f-4a9a-a752-4cec04e400d2,316.03,DELIVERED,NET_BANKING
efa74033-d604-48cc-8683-994aa9657d99,c3df3a50-2251-45a6-883f-032b8033f52e,899.53,DELIVERED,UPI_PHONEPE
89676bc2-c639-4c15-8953-d6dcf00a768d,c3df3a50-2251-45a6-883f-032b8033f52e,893.33,DELIVERED,RAZORPAY
6562c62a-5cf9-4884-83ad-c459fe607d36,c3df3a50-2251-45a6-883f-032b8033f52e,623.2,DELIVERED,NET_BANKING
062225d5-54a4-47a0-b2cd-da15418f6013,c3df3a50-2251-45a6-883f-032b8033f52e,298.6,DELIVERED,RAZORPAY
35cdf1e5-0e9c-4c76-8eb0-0acec0ec54fb,c3df3a50-2251-45a6-883f-032b8033f52e,616.19,DELIVERED,NET_BANKING
a3d85e31-4978-4646-9ee7-6eb7f3615229,c3df3a50-2251-45a6-883f-032b8033f52e,663.88,DELIVERED,NET_BANKING
6e6f723c-2b92-4c00-a819-18910c5542e5,3fe7f558-21bf-4ff6-8746-47c0323cafb0,362.79,DELIVERED,CASH_ON_DELIVERY
76677d99-cd64-4f19-b4d6-f91763432ed1,3fe7f558-21bf-4ff6-8746-47c0323cafb0,807.46,DELIVERED,UPI_GPAY
8cab8283-6c82-43ef-aee2-e433f84e4cad,3fe7f558-21bf-4ff6-8746-47c0323cafb0,1024.6,DELIVERED,RAZORPAY
36fd085a-4932-4960-a6a9-322d07e298c8,3fe7f558-21bf-4ff6-8746-47c0323cafb0,634.06,DELIVERED,NET_BANKING
d936fd8c-a047-4870-8383-a81ad934229e,3fe7f558-21bf-4ff6-8746-47c0323cafb0,1086.92,DELIVERED,NET_BANKING
85928a15-65ef-43fd-b07b-0e956cdf7528,3fe7f558-21bf-4ff6-8746-47c0323cafb0,1120.32,DELIVERED,NET_BANKING
5f8c7034-827d-4a2b-b4b2-03e7f0fc72d1,db2f9e6e-c99d-4f6e-8640-8a7f9ee121bc,428.95,DELIVERED,UPI_GPAY
11e35812-83fc-4f82-beea-1eb511476536,db2f9e6e-c99d-4f6e-8640-8a7f9ee121bc,932.11,DELIVERED,UPI_PHONEPE
bf73f7b2-c4d3-46b4-a513-ad683c076398,db2f9e6e-c99d-4f6e-8640-8a7f9ee121bc,599.95,DELIVERED,UPI_GPAY
065b8f2d-8dd3-4752-8978-bd522d443206,2434510b-4b97-4d29-92d1-a8c111c4d0b8,741.06,DELIVERED,RAZORPAY
15a756df-464c-4ca3-afd0-7e5deb20a3c6,2434510b-4b97-4d29-92d1-a8c111c4d0b8,1083.57,DELIVERED,CASH_ON_DELIVERY
703961df-183a-4550-bf2a-6ff50b1ec154,2434510b-4b97-4d29-92d1-a8c111c4d0b8,1088.93,DELIVERED,UPI_GPAY
11838048-06ca-4e39-9693-13f1b7608e0c,300ccb51-269e-4dad-bbd7-bc4d6f1214bf,212.4,DELIVERED,RAZORPAY
33baf3bd-08b7-47d4-8c70-83de5f515588,300ccb51-269e-4dad-bbd7-bc4d6f1214bf,430.79,DELIVERED,UPI_PHONEPE
1cdc2616-8bde-4bce-84e7-44d5ee3cc32f,300ccb51-269e-4dad-bbd7-bc4d6f1214bf,441.17,DELIVERED,CASH_ON_DELIVERY
b5f5520c-d14c-440a-8642-c7d67440091f,ad765317-0ae5-4394-9861-e51d92a1fcc6,463.79,DELIVERED,UPI_PHONEPE
03b2cd0a-07aa-4f0e-9a50-475af60fc601,ad765317-0ae5-4394-9861-e51d92a1fcc6,510.05,DELIVERED,NET_BANKING
f8fc19d8-1074-4309-9d69-74082a77ec38,ad765317-0ae5-4394-9861-e51d92a1fcc6,989.27,DELIVERED,RAZORPAY
80bd9930-89e9-4dd1-aa8d-7525e584a6d2,ad765317-0ae5-4394-9861-e51d92a1fcc6,467.71,DELIVERED,UPI_PHONEPE
2756c2c7-3974-48d9-bca2-0253586b7098,ad765317-0ae5-4394-9861-e51d92a1fcc6,614.25,DELIVERED,NET_BANKING
e40c6d54-97db-4eac-8544-8ceafb02e3ee,ad765317-0ae5-4394-9861-e51d92a1fcc6,837.16,DELIVERED,CASH_ON_DELIVERY
76b0fdc9-ecd5-4ad2-b8ba-a5d1a81031a1,f0727e5c-5d1e-4ea7-aa00-d6053f839ba3,186.49,DELIVERED,UPI_GPAY
9c8b19e4-bbe9-46ce-942b-d5597876dd64,f0727e5c-5d1e-4ea7-aa00-d6053f839ba3,562.67,DELIVERED,NET_BANKING
f8159a69-60cd-4745-abac-f4eb90d7f4c3,f0727e5c-5d1e-4ea7-aa00-d6053f839ba3,588.26,DELIVERED,UPI_PHONEPE
fdeea3ab-25ba-40d6-8f6b-6b1b91d6fd24,d42e4be4-b29c-47fe-a1b3-8255948344ac,471.31,DELIVERED,UPI_GPAY
576001db-a8a1-4cca-ac5a-3c6a2d3c81b5,d42e4be4-b29c-47fe-a1b3-8255948344ac,454.62,DELIVERED,NET_BANKING
c8a133a8-66f2-4e22-9994-df98fe68873e,d42e4be4-b29c-47fe-a1b3-8255948344ac,349.7,DELIVERED,CASH_ON_DELIVERY
f3840c77-74c7-48f3-bdc6-e25689b5b52a,d42e4be4-b29c-47fe-a1b3-8255948344ac,342.73,DELIVERED,UPI_PHONEPE
88df8c67-a9a4-44bc-a669-5783aa9ab85e,d42e4be4-b29c-47fe-a1b3-8255948344ac,361.03,DELIVERED,RAZORPAY
5b98abca-a0c8-4fa0-9b66-73498b3c86e0,d42e4be4-b29c-47fe-a1b3-8255948344ac,642.86,DELIVERED,CASH_ON_DELIVERY
28953df4-c62f-4a7a-931f-e055e58518c0,db1b9299-96df-4fd8-932c-3ad6613bc967,180.55,DELIVERED,UPI_GPAY
17417889-a07e-4c05-9789-d7eab3b86adf,db1b9299-96df-4fd8-932c-3ad6613bc967,463.41,DELIVERED,RAZORPAY
ef533122-914d-46d6-80ef-dad530d64c6a,db1b9299-96df-4fd8-932c-3ad6613bc967,327.73,DELIVERED,UPI_PHONEPE
c2482b50-68a4-4047-b24b-2d13aff4f9b8,db1b9299-96df-4fd8-932c-3ad6613bc967,438.37,DELIVERED,UPI_GPAY
8f417fbf-f989-4234-a3f6-cfafa1cbfb67,fc895620-c446-471c-972e-18f4ce979e28,1007.69,DELIVERED,UPI_PHONEPE
78c01abf-e2a4-4e54-b422-c94120d94f15,fc895620-c446-471c-972e-18f4ce979e28,1254.33,DELIVERED,NET_BANKING
74da64c9-1d66-4a3d-aba0-8ab468d02e78,fc895620-c446-471c-972e-18f4ce979e28,1081.89,DELIVERED,UPI_GPAY
aa8b7ab7-bb4a-410b-ab7e-1b7e2d4a99ac,fc895620-c446-471c-972e-18f4ce979e28,955.82,DELIVERED,RAZORPAY
cbefdd04-ffd8-4c9d-a8a4-5e2015f10c85,389a7839-5278-4984-bbc6-7d40b80eec74,988.66,DELIVERED,NET_BANKING
7e3f2a2e-b5b8-46f6-9360-439d507ea13b,389a7839-5278-4984-bbc6-7d40b80eec74,590.33,DELIVERED,UPI_GPAY
dcf3761a-00bb-4004-8058-333f603afd73,389a7839-5278-4984-bbc6-7d40b80eec74,1174.1,DELIVERED,CASH_ON_DELIVERY
e328a304-b62b-48d6-a601-924b88268553,389a7839-5278-4984-bbc6-7d40b80eec74,745.02,DELIVERED,UPI_GPAY
6318a73b-c976-4e7e-88e1-2434ab456548,389a7839-5278-4984-bbc6-7d40b80eec74,911.46,DELIVERED,CASH_ON_DELIVERY
9cfd9cb2-369e-4e73-8fb9-7ff637625f8f,f93c5b61-46df-44b0-a718-571307f2d308,983.48,DELIVERED,NET_BANKING
3bacce85-8db9-41a2-949a-1ef5ac9a5ae6,f93c5b61-46df-44b0-a718-571307f2d308,734.26,DELIVERED,RAZORPAY
2244b034-d49a-4166-9ac7-50f255831628,f93c5b61-46df-44b0-a718-571307f2d308,639.47,DELIVERED,RAZORPAY
a2a4054b-1960-424a-8fcb-6aee9eebc4b0,f93c5b61-46df-44b0-a718-571307f2d308,1014.12,DELIVERED,UPI_GPAY
34f2d204-5c94-4cdf-8619-e078a72fc7db,f93c5b61-46df-44b0-a718-571307f2d308,583.41,DELIVERED,UPI_PHONEPE
ce6414d7-898b-43c9-bedd-b1e54579738d,6d807f3a-a6f7-4bd1-9559-7d534e353dc6,269.47,DELIVERED,UPI_GPAY
8b664691-0d5b-42bd-b209-aade089d039a,6d807f3a-a6f7-4bd1-9559-7d534e353dc6,935.66,DELIVERED,UPI_GPAY
069fb7ef-711b-4eec-9efe-cb0107709635,6d807f3a-a6f7-4bd1-9559-7d534e353dc6,399.93,DELIVERED,CASH_ON_DELIVERY
431600f8-ad49-4815-b8bb-84423448812d,fae7e454-f146-44cd-a680-3dfc2879df45,864.71,DELIVERED,NET_BANKING
97f42667-f68f-48a3-bd0f-839a3f5fc50c,fae7e454-f146-44cd-a680-3dfc2879df45,674.52,DELIVERED,UPI_PHONEPE
d0792eb5-274b-46af-bbdb-fec3c977dc43,fae7e454-f146-44cd-a680-3dfc2879df45,640.13,DELIVERED,UPI_GPAY
2b37cdcb-11bf-4b6f-bee6-92785c70e849,4cd53847-8857-4983-ab6f-bbf44a1f863e,439.21,DELIVERED,UPI_PHONEPE
cd97173d-624e-46f3-a9ed-37cec7af225c,4cd53847-8857-4983-ab6f-bbf44a1f863e,461.41,DELIVERED,UPI_GPAY
580b4b92-cea1-452b-89d2-1c178d642d55,4cd53847-8857-4983-ab6f-bbf44a1f863e,452.14,DELIVERED,CASH_ON_DELIVERY
13e4f83d-a176-47fd-bbbe-3f9cef1eaef4,4cd53847-8857-4983-ab6f-bbf44a1f863e,307.08,DELIVERED,NET_BANKING
41a81e05-c062-4ba0-bb73-4ca73fa262fa,4cd53847-8857-4983-ab6f-bbf44a1f863e,571.22,DELIVERED,UPI_GPAY
3cf8173d-5e5b-4ea5-9351-8967b25222c1,4cd53847-8857-4983-ab6f-bbf44a1f863e,350.28,DELIVERED,UPI_PHONEPE
9826c83a-34fa-41ed-80d0-122c2ee31021,8e5d4ae9-8fb2-45af-aae1-40e41e752b6e,490.51,DELIVERED,NET_BANKING
ef5ad98f-4d06-40ab-ae8b-1a9670b7a129,8e5d4ae9-8fb2-45af-aae1-40e41e752b6e,262.87,DELIVERED,CASH_ON_DELIVERY
c98e34a2-d2c5-477f-99d9-3d885b96deaa,8e5d4ae9-8fb2-45af-aae1-40e41e752b6e,473.04,DELIVERED,NET_BANKING
84edddfc-2cae-42dd-9c0b-01db98247ebc,8e5d4ae9-8fb2-45af-aae1-40e41e752b6e,719.23,DELIVERED,NET_BANKING
dd722324-e5d9-44a7-bf05-f07861dfc5e0,8e5d4ae9-8fb2-45af-aae1-40e41e752b6e,396.02,DELIVERED,UPI_PHONEPE
caf9fdab-6961-4678-82ca-6dce2bd12517,8e5d4ae9-8fb2-45af-aae1-40e41e752b6e,534.26,DELIVERED,NET_BANKING
915bc420-c5ad-4a14-b9ad-57a66d669ab2,919278a5-6e46-4b47-9a6b-d4022e747c9f,644.52,DELIVERED,NET_BANKING
8f262b62-f5d0-407a-8aa2-251a02e6fe61,919278a5-6e46-4b47-9a6b-d4022e747c9f,401.88,DELIVERED,RAZORPAY
6aa2312b-f922-4a85-896f-921b5068f51d,919278a5-6e46-4b47-9a6b-d4022e747c9f,661.64,DELIVERED,RAZORPAY
2e12dd24-845c-4439-99d2-9de6c1c482f2,2452f2d6-197b-45dd-ab0a-992a1ab8cccf,240.03,DELIVERED,UPI_PHONEPE
795fb6ba-1ee7-49c0-9512-80df4fe62e9f,2452f2d6-197b-45dd-ab0a-992a1ab8cccf,1029.64,DELIVERED,UPI_GPAY
9686cc56-5cae-437b-bc66-b78bc6c6a1ff,2452f2d6-197b-45dd-ab0a-992a1ab8cccf,673.2,DELIVERED,RAZORPAY
06dead06-ac94-4d5f-97b8-352f559c650d,3e64ba62-388a-44c4-9030-88a74444d90a,694.85,DELIVERED,RAZORPAY
b296f773-36da-479c-a72b-891fedc8580c,3e64ba62-388a-44c4-9030-88a74444d90a,291.62,DELIVERED,NET_BANKING
21c25483-2a3c-48b2-b110-f35e2a9fcf1d,3e64ba62-388a-44c4-9030-88a74444d90a,787.88,DELIVERED,RAZORPAY
ab335575-7305-4fee-a761-cbc09c10f182,47627f78-25a8-49b8-baed-67cc7cb51cc3,656.8,DELIVERED,CASH_ON_DELIVERY
aacc5d14-a3bd-4892-84e5-fa9843ca735a,47627f78-25a8-49b8-baed-67cc7cb51cc3,824.62,DELIVERED,UPI_PHONEPE
c119f829-990a-43c2-af26-1af30ffa369a,47627f78-25a8-49b8-baed-67cc7cb51cc3,603.27,DELIVERED,NET_BANKING
a5ed4a86-a0f3-46ea-a2e1-c80c99d5a5e1,47627f78-25a8-49b8-baed-67cc7cb51cc3,880.48,DELIVERED,UPI_GPAY
8a4a9b90-fefe-444b-808f-0b4ed2c03f66,47627f78-25a8-49b8-baed-67cc7cb51cc3,1048.99,DELIVERED,RAZORPAY
84e6d154-0f72-48f6-a6ae-ea902c5f1f04,47627f78-25a8-49b8-baed-67cc7cb51cc3,550.95,DELIVERED,NET_BANKING
f9244966-3f6c-4c83-9885-ae0417aa796d,62e301a3-cc55-44ee-8d66-0cdb6a5d0c0d,387.09,DELIVERED,UPI_GPAY
cad1ecef-06ff-4a8b-92af-558bf12e0922,62e301a3-cc55-44ee-8d66-0cdb6a5d0c0d,581.7,DELIVERED,RAZORPAY
ed6568c1-9d37-447c-aa31-c4eb2d7c3eab,62e301a3-cc55-44ee-8d66-0cdb6a5d0c0d,395.8,DELIVERED,NET_BANKING
726ade74-8b41-449a-98e9-f6b1f2efe8d7,62e301a3-cc55-44ee-8d66-0cdb6a5d0c0d,271.5,DELIVERED,NET_BANKING
2aa2ab54-5edf-4761-a73e-d3a5511fb47d,de21c2a0-a0e1-4757-a095-0016eb816242,211.68,DELIVERED,CASH_ON_DELIVERY
183f78b8-f923-4ee1-9b0c-c9abe0626e6f,de21c2a0-a0e1-4757-a095-0016eb816242,714.18,DELIVERED,RAZORPAY
22c18c23-1e69-48e5-9282-0c9ee14dcf64,de21c2a0-a0e1-4757-a095-0016eb816242,365.32,DELIVERED,UPI_PHONEPE
c35954fe-244f-450e-8959-9102bee4490a,6cc675f4-9587-41d6-91e3-899f396beab1,325.11,DELIVERED,CASH_ON_DELIVERY
e60e9670-e2bd-48bd-b5ee-7f3f3f0c3359,6cc675f4-9587-41d6-91e3-899f396beab1,889.55,DELIVERED,RAZORPAY
8a93cdad-ca38-4747-a875-37db393c5af9,6cc675f4-9587-41d6-91e3-899f396beab1,421.98,DELIVERED,UPI_GPAY
e1767f77-74ff-4f6b-b79f-ee8dc2c17b5d,6cc675f4-9587-41d6-91e3-899f396beab1,455.75,DELIVERED,NET_BANKING
d649cebb-9bd8-424a-b0aa-83d31e6e8b55,4ce2d3cb-b864-40e5-96a5-3e0877928c39,468.76,DELIVERED,CASH_ON_DELIVERY
68cd49d5-a558-4d53-9968-2be6e85e4a2f,4ce2d3cb-b864-40e5-96a5-3e0877928c39,803.96,DELIVERED,UPI_GPAY
0a3b12e5-fcbe-4046-b271-b6c4e77549b9,4ce2d3cb-b864-40e5-96a5-3e0877928c39,1407.9,DELIVERED,NET_BANKING
e0688c39-d429-4043-b998-019b0eeae2b0,4ce2d3cb-b864-40e5-96a5-3e0877928c39,308.58,DELIVERED,RAZORPAY
903ea817-d4cb-4bce-97c2-5ab0f4be1dc5,4ce2d3cb-b864-40e5-96a5-3e0877928c39,543.12,DELIVERED,NET_BANKING
d5705a58-1a8c-4202-b043-13a394a3d01c,4ce2d3cb-b864-40e5-96a5-3e0877928c39,766.97,DELIVERED,UPI_GPAY
467017f7-775c-476a-b806-08937042db3c,22ad31f1-df1a-4f97-8257-b9b75387027c,331.97,DELIVERED,RAZORPAY
9a7d5400-f6d6-4817-a093-3b5c9bd62bac,22ad31f1-df1a-4f97-8257-b9b75387027c,316.47,DELIVERED,NET_BANKING
151abcd9-e57e-4278-b97c-0c7a27295273,22ad31f1-df1a-4f97-8257-b9b75387027c,715.73,DELIVERED,RAZORPAY
b75c7ee7-25e3-46fe-a4f4-1271d3d1cf5e,22ad31f1-df1a-4f97-8257-b9b75387027c,390.42,DELIVERED,UPI_GPAY
574e13cc-5bee-42af-b200-f69a6cc153e8,22ad31f1-df1a-4f97-8257-b9b75387027c,583.99,DELIVERED,NET_BANKING
15e2cc81-e9b4-4432-be43-6456154d9cf8,9a5217aa-9f63-4c33-a507-b5fcd2e8ffdf,643.47,DELIVERED,CASH_ON_DELIVERY
0aebca87-7f80-4e18-b59b-9a703941dc0e,9a5217aa-9f63-4c33-a507-b5fcd2e8ffdf,898.47,DELIVERED,UPI_GPAY
0247eeba-bf41-42f7-9e31-c837e57cd1f0,9a5217aa-9f63-4c33-a507-b5fcd2e8ffdf,688.71,DELIVERED,UPI_GPAY
29697adf-c1a8-44be-b9c1-5024db2eec4a,9a5217aa-9f63-4c33-a507-b5fcd2e8ffdf,813.8,DELIVERED,UPI_GPAY
33404f44-0b0f-4d8d-a483-033e9840c2d4,83ef1d8a-fe41-4801-b538-6bb6b990fabd,890.95,DELIVERED,UPI_PHONEPE
423e40a1-890b-4e79-8e81-cdf0b23f86ee,83ef1d8a-fe41-4801-b538-6bb6b990fabd,290.46,DELIVERED,NET_BANKING
c943d1dc-5781-4870-9cfc-aedd12aa3435,83ef1d8a-fe41-4801-b538-6bb6b990fabd,672.04,DELIVERED,UPI_GPAY
d8f1f3de-5550-4d9a-a1bb-b58035a9461c,83ef1d8a-fe41-4801-b538-6bb6b990fabd,1495.78,DELIVERED,UPI_PHONEPE
e54c8389-9317-4d08-9b2a-021fbd3b4afb,31029486-3cd3-4020-ad98-4aff05d029d1,510.95,DELIVERED,NET_BANKING
47393b39-27b0-4451-8423-8d99553a6854,31029486-3cd3-4020-ad98-4aff05d029d1,888.42,DELIVERED,UPI_GPAY
e59fa9c1-80b4-499a-864d-c9a0c603c091,31029486-3cd3-4020-ad98-4aff05d029d1,377.55,DELIVERED,UPI_PHONEPE
52cb1fe9-c4c0-4306-8aba-8b878dec426a,31029486-3cd3-4020-ad98-4aff05d029d1,488.11,DELIVERED,NET_BANKING
74fa0611-c41c-47bc-8c74-a446e3e4fc79,31029486-3cd3-4020-ad98-4aff05d029d1,695.19,DELIVERED,NET_BANKING
f1a21c17-08ff-454b-a460-4ec026b6092c,7d95baf6-9014-479f-825c-8329b36563da,636.95,DELIVERED,UPI_PHONEPE
0615e5a2-37a8-42c6-aeb3-8585e8cb5179,7d95baf6-9014-479f-825c-8329b36563da,297.96,DELIVERED,CASH_ON_DELIVERY
a6465aa0-b88f-4c3a-b90f-228df5afa56a,7d95baf6-9014-479f-825c-8329b36563da,532.68,DELIVERED,UPI_GPAY
6ebdd573-56fe-4d54-989d-e4c57cffa8e5,7d95baf6-9014-479f-825c-8329b36563da,650.69,DELIVERED,UPI_PHONEPE
ff8b1078-0f97-4088-89be-6ab70ee199b3,7d95baf6-9014-479f-825c-8329b36563da,473.09,DELIVERED,UPI_PHONEPE
d8b96bd4-00a9-4a00-a4be-c74f116e6697,7d95baf6-9014-479f-825c-8329b36563da,207.53,DELIVERED,NET_BANKING
a110b5c3-9346-44ba-8367-89db15268050,081e8113-878b-4022-8cdf-0bfc6dda5167,731.72,DELIVERED,NET_BANKING
1d140449-e58c-4de9-9c38-ae967ef5743f,081e8113-878b-4022-8cdf-0bfc6dda5167,585.46,DELIVERED,CASH_ON_DELIVERY
3778f970-74c0-4d67-9be0-74cada8320c0,081e8113-878b-4022-8cdf-0bfc6dda5167,473.89,DELIVERED,RAZORPAY
aa565149-bae7-4338-8425-aae1906afb0f,081e8113-878b-4022-8cdf-0bfc6dda5167,568.15,DELIVERED,UPI_GPAY
6a5a5a5e-120c-4a52-a67d-41f900e0f8f7,081e8113-878b-4022-8cdf-0bfc6dda5167,701.68,DELIVERED,UPI_PHONEPE
24274a9e-2eb3-4fb8-9760-d2e0526d2664,46ed7332-a6b6-4f08-ae6b-4ce2687249fc,428.33,DELIVERED,CASH_ON_DELIVERY
d34837d5-cca3-4e3b-8faf-4095b3249d62,46ed7332-a6b6-4f08-ae6b-4ce2687249fc,991.82,DELIVERED,CASH_ON_DELIVERY
1f86d66f-48f2-447b-8a0d-497413715b70,46ed7332-a6b6-4f08-ae6b-4ce2687249fc,649.49,DELIVERED,UPI_GPAY
35c072bf-917c-4ebb-a294-4d8527ccc2bf,8b9f7985-5ef6-485d-959c-fd171563bb8a,497.42,DELIVERED,UPI_GPAY
43a54b0e-0bcb-4354-97cc-95f9b4f94655,8b9f7985-5ef6-485d-959c-fd171563bb8a,1037.01,DELIVERED,UPI_PHONEPE
9e0abb5e-97b8-457c-9fba-67e030975266,8b9f7985-5ef6-485d-959c-fd171563bb8a,773.62,DELIVERED,UPI_GPAY
ce46bb7b-6bc6-43c4-b9e5-18ef922ed0ae,8b9f7985-5ef6-485d-959c-fd171563bb8a,462.36,DELIVERED,UPI_GPAY
5d7bb3da-7b45-44e3-a9c8-fdf851b71be2,8b9f7985-5ef6-485d-959c-fd171563bb8a,507.36,DELIVERED,CASH_ON_DELIVERY
20b479ce-3717-4851-8443-efbc33aea7c3,8b9f7985-5ef6-485d-959c-fd171563bb8a,363.39,DELIVERED,CASH_ON_DELIVERY
a0b32f57-576c-4803-bd9e-2e7c357ffb3c,e47d2dca-4d7f-4788-8ee9-e5c35611e94b,889.29,DELIVERED,CASH_ON_DELIVERY
346c215b-e492-4f6f-b0b2-76805b976551,e47d2dca-4d7f-4788-8ee9-e5c35611e94b,357.59,DELIVERED,NET_BANKING
b70c1fbf-7421-424d-a8e5-804338c4e9cf,e47d2dca-4d7f-4788-8ee9-e5c35611e94b,555.04,DELIVERED,NET_BANKING
384f2651-0401-4392-ade3-680c7583f38e,e47d2dca-4d7f-4788-8ee9-e5c35611e94b,434.36,DELIVERED,UPI_PHONEPE
1d1390b7-7cc6-497c-aa37-8b447cc49c79,c5863af9-c9cd-463d-94a8-8e69adf4f214,270.14,DELIVERED,RAZORPAY
98a7e837-9f57-4135-93f0-ceff0c16f77c,c5863af9-c9cd-463d-94a8-8e69adf4f214,1099.73,DELIVERED,CASH_ON_DELIVERY
62b88eca-6255-44e1-af49-eeeefa70d2d1,c5863af9-c9cd-463d-94a8-8e69adf4f214,326.17,DELIVERED,UPI_PHONEPE
90628f07-81f2-490f-8db5-084a96ddda37,c5863af9-c9cd-463d-94a8-8e69adf4f214,1010.4,DELIVERED,UPI_GPAY
3da4b63f-fa16-4bb2-9de8-3f0878f73011,c5863af9-c9cd-463d-94a8-8e69adf4f214,1108.77,DELIVERED,UPI_PHONEPE
9857b2c1-382f-475a-938a-270a96360d7e,c5863af9-c9cd-463d-94a8-8e69adf4f214,432.29,DELIVERED,CASH_ON_DELIVERY
66fc773f-c5eb-4518-b0d4-1c7e7d2dc29d,83cf8df8-0344-41ec-a14f-761cb61a2216,896.1,DELIVERED,UPI_PHONEPE
6709e61d-2689-4ee8-9849-8b7131f2c44b,83cf8df8-0344-41ec-a14f-761cb61a2216,701.4,DELIVERED,CASH_ON_DELIVERY
5eeedf75-7b81-46d4-9588-5397b67dba16,83cf8df8-0344-41ec-a14f-761cb61a2216,661.91,DELIVERED,UPI_GPAY
6b456429-0d74-4d03-8bdb-bf4e9b8c3e55,2cf4a458-4875-48b9-a84f-9b99b9d0a431,460.19,DELIVERED,CASH_ON_DELIVERY
e4e67db8-10a6-46a7-b695-25ca1c3da7a3,2cf4a458-4875-48b9-a84f-9b99b9d0a431,158.59,DELIVERED,NET_BANKING
ab7fe385-b86e-4ddd-a143-915d49f9b159,2cf4a458-4875-48b9-a84f-9b99b9d0a431,798.03,DELIVERED,NET_BANKING
76c650cf-6146-45f5-bbf4-d8f56580e5c9,b09d5ed6-293f-4eb8-8466-17829480dcad,416.39,DELIVERED,NET_BANKING
e4d89454-6be5-4705-bdea-55b1a414021f,b09d5ed6-293f-4eb8-8466-17829480dcad,322.7,DELIVERED,CASH_ON_DELIVERY
65f590e0-4b90-4678-94f8-426f1cb0fa9d,b09d5ed6-293f-4eb8-8466-17829480dcad,185.86,DELIVERED,NET_BANKING
efb27aa7-e059-44a8-a7b0-2aeea729284a,b09d5ed6-293f-4eb8-8466-17829480dcad,360.78,DELIVERED,NET_BANKING
f47c812b-268f-4d2d-b989-7cdae848e22e,b09d5ed6-293f-4eb8-8466-17829480dcad,308.86,DELIVERED,CASH_ON_DELIVERY
80d650af-2206-426e-be9c-df94aef75301,72ecbbbb-d28d-4a25-96a1-984662445dc9,775.39,DELIVERED,UPI_PHONEPE
5003b985-c0e4-4a28-b973-78132b9ce94c,72ecbbbb-d28d-4a25-96a1-984662445dc9,1198.12,DELIVERED,UPI_GPAY
77f084c3-e075-4a03-9e0c-c1b994dafd0c,72ecbbbb-d28d-4a25-96a1-984662445dc9,347.51,DELIVERED,CASH_ON_DELIVERY
7149d7e4-1c25-4f24-9d26-13b5f5ea02b4,b1ba019f-b1ec-4fca-ba4f-a5214a80c769,354.21,DELIVERED,CASH_ON_DELIVERY
57a85b54-5eef-40e5-9861-0ff7f4a51a0d,b1ba019f-b1ec-4fca-ba4f-a5214a80c769,290.63,DELIVERED,NET_BANKING
75255a30-1028-495f-895e-b0efc80805d9,b1ba019f-b1ec-4fca-ba4f-a5214a80c769,347.83,DELIVERED,UPI_GPAY
5a0e5df5-f960-4775-bf24-3ffde6e5e430,b1ba019f-b1ec-4fca-ba4f-a5214a80c769,435.98,DELIVERED,NET_BANKING
26ec8293-95c7-49ee-9537-7ad800583ce5,b1ba019f-b1ec-4fca-ba4f-a5214a80c769,333.21,DELIVERED,CASH_ON_DELIVERY
a7d6ade0-e617-414f-bda7-04fe6d7250b3,2d5f4ff2-140c-462a-8b95-5a76ea34ecfc,554.88,DELIVERED,RAZORPAY
420ad81f-7d30-4ab9-acec-a006a36a6acf,2d5f4ff2-140c-462a-8b95-5a76ea34ecfc,487.11,DELIVERED,CASH_ON_DELIVERY
88c00375-8306-451c-bdc4-af7b25d639ab,2d5f4ff2-140c-462a-8b95-5a76ea34ecfc,542.46,DELIVERED,UPI_PHONEPE
13e6bb4e-dd21-44ce-82f9-2e2a48ce0b90,d6a9e0ef-4132-46ef-a0f7-d7997a803afe,387.01,DELIVERED,CASH_ON_DELIVERY
bab41f8c-6b63-424e-900d-d07b1fe56271,d6a9e0ef-4132-46ef-a0f7-d7997a803afe,1112.08,DELIVERED,UPI_PHONEPE
31e05370-19ed-4f7d-9323-14a3afb30415,d6a9e0ef-4132-46ef-a0f7-d7997a803afe,334.03,DELIVERED,NET_BANKING
fb2be265-0591-4fea-9c63-3ce0da1f8608,331a2b18-7771-4c8f-babb-5457498c239b,1003.46,DELIVERED,UPI_GPAY
3172225e-907f-4ee5-a50c-1fba98522183,331a2b18-7771-4c8f-babb-5457498c239b,574.71,DELIVERED,UPI_GPAY
f732af62-81e6-448b-b741-9b47d39b7622,331a2b18-7771-4c8f-babb-5457498c239b,1070.76,DELIVERED,NET_BANKING
bee18a79-834c-4288-a50e-073dfaf7581d,331a2b18-7771-4c8f-babb-5457498c239b,1053.54,DELIVERED,UPI_GPAY
eb4484b7-bdff-4631-8614-f30ec7e6a178,331a2b18-7771-4c8f-babb-5457498c239b,596.8,DELIVERED,UPI_GPAY
89bbff34-abbb-4bba-a632-8cccd9cdebdf,331a2b18-7771-4c8f-babb-5457498c239b,965.91,DELIVERED,NET_BANKING
d3d1dd73-2c48-4590-8478-8d30e417ef6c,c115ff2f-0c98-4983-bf03-167384d2903e,806.25,DELIVERED,NET_BANKING
944f878e-4153-466e-a50f-bdc3bfd164b5,c115ff2f-0c98-4983-bf03-167384d2903e,1168.91,DELIVERED,NET_BANKING
923dc5bc-31b0-4ac7-bdd6-b69e6df59eec,c115ff2f-0c98-4983-bf03-167384d2903e,686.5,DELIVERED,NET_BANKING
2dde7699-1e92-4d71-8b48-05aadbff57f5,3d14145a-752d-4dd5-907f-f375242af193,693.35,DELIVERED,UPI_GPAY
3b6a4791-506e-48bb-86bf-a04847124fca,3d14145a-752d-4dd5-907f-f375242af193,546.66,DELIVERED,UPI_PHONEPE
fe5426d7-a4b8-4e9d-9094-5a2208270f69,3d14145a-752d-4dd5-907f-f375242af193,874.83,DELIVERED,NET_BANKING
9f2e8bcd-6e7b-4413-85e6-83e9a6df61f5,3d14145a-752d-4dd5-907f-f375242af193,475.62,DELIVERED,CASH_ON_DELIVERY
2ee8ab04-1d64-4937-a2a0-8a3e7beca5c1,3d14145a-752d-4dd5-907f-f375242af193,600.65,DELIVERED,UPI_PHONEPE
8917ccc2-fc76-445d-84d2-a10e745dfcdd,4fb3055e-a3e6-409f-b75b-aa457c4a89bd,197.25,DELIVERED,NET_BANKING
3f0adaea-c2be-4b93-bdfe-c7ca4000b7c4,4fb3055e-a3e6-409f-b75b-aa457c4a89bd,305.88,DELIVERED,NET_BANKING
69c01fe4-f9a4-4213-9bd4-d76f7cf02909,4fb3055e-a3e6-409f-b75b-aa457c4a89bd,502.53,DELIVERED,UPI_PHONEPE
d54ddb73-39f7-445a-a480-9521972087ad,4fb3055e-a3e6-409f-b75b-aa457c4a89bd,839.23,DELIVERED,UPI_GPAY
1dc1c3bb-6191-472d-9d0c-641cc3412e39,4fb3055e-a3e6-409f-b75b-aa457c4a89bd,213.71,DELIVERED,UPI_PHONEPE
7256124d-3074-4bfa-afc6-c07b29946be4,4fb3055e-a3e6-409f-b75b-aa457c4a89bd,492.04,DELIVERED,NET_BANKING
940b8651-a74a-41c4-89d0-cde54d60a5ed,95381c19-145e-4e11-ab3f-3555b2a07941,612.17,DELIVERED,UPI_PHONEPE
a9fca044-831d-41cc-af1d-80f08237727a,95381c19-145e-4e11-ab3f-3555b2a07941,252.35,DELIVERED,UPI_PHONEPE
2e01fac1-3e49-4372-b46c-7a2daac96aa5,95381c19-145e-4e11-ab3f-3555b2a07941,658.69,DELIVERED,NET_BANKING
0bde2583-28a1-49d0-9553-f53a4ef1b4c0,95381c19-145e-4e11-ab3f-3555b2a07941,691.64,DELIVERED,UPI_GPAY
1564f1da-7509-46ff-886f-9f1f0ddf9869,95381c19-145e-4e11-ab3f-3555b2a07941,404.72,DELIVERED,CASH_ON_DELIVERY
10d53ad6-b744-43f9-929d-0c32410dddca,95381c19-145e-4e11-ab3f-3555b2a07941,564.96,DELIVERED,NET_BANKING
8a7e1213-789d-40d0-b261-7e4228e89287,f6fcd7a9-a8f0-457c-b9f3-018c8b01391b,501.61,DELIVERED,NET_BANKING
56585fec-bc74-4e27-86a3-219ae46d3a0e,f6fcd7a9-a8f0-457c-b9f3-018c8b01391b,388.33,DELIVERED,UPI_GPAY
949761d0-bf3d-4d88-aa08-9f7650b04208,f6fcd7a9-a8f0-457c-b9f3-018c8b01391b,798.88,DELIVERED,UPI_PHONEPE
469c0c45-b0e8-4b05-99f5-3a30718172cd,f6fcd7a9-a8f0-457c-b9f3-018c8b01391b,523.01,DELIVERED,RAZORPAY
9199f0fa-6a52-41a5-99f8-f10185cd63ea,f6fcd7a9-a8f0-457c-b9f3-018c8b01391b,908.43,DELIVERED,NET_BANKING
dbaebb24-00cf-4f42-b5cd-da36f7509b2b,f8eb34db-1687-4a4b-802f-8c5bdb2bce45,590.16,DELIVERED,UPI_GPAY
424317c5-ee26-4a11-8856-f82ed294cb63,f8eb34db-1687-4a4b-802f-8c5bdb2bce45,398.32,DELIVERED,RAZORPAY
6accae49-6263-4fdb-a557-69582298e015,f8eb34db-1687-4a4b-802f-8c5bdb2bce45,707.4,DELIVERED,UPI_GPAY
220cd897-b6cb-450d-8666-3f2f70b79501,8db95983-f362-4452-a960-11964662f0bf,1204.74,DELIVERED,UPI_GPAY
8ef1dee3-8fe1-4479-864a-7ad30f28cf0d,8db95983-f362-4452-a960-11964662f0bf,584.1,DELIVERED,NET_BANKING
39590b38-3d59-4c5e-a0e1-e2c9d6a4b51f,8db95983-f362-4452-a960-11964662f0bf,286.44,DELIVERED,UPI_PHONEPE
a2141487-a9db-4f27-9c98-04e696e8d0b1,8408401e-694d-4008-bd1a-d0d90d78d6f5,1344.56,DELIVERED,UPI_GPAY
5f7b0dd9-c50d-4dde-82fe-82aa30c1947d,8408401e-694d-4008-bd1a-d0d90d78d6f5,680.09,DELIVERED,CASH_ON_DELIVERY
1a4e84d9-39ef-4ee7-ac55-de21da28f2a8,8408401e-694d-4008-bd1a-d0d90d78d6f5,1144.9,DELIVERED,CASH_ON_DELIVERY
2d8c41a9-d793-4596-aecc-2c8dba22acdd,8408401e-694d-4008-bd1a-d0d90d78d6f5,867.43,DELIVERED,RAZORPAY
61fd415f-5ce0-46b4-b680-5a2e1392ae6d,9f9b965f-1f61-4e93-9afb-80390aafca75,781.85,DELIVERED,UPI_GPAY
7f0bc705-d545-4703-8b76-386c47777f73,9f9b965f-1f61-4e93-9afb-80390aafca75,936.8,DELIVERED,CASH_ON_DELIVERY
08eb04e6-d725-45fb-9e11-fbf20e8bce5d,9f9b965f-1f61-4e93-9afb-80390aafca75,1099.93,DELIVERED,UPI_GPAY
1b6b93b2-86e8-4623-b85c-4b30ca707b59,8a27105f-d9e0-49ad-84fc-41ff5c010769,818.21,DELIVERED,UPI_PHONEPE
6a184827-2714-42aa-a2d4-e7cac5f11822,8a27105f-d9e0-49ad-84fc-41ff5c010769,598.07,DELIVERED,RAZORPAY
5126eef8-2f82-42b9-852b-e7a17ae38ae5,8a27105f-d9e0-49ad-84fc-41ff5c010769,892.98,DELIVERED,UPI_GPAY
9db1f859-713b-4ef7-9b51-32c95ed563dc,8a27105f-d9e0-49ad-84fc-41ff5c010769,829.38,DELIVERED,NET_BANKING
32410ef3-843d-450b-bbf9-da4961ca0d57,8a27105f-d9e0-49ad-84fc-41ff5c010769,546.42,DELIVERED,CASH_ON_DELIVERY
d4d0730e-8e13-432a-bf34-587afc0a27f1,73f3bb61-7aac-49e3-af05-f2dd383f2102,273.79,DELIVERED,UPI_GPAY
a36a5d02-80d5-48af-8b64-c95d0777bd7d,73f3bb61-7aac-49e3-af05-f2dd383f2102,425.06,DELIVERED,NET_BANKING
0961c4be-51ed-4d57-92f6-9491ed206fb7,73f3bb61-7aac-49e3-af05-f2dd383f2102,541.39,DELIVERED,NET_BANKING
510f0163-c039-4366-99e4-8859cbf0ef13,73f3bb61-7aac-49e3-af05-f2dd383f2102,601.68,DELIVERED,CASH_ON_DELIVERY
4658b1f9-a599-4069-a5b1-9eb528a7ead3,a48897e5-afe2-4878-9f39-28e08c18ddcb,1224.78,DELIVERED,UPI_PHONEPE
61b89425-a8b6-4574-bac1-9bdf4b2b8e5e,a48897e5-afe2-4878-9f39-28e08c18ddcb,994.47,DELIVERED,UPI_PHONEPE
953e1548-6b94-4381-9b76-0a97732da46a,a48897e5-afe2-4878-9f39-28e08c18ddcb,1015.44,DELIVERED,NET_BANKING
21a80e08-1713-4d3e-af0e-c36f32036ed2,a48897e5-afe2-4878-9f39-28e08c18ddcb,580.87,DELIVERED,UPI_GPAY
b99ca377-3398-49d7-9919-2a03ce3db62f,a48897e5-afe2-4878-9f39-28e08c18ddcb,916.63,DELIVERED,UPI_PHONEPE
0b51f9a2-c692-4455-a1de-071b58706a59,74293659-a2ab-4c3c-8f72-343b020d30cd,347.48,DELIVERED,NET_BANKING
1d0e81b1-6068-4419-a8a0-4a126431c3b1,74293659-a2ab-4c3c-8f72-343b020d30cd,293.62,DELIVERED,CASH_ON_DELIVERY
b9d33a43-ce2f-43cb-a8e9-0edb1681f535,74293659-a2ab-4c3c-8f72-343b020d30cd,170.87,DELIVERED,UPI_GPAY
7989ab80-21b0-45d5-8cfd-8014c0c4959a,74293659-a2ab-4c3c-8f72-343b020d30cd,516.78,DELIVERED,UPI_PHONEPE
7c0f7e87-e4da-41bf-92d3-86042b0190c5,4389ea33-33a4-4982-a079-831f1db05fe0,306.75,DELIVERED,CASH_ON_DELIVERY
c46efe80-8736-4762-a16e-1267865b9597,4389ea33-33a4-4982-a079-831f1db05fe0,350.41,DELIVERED,NET_BANKING
f4c69be1-0185-462e-9c6a-4279612842bd,4389ea33-33a4-4982-a079-831f1db05fe0,780.28,DELIVERED,UPI_PHONEPE
aa9c986d-fec1-40ed-bba8-111cd7fdd270,4389ea33-33a4-4982-a079-831f1db05fe0,319.7,DELIVERED,NET_BANKING
bbc74c85-4f58-4cc3-ae55-31f214d8212f,cb2e8316-e933-46d4-bc5c-faec0025b694,437.1,DELIVERED,UPI_GPAY
fc2671cd-e589-4217-9fe7-71c8bce069b2,cb2e8316-e933-46d4-bc5c-faec0025b694,701.56,DELIVERED,UPI_GPAY
f3eac322-d110-4d73-838d-9237f7aa2b52,cb2e8316-e933-46d4-bc5c-faec0025b694,659.64,DELIVERED,NET_BANKING
51691405-0ec8-4ee4-b372-09156305ab35,cb2e8316-e933-46d4-bc5c-faec0025b694,296.03,DELIVERED,CASH_ON_DELIVERY
7a93a558-78b3-4684-bba0-db73e78decfd,2bb1023a-5b81-4303-93bc-cb12a3d235c1,1481.18,DELIVERED,UPI_GPAY
7b6f189d-9543-4ada-ad34-051c898e1cfc,2bb1023a-5b81-4303-93bc-cb12a3d235c1,1016.78,DELIVERED,RAZORPAY
b321ab06-42ab-49b2-a242-11e6b162479c,2bb1023a-5b81-4303-93bc-cb12a3d235c1,1305.55,DELIVERED,UPI_GPAY
4033a21c-6168-4fd2-8be7-817c5babc5e0,2bb1023a-5b81-4303-93bc-cb12a3d235c1,703.24,DELIVERED,UPI_PHONEPE
3fa3eccf-879d-4e34-bae6-8feb5f2f02e8,980bcd07-414b-453e-9d08-9192eb3691d7,820.89,DELIVERED,RAZORPAY
9ba5f4c7-c8bc-4a64-88fd-b931560bd123,980bcd07-414b-453e-9d08-9192eb3691d7,577.77,DELIVERED,RAZORPAY
2db0a672-5572-4a32-b964-61e0ea65b094,980bcd07-414b-453e-9d08-9192eb3691d7,734.89,DELIVERED,RAZORPAY
ad6f7ee5-f180-43ef-939e-623399558c75,96ff7a29-0702-4bf2-a51e-c30b5063cf7e,408.26,DELIVERED,NET_BANKING
9e0c6617-c431-48d8-a99d-59f41a551ba3,96ff7a29-0702-4bf2-a51e-c30b5063cf7e,713.91,DELIVERED,RAZORPAY
060753cc-0605-40de-ba19-c668c73798c3,96ff7a29-0702-4bf2-a51e-c30b5063cf7e,1228.18,DELIVERED,UPI_PHONEPE
5dadc1e2-5d89-4c44-bb20-272d824dc833,96ff7a29-0702-4bf2-a51e-c30b5063cf7e,577.32,DELIVERED,UPI_GPAY
c35a5d30-b913-4225-a512-050d8831d9be,96ff7a29-0702-4bf2-a51e-c30b5063cf7e,906.59,DELIVERED,NET_BANKING
fe7ee577-217b-46ab-81c7-4afcd0019936,96ff7a29-0702-4bf2-a51e-c30b5063cf7e,971.25,DELIVERED,RAZORPAY
2e9d34f8-9296-4052-8714-dfafa73caab5,a2b79504-3575-4d94-9af6-c8b119b11e3c,306.29,DELIVERED,UPI_GPAY
15d4e3fd-a3c0-4710-b08a-cd06e131005c,a2b79504-3575-4d94-9af6-c8b119b11e3c,243.78,DELIVERED,CASH_ON_DELIVERY
a173dd54-b7a0-4f0c-b242-97c6e05f8bb8,a2b79504-3575-4d94-9af6-c8b119b11e3c,281.96,DELIVERED,UPI_PHONEPE
945219df-68b4-460d-b338-af1e42a4729c,a2b79504-3575-4d94-9af6-c8b119b11e3c,164.97,DELIVERED,NET_BANKING
9708c672-fb8d-4216-82ee-8e5fe8e74adf,a2b79504-3575-4d94-9af6-c8b119b11e3c,324.19,DELIVERED,CASH_ON_DELIVERY
10c7bc39-d4cc-4eef-98ef-4c7afd6e532a,d3decbad-0acb-4217-99cd-e65ee1a9a9d3,385.77,DELIVERED,CASH_ON_DELIVERY
6e5cc990-130e-4c29-8080-bfb912454503,d3decbad-0acb-4217-99cd-e65ee1a9a9d3,667.28,DELIVERED,UPI_PHONEPE
16823d38-7fd7-43bc-a6ba-0fbe58ddf661,d3decbad-0acb-4217-99cd-e65ee1a9a9d3,336.27,DELIVERED,RAZORPAY
ef294909-c583-4618-978c-f302eaaa6ff2,d3decbad-0acb-4217-99cd-e65ee1a9a9d3,756.27,DELIVERED,UPI_PHONEPE
3fa64f87-5d62-4f64-9f6a-035ff3bec4f6,d3decbad-0acb-4217-99cd-e65ee1a9a9d3,967.53,DELIVERED,UPI_GPAY
1dce667a-f088-4f2a-95cf-cdb553aebb83,ef4899c4-bfed-4167-8c46-2982a90da36a,502.44,DELIVERED,RAZORPAY
0d874db3-52c7-4cb5-8831-3afb3c433ae8,ef4899c4-bfed-4167-8c46-2982a90da36a,386.33,DELIVERED,UPI_PHONEPE
5c08a717-4129-4e2d-b88d-a2ff2d073167,ef4899c4-bfed-4167-8c46-2982a90da36a,476.96,DELIVERED,NET_BANKING
2d32f9ae-a5c7-4a1f-ac24-159693e36d6a,ef4899c4-bfed-4167-8c46-2982a90da36a,383.51,DELIVERED,UPI_PHONEPE
60c924dc-f2d7-4058-a917-3a63bdb67de6,ef4899c4-bfed-4167-8c46-2982a90da36a,510.56,DELIVERED,RAZORPAY
f721c4ec-d454-49c3-a0b7-371ca10ef9e6,ef4899c4-bfed-4167-8c46-2982a90da36a,312.39,DELIVERED,CASH_ON_DELIVERY
437be0bf-27d2-4832-b7ce-a2cf2135de71,c6c9aed7-1f10-439d-88ec-8f5b1b4f748f,519.28,DELIVERED,CASH_ON_DELIVERY
326e31c6-cfa5-4864-af33-b471474fa7b5,c6c9aed7-1f10-439d-88ec-8f5b1b4f748f,368.91,DELIVERED,NET_BANKING
960c40df-03c5-470a-943a-b09206b1b54f,c6c9aed7-1f10-439d-88ec-8f5b1b4f748f,631.69,DELIVERED,UPI_PHONEPE
649ffd4c-ddc3-48e3-9936-4efc133bfd3e,c6c9aed7-1f10-439d-88ec-8f5b1b4f748f,578.85,DELIVERED,UPI_PHONEPE
eff3674c-5bc1-4374-84d2-0be9502fb7d2,c6c9aed7-1f10-439d-88ec-8f5b1b4f748f,574.4,DELIVERED,NET_BANKING
a2235afd-5ae4-462c-b15f-bb7b113c4786,fc58c463-84fd-4548-9e91-513ebe48d753,374.06,DELIVERED,UPI_PHONEPE
70b45847-3e1e-4cdb-82f7-874502f16485,fc58c463-84fd-4548-9e91-513ebe48d753,318.61,DELIVERED,RAZORPAY
082b9792-1353-4b43-abdf-1125a75e91a3,fc58c463-84fd-4548-9e91-513ebe48d753,338.1,DELIVERED,RAZORPAY
1b4ba633-8dc1-47f7-b3dc-fde2901ae9cc,fc58c463-84fd-4548-9e91-513ebe48d753,586.18,DELIVERED,UPI_PHONEPE
9d03a238-e400-48eb-8858-60cf0bd57fa3,fc58c463-84fd-4548-9e91-513ebe48d753,424.29,DELIVERED,NET_BANKING
e0c9432d-08a4-4c0e-a032-a89e72650588,fc58c463-84fd-4548-9e91-513ebe48d753,313.81,DELIVERED,UPI_GPAY
5d5b9044-92c0-4596-ab27-2a27176534c5,f4dee32c-e6d8-4c67-95a9-f63a4e41f5e8,375.27,DELIVERED,UPI_PHONEPE
98fc5a27-099a-4328-9c9a-99fddfdc6c58,f4dee32c-e6d8-4c67-95a9-f63a4e41f5e8,1049.48,DELIVERED,NET_BANKING
22d51bbd-cb2c-41e4-a85e-794d0d9672fd,f4dee32c-e6d8-4c67-95a9-f63a4e41f5e8,1088.43,DELIVERED,NET_BANKING
8212ad41-2156-41ce-a93d-bb6565ea4282,f4dee32c-e6d8-4c67-95a9-f63a4e41f5e8,392.73,DELIVERED,UPI_GPAY
2215ba60-3bf9-4470-9a71-50fbc8bfcb58,fc932934-07d4-4feb-bf60-af1355a4a785,542.23,DELIVERED,UPI_PHONEPE
90c51d48-90b7-4105-ba86-30e28b7df93d,fc932934-07d4-4feb-bf60-af1355a4a785,500.29,DELIVERED,UPI_PHONEPE
1043ff36-b662-4cc3-80a6-0ddb39c405a6,fc932934-07d4-4feb-bf60-af1355a4a785,689.1,DELIVERED,UPI_PHONEPE
30e3bb11-4416-4888-ac85-e7ccef5f70af,fc932934-07d4-4feb-bf60-af1355a4a785,673.46,DELIVERED,NET_BANKING
2d1d81bd-10b8-4169-9538-58f18dfc52d0,f308caa4-09a7-467f-8beb-1b6ccce38d25,553.53,DELIVERED,UPI_PHONEPE
fbc74f63-5893-4084-af41-9225fa6ed741,f308caa4-09a7-467f-8beb-1b6ccce38d25,801.69,DELIVERED,RAZORPAY
6ea58d52-2ce9-4bfa-aa71-0293c755ea96,f308caa4-09a7-467f-8beb-1b6ccce38d25,468.11,DELIVERED,CASH_ON_DELIVERY
6a545e3c-8dd0-4829-8637-d8081ae85ff2,f308caa4-09a7-467f-8beb-1b6ccce38d25,615.33,DELIVERED,UPI_GPAY
fec7e7a3-4c29-42cf-95d5-8fbbf06d12d0,06cbec87-9334-4ba7-98dd-3153ec769b66,253.51,DELIVERED,UPI_PHONEPE
e8fb719b-da4a-4c1d-a78b-0dabaced4d03,06cbec87-9334-4ba7-98dd-3153ec769b66,454.27,DELIVERED,UPI_PHONEPE
55634905-a884-4074-8c57-c52422ccffbc,06cbec87-9334-4ba7-98dd-3153ec769b66,398.34,DELIVERED,UPI_PHONEPE
9996f718-bfd4-442e-a5e4-f14fd1ab8acc,06cbec87-9334-4ba7-98dd-3153ec769b66,481.77,DELIVERED,CASH_ON_DELIVERY
f677654a-c44d-4bfd-9763-f9e621273951,06cbec87-9334-4ba7-98dd-3153ec769b66,328.92,DELIVERED,UPI_PHONEPE
14392b64-4541-428d-868b-ebcdf0467d6e,06cbec87-9334-4ba7-98dd-3153ec769b66,458.45,DELIVERED,UPI_PHONEPE
61a90b0d-6e6b-4776-a5a3-b47700ff5ae3,6b34b498-54a0-4051-903e-b9197aa9de94,850.55,DELIVERED,CASH_ON_DELIVERY
f5493b83-732e-4711-92d1-d53059cd2154,6b34b498-54a0-4051-903e-b9197aa9de94,859.81,DELIVERED,RAZORPAY
2c0ad1f0-5099-47ad-9418-929c1af0c791,6b34b498-54a0-4051-903e-b9197aa9de94,753.13,DELIVERED,NET_BANKING
de98fd6a-0e73-4446-8a57-235a5ed070c4,6b34b498-54a0-4051-903e-b9197aa9de94,811.33,DELIVERED,RAZORPAY
971195af-ddbf-4f71-a024-4d701f6cc1ce,6b34b498-54a0-4051-903e-b9197aa9de94,387.73,DELIVERED,CASH_ON_DELIVERY
aeae0f94-9eb7-4911-9ecf-d9ce2bacdd65,bcfcf609-ddfe-447a-98fc-c66e9233f0b4,224.66,DELIVERED,CASH_ON_DELIVERY
9f7af0e9-248d-4116-9e9e-99203f837f00,bcfcf609-ddfe-447a-98fc-c66e9233f0b4,261.37,DELIVERED,CASH_ON_DELIVERY
7a212c58-65c2-4a49-a630-9e012809c5be,bcfcf609-ddfe-447a-98fc-c66e9233f0b4,492.13,DELIVERED,NET_BANKING
23675223-3d94-4c1e-ace9-28c5f74e91e7,bcfcf609-ddfe-447a-98fc-c66e9233f0b4,346.06,DELIVERED,CASH_ON_DELIVERY
16876575-71e5-4849-a14f-2ecd8aa8c001,98306353-57df-4dac-89d8-6435f4d3fb6a,533.35,DELIVERED,RAZORPAY
53d48642-9b8d-469a-9e5b-cfb6450eafe0,98306353-57df-4dac-89d8-6435f4d3fb6a,302.29,DELIVERED,NET_BANKING
9bbfc518-a37d-43de-870a-15afdc7a3ec6,98306353-57df-4dac-89d8-6435f4d3fb6a,489.46,DELIVERED,CASH_ON_DELIVERY
252b2beb-8c8d-4428-8249-8f2bce4d7687,79543249-aeb7-447d-9725-94352e05d41c,321.44,DELIVERED,UPI_PHONEPE
d5d4d936-ba32-4beb-8318-2a00a86f49f2,79543249-aeb7-447d-9725-94352e05d41c,425.96,DELIVERED,RAZORPAY
87140754-6dd5-4fbc-b02e-48713cf48a17,79543249-aeb7-447d-9725-94352e05d41c,504.89,DELIVERED,CASH_ON_DELIVERY
93ae1259-d5b2-4ac9-8eaa-10f8187c7fbc,79543249-aeb7-447d-9725-94352e05d41c,215.92,DELIVERED,UPI_GPAY
e2aab7d2-9f1c-4f05-8a66-aec76acecc6c,79543249-aeb7-447d-9725-94352e05d41c,524.89,DELIVERED,CASH_ON_DELIVERY
25526c95-b76a-472b-9e1c-69a7cbcf55aa,f527b464-7bb9-45da-bb4d-5aab19eb4f9a,811.24,DELIVERED,NET_BANKING
32deb9a3-3a63-4af6-908a-4c376d92916a,f527b464-7bb9-45da-bb4d-5aab19eb4f9a,1002.61,DELIVERED,UPI_PHONEPE
c9e2f3cc-b853-45bb-9a9e-083fc7572818,f527b464-7bb9-45da-bb4d-5aab19eb4f9a,238.34,DELIVERED,UPI_GPAY
d4eff6c6-1664-43cf-9a82-4414f16be27c,f527b464-7bb9-45da-bb4d-5aab19eb4f9a,908.6,DELIVERED,UPI_GPAY
da8f07a2-a970-4f97-9cac-b6aa1664cd6f,f527b464-7bb9-45da-bb4d-5aab19eb4f9a,979.68,DELIVERED,CASH_ON_DELIVERY
d78466cf-3f33-4138-9c50-1817823ddcf8,43d36f77-a78c-4e8e-bc41-245cc7f02ef2,730.7,DELIVERED,NET_BANKING
463c57d9-755c-4e67-875b-ca304a7b91e8,43d36f77-a78c-4e8e-bc41-245cc7f02ef2,780.07,DELIVERED,UPI_PHONEPE
fabbc3ee-2605-40bb-852a-f8ba0c57a113,43d36f77-a78c-4e8e-bc41-245cc7f02ef2,1315.52,DELIVERED,NET_BANKING
a2981716-5e3c-4136-b332-3a8252c336f5,dd14762c-0ed4-4d5f-aaf3-fded6c619888,600.59,DELIVERED,UPI_PHONEPE
162bba37-1c87-4997-b09d-2d7766667bc0,dd14762c-0ed4-4d5f-aaf3-fded6c619888,860.48,DELIVERED,CASH_ON_DELIVERY
3598142e-8aa3-47d4-8696-413963e8bfc0,dd14762c-0ed4-4d5f-aaf3-fded6c619888,839.37,DELIVERED,CASH_ON_DELIVERY
3ff7e5b3-13fe-48c6-b686-8694930453d0,5f4c1d64-d133-4c66-89bc-b35ad29e17b8,660.59,DELIVERED,UPI_PHONEPE
8b25fc63-30a1-4106-8cd7-66d667070cec,5f4c1d64-d133-4c66-89bc-b35ad29e17b8,574.74,DELIVERED,CASH_ON_DELIVERY
a543fa46-4db4-43b4-867a-7ec2a4b7175f,5f4c1d64-d133-4c66-89bc-b35ad29e17b8,326.7,DELIVERED,UPI_GPAY
3a0fc7da-9afa-4ffc-aad6-30881a05fd11,5f4c1d64-d133-4c66-89bc-b35ad29e17b8,171.29,DELIVERED,UPI_GPAY
1a9d3810-4b90-4ee0-9276-d86a2a859ed3,4474409e-95f6-4e6c-b07f-8ea510b81e90,1034.57,DELIVERED,UPI_PHONEPE
7904c52b-03e6-4197-bb56-07373f8eafef,4474409e-95f6-4e6c-b07f-8ea510b81e90,1179.84,DELIVERED,UPI_PHONEPE
7138487d-94f7-4b35-a0ac-bf67cd2126ac,4474409e-95f6-4e6c-b07f-8ea510b81e90,1069.15,DELIVERED,RAZORPAY
9a122840-249e-4b8a-97ae-c667b57aa781,4474409e-95f6-4e6c-b07f-8ea510b81e90,1179.26,DELIVERED,UPI_PHONEPE
398ae1b9-c94c-46bf-afc5-4d33f21b8272,4474409e-95f6-4e6c-b07f-8ea510b81e90,588.29,DELIVERED,RAZORPAY
b171104a-2a1e-4291-8d52-256d989dce4b,7f86a08d-6dd5-4fe9-9472-d02c920c1ff3,607.96,DELIVERED,UPI_GPAY
820dd23e-7b25-4a66-80c5-77f7b52e97e2,7f86a08d-6dd5-4fe9-9472-d02c920c1ff3,155.12,DELIVERED,NET_BANKING
306d248f-bc58-4129-b439-d1c018347110,7f86a08d-6dd5-4fe9-9472-d02c920c1ff3,558.18,DELIVERED,CASH_ON_DELIVERY
18eb9189-83a2-4383-90ae-7f67773a4550,7f86a08d-6dd5-4fe9-9472-d02c920c1ff3,362.98,DELIVERED,UPI_PHONEPE
d9702a38-3c1e-4140-8519-ccc5497a5f6e,7f86a08d-6dd5-4fe9-9472-d02c920c1ff3,445.25,DELIVERED,NET_BANKING
3d563eda-a0fb-474b-a24e-152c4cdafd6f,70891974-6c4a-456b-a56c-3684d6d94556,483.44,DELIVERED,UPI_GPAY
e75913aa-18c6-4777-b002-3814305dce9d,70891974-6c4a-456b-a56c-3684d6d94556,367.68,DELIVERED,RAZORPAY
35259f09-cb7e-480c-bde7-be50e91899ef,70891974-6c4a-456b-a56c-3684d6d94556,783.88,DELIVERED,UPI_GPAY
8715d5ed-21ad-40ec-aba4-05143064d1bd,7035b887-e0d1-4c02-af63-02688ffbb884,541.03,DELIVERED,UPI_PHONEPE
c79da530-2bff-441a-8c3e-9bd038064164,7035b887-e0d1-4c02-af63-02688ffbb884,408.52,DELIVERED,NET_BANKING
91d0fa43-13b8-4f28-b891-d7e34d123360,7035b887-e0d1-4c02-af63-02688ffbb884,537.37,DELIVERED,CASH_ON_DELIVERY
b1191a01-ad14-4a7e-b045-3e3e4090ecfb,2e323422-ea44-449d-9be7-c0c560a0f2e1,793.79,DELIVERED,CASH_ON_DELIVERY
6a6651ad-af00-4902-8495-4c08851fc605,2e323422-ea44-449d-9be7-c0c560a0f2e1,1325.12,DELIVERED,CASH_ON_DELIVERY
2861207c-bca7-4036-930a-17b8080a33e9,2e323422-ea44-449d-9be7-c0c560a0f2e1,667.46,DELIVERED,UPI_GPAY
