review_id,listing_id,customer_id,rating,comment
497e0a71-4ecd-4a64-be0d-4c6f45531825,93e9ec1b-13b4-4518-96f2-a58b6118ade4,c115ff2f-0c98-4983-bf03-167384d2903e,4.7,Manyata Tech Park delivery was perfectly packaged. Tomato and coriander were crisp.
4c1ca463-49ec-4dcd-97fa-dd491bf026b2,3d4ce172-6260-4dfa-9af8-74eeb46f6ae1,c10ab049-f2a7-46b2-b4fb-24d4a0618ba0,4.7,Delivered to Bidadi within 35 mins from North BLR farm hub! Super fresh.
636ac7d5-c383-4202-ab79-16cc1626ca29,6ceef2d2-1469-48a0-9d65-3453b2d6099a,2e323422-ea44-449d-9be7-c0c560a0f2e1,4.5,Direct farmgate connection saves money compared to supermarket prices in Channapatna.
e203a372-0ec4-4de7-a858-0a99e8633392,ae9fd366-c734-40ed-a400-bcb11499a529,7d95baf6-9014-479f-825c-8329b36563da,4.7,Genuine organic produce straight from local farmers. Great natural aroma and crispness.
62ae1b80-2150-4808-a754-14a59f9e7357,7e966e66-f79b-4e76-b29c-f497a16698ed,8db95983-f362-4452-a960-11964662f0bf,5.0,Genuine organic produce straight from local farmers. Great natural aroma and crispness.
7685274b-4222-48da-b70a-9ac242eb9d04,a0b08496-a82f-4cd0-be10-3ab342d8be86,94141fff-971c-4f52-8395-528bde27315a,5.0,Manyata Tech Park delivery was perfectly packaged. Tomato and coriander were crisp.
0b6b0a68-b943-4d08-9320-4e7f4e9e21bf,ddd394f4-7f83-4572-a19b-1683aeddbe47,f93c5b61-46df-44b0-a718-571307f2d308,5.0,Direct farmgate connection saves money compared to supermarket prices in Bidadi.
4f3db99d-a093-4143-9a86-686154e7545f,d24fe122-9118-4ac7-a533-519394afeea2,8b9f7985-5ef6-485d-959c-fd171563bb8a,4.8,Direct farmgate connection saves money compared to supermarket prices in Mandya.
5f296f62-dabd-49e1-8c50-dcf6497688c6,a2871f5a-0a54-4d8a-b7a4-48f8bde8162e,2631bbc2-340f-4a9a-a752-4cec04e400d2,5.0,Genuine organic produce straight from local farmers. Great natural aroma and crispness.
6224fb84-06a4-4a83-828a-346885246ff9,07085e02-3d10-40d1-bd00-3c9607f4b23f,fc58c463-84fd-4548-9e91-513ebe48d753,5.0,Genuine organic produce straight from local farmers. Great natural aroma and crispness.
13512069-058b-4311-8948-a6cd84651e1d,3a4326ef-cf5f-4283-abaa-a5ee739e5cd3,9f9b965f-1f61-4e93-9afb-80390aafca75,4.8,Delivered to Bengaluru (JP Nagar) within 35 mins from North BLR farm hub! Super fresh.
e1293f7d-cdbc-4cad-874d-82abc24320fc,91c9927e-dbc0-4857-b3b3-487f7a5adc1d,95381c19-145e-4e11-ab3f-3555b2a07941,5.0,Direct farmgate connection saves money compared to supermarket prices in Bengaluru (RR Nagar).
3cc7c0ca-acd2-427d-b91c-98b7d2306fc8,104009cc-da4b-4dee-a460-f070c98af59a,9a5217aa-9f63-4c33-a507-b5fcd2e8ffdf,5.0,Greens and vegetables were freshly harvested this morning. Unbeatable quality!
f1ce3d44-7d79-4708-8b84-f8215b2cd90d,62e3d71d-bfa4-455a-bc72-9c810fe53eb1,ef4899c4-bfed-4167-8c46-2982a90da36a,4.5,Manyata Tech Park delivery was perfectly packaged. Tomato and coriander were crisp.
e2dbc518-5e05-4031-b662-ba7f3b635a26,d2ee5f06-0a65-4618-96e6-c27bc21be525,4be287a3-4af7-4b0f-93da-1215dbbe7007,4.7,Greens and vegetables were freshly harvested this morning. Unbeatable quality!
4bfd3e26-0129-489c-869c-83bb0dbb80fd,ab1b7d49-94b3-4a3a-aa89-6ff904cccd84,f93c5b61-46df-44b0-a718-571307f2d308,5.0,Genuine organic produce straight from local farmers. Great natural aroma and crispness.
1bbed1d2-0cf3-4811-936b-1bb0edc8c6e5,0235d250-aa7c-4dfb-b553-44b4676cb0a9,300ccb51-269e-4dad-bbd7-bc4d6f1214bf,5.0,Delivered to Bengaluru (Hebbal) within 35 mins from North BLR farm hub! Super fresh.
55265341-638d-4427-9c35-74df0423ff8c,600ad2a1-c479-41cb-ae59-1f480c14eca6,56422f53-2ae2-4b6f-b750-b63ee1e07845,4.8,Genuine organic produce straight from local farmers. Great natural aroma and crispness.
c241fa73-eae1-436c-a0df-1b347fe98c7f,08b13616-624e-429d-8e3b-6fa21d699d46,300ccb51-269e-4dad-bbd7-bc4d6f1214bf,5.0,Delivered to Bengaluru (Hebbal) within 35 mins from North BLR farm hub! Super fresh.
f0be6a3e-2e3c-4c59-808c-1484402e49b4,c1825c45-0d7b-4a7a-8dcb-9551977f9a86,83cf8df8-0344-41ec-a14f-761cb61a2216,4.5,Direct farmgate connection saves money compared to supermarket prices in Srirangapatna.
ad3339fa-5c5f-4135-b74b-3a23b8ffb8aa,c6f3f0c3-6d77-4e67-be13-948cb6aff21e,7da7a7d5-e468-4f10-a91c-c07fd503dc72,5.0,Delivered to Maddur within 35 mins from North BLR farm hub! Super fresh.
21a70dc3-4d3a-44e1-8b44-8608f5dd53f6,62e3d71d-bfa4-455a-bc72-9c810fe53eb1,c10ab049-f2a7-46b2-b4fb-24d4a0618ba0,5.0,Delivered to Bidadi within 35 mins from North BLR farm hub! Super fresh.
7ab4b531-df44-41d5-a1fd-96ac573e15e4,0f8e2979-fd0e-4891-afd3-3b4a418d17c1,9a5217aa-9f63-4c33-a507-b5fcd2e8ffdf,5.0,Direct farmgate connection saves money compared to supermarket prices in Channapatna.
3b4f1d93-95e0-4272-9c53-975eb89f4fc8,df12d470-f4d4-4550-b7c7-b362ed0cce5a,db1b9299-96df-4fd8-932c-3ad6613bc967,4.8,Genuine organic produce straight from local farmers. Great natural aroma and crispness.
f04b7cd0-4b0e-43a1-9987-a92b48b94cc1,88dc8654-525d-4e13-a1c5-26c467b71fdf,83cf8df8-0344-41ec-a14f-761cb61a2216,4.7,Greens and vegetables were freshly harvested this morning. Unbeatable quality!
759288b3-8c40-4aed-bdfe-b9e3dc8988f6,9343e411-1342-4af6-b84c-49ab26ee23f0,de21c2a0-a0e1-4757-a095-0016eb816242,4.5,Genuine organic produce straight from local farmers. Great natural aroma and crispness.
06ed19df-d681-414b-b949-32a6af5ad169,cd421415-e774-4ace-b0dc-d63a85efee9b,ad765317-0ae5-4394-9861-e51d92a1fcc6,4.5,Greens and vegetables were freshly harvested this morning. Unbeatable quality!
dba2d0ff-5df2-4362-a872-0c7b2daacf8e,cb56deaa-8d41-4adc-8a3f-3bdf869aed1e,8e5d4ae9-8fb2-45af-aae1-40e41e752b6e,4.8,Greens and vegetables were freshly harvested this morning. Unbeatable quality!
4642b28b-5834-4723-a3e6-19e65dd35b35,d042b9c0-0d2c-4cc1-807d-2c6a1f82c476,94141fff-971c-4f52-8395-528bde27315a,4.7,Manyata Tech Park delivery was perfectly packaged. Tomato and coriander were crisp.
c75827ab-2ba5-42de-a074-661f8cb096bb,c9093b22-8d92-453a-a21a-e917e2a5f225,94141fff-971c-4f52-8395-528bde27315a,5.0,Manyata Tech Park delivery was perfectly packaged. Tomato and coriander were crisp.
721e7bb3-8848-436b-8913-d3ec4b84e32a,07dc2ed6-468c-4698-905f-f1fe021fdf17,d6a9e0ef-4132-46ef-a0f7-d7997a803afe,4.5,Direct farmgate connection saves money compared to supermarket prices in Malavalli.
42bcb149-bc4b-47d4-b051-615577eb25e8,74396c83-e782-46c3-9710-c78913d5a49a,6d807f3a-a6f7-4bd1-9559-7d534e353dc6,4.5,Genuine organic produce straight from local farmers. Great natural aroma and crispness.
a8884031-aedb-4997-9413-5201402552f4,c6f3f0c3-6d77-4e67-be13-948cb6aff21e,c5863af9-c9cd-463d-94a8-8e69adf4f214,4.8,Delivered to Maddur within 35 mins from North BLR farm hub! Super fresh.
b8c6173c-2888-4ca2-bea2-a40f3d7082fc,d091bfe2-22ca-4023-a8f1-3226b7f4a7da,31029486-3cd3-4020-ad98-4aff05d029d1,4.7,Delivered to Bidadi within 35 mins from North BLR farm hub! Super fresh.
e70ba142-56fc-4d42-b87f-670ebe413a77,1fb51520-9238-438a-b8e4-17a7803354a7,2553a9ec-9e91-4594-92cb-e95a45580b2c,5.0,Greens and vegetables were freshly harvested this morning. Unbeatable quality!
3c3226a9-5f4d-40e9-b116-e2ffc15fb345,97d5ca4f-3b66-4ca0-8ad0-5e170c9e8af1,c3df3a50-2251-45a6-883f-032b8033f52e,4.5,Delivered to Channapatna within 35 mins from North BLR farm hub! Super fresh.
6a48ddb0-202d-418d-b308-2ea5bb6c9de1,7869a02c-ef9c-4865-b4e9-b8e9c7d06af4,4474409e-95f6-4e6c-b07f-8ea510b81e90,4.5,Direct farmgate connection saves money compared to supermarket prices in Channapatna.
842a8929-b59e-4c06-9340-626d4c114751,cdbbec30-7793-4d61-884e-57040023b974,5f4c1d64-d133-4c66-89bc-b35ad29e17b8,4.7,Genuine organic produce straight from local farmers. Great natural aroma and crispness.
815ea210-fedf-43e4-989b-83cafb9ac025,ef03f9f5-d4ae-43ae-9c98-2b1ac1e2bf87,60bce0c4-e075-416e-b530-453c6922b587,5.0,Manyata Tech Park delivery was perfectly packaged. Tomato and coriander were crisp.
1db976b9-e5b1-4834-ae86-7f53884bc25a,bb7150c3-181b-435f-9c77-bee1e39665f5,331a2b18-7771-4c8f-babb-5457498c239b,5.0,Greens and vegetables were freshly harvested this morning. Unbeatable quality!
4f5cf761-d5e3-430d-a6fb-f3dc8acf0dda,cd06b865-9bda-4bc4-aa63-0b5cc0ad3bdb,4fb3055e-a3e6-409f-b75b-aa457c4a89bd,5.0,Greens and vegetables were freshly harvested this morning. Unbeatable quality!
633570dc-7a7a-4fe3-ba3a-f3224160ae13,d37292d7-762b-47aa-a24a-518beba4bb0b,8b9f7985-5ef6-485d-959c-fd171563bb8a,5.0,Genuine organic produce straight from local farmers. Great natural aroma and crispness.
b3fb837f-3055-4e90-ac43-f6fe4749faf5,3be86532-31cf-42eb-813b-2dccd5ac1496,5f4c1d64-d133-4c66-89bc-b35ad29e17b8,5.0,Delivered to Channapatna within 35 mins from North BLR farm hub! Super fresh.
89a9147c-4269-496f-a0ad-bb58657df195,1565d3db-fa61-4937-9a95-61ffa16b52f8,70891974-6c4a-456b-a56c-3684d6d94556,5.0,Greens and vegetables were freshly harvested this morning. Unbeatable quality!
3c1b5278-f024-4dea-b7d2-a65bde6df5e4,52f59e14-39fc-4311-9763-412f0916662a,a2b79504-3575-4d94-9af6-c8b119b11e3c,5.0,Delivered to Maddur within 35 mins from North BLR farm hub! Super fresh.
ee2eefeb-7a86-4cdc-af7b-ce54bd4ef13c,e906f01e-ecde-40a5-a44c-9132a164f942,62e301a3-cc55-44ee-8d66-0cdb6a5d0c0d,4.7,Direct farmgate connection saves money compared to supermarket prices in Bengaluru (Koramangala).
41b7a71c-f3ca-40fe-a9bd-a1c823b96142,a7290bdd-22fb-4a4d-a4a4-c2bf75c7ab09,fc932934-07d4-4feb-bf60-af1355a4a785,5.0,Greens and vegetables were freshly harvested this morning. Unbeatable quality!
4a4bfa97-886f-4b52-9b35-a682d99f8378,4985cb8a-2526-4b48-9622-96507fd818ac,4fb3055e-a3e6-409f-b75b-aa457c4a89bd,5.0,Direct farmgate connection saves money compared to supermarket prices in Malavalli.
264f4e31-0bcf-4f12-881d-db5ac4b404fb,2be74d63-62ec-47aa-b946-d35f63ed3b81,a2b79504-3575-4d94-9af6-c8b119b11e3c,5.0,Direct farmgate connection saves money compared to supermarket prices in Maddur.
0b15617f-c61a-4218-901d-55c904e07ddf,d7fe6fa6-3558-4d24-830f-7b3e26266011,ef4899c4-bfed-4167-8c46-2982a90da36a,5.0,Direct farmgate connection saves money compared to supermarket prices in Bengaluru (JP Nagar).
d6cd21a5-49bd-4cf3-bc1c-69ebd1bce7b5,14be1626-52a6-4663-a86f-3e63efc5b7f1,d42e4be4-b29c-47fe-a1b3-8255948344ac,4.7,Genuine organic produce straight from local farmers. Great natural aroma and crispness.
30552485-ed54-4579-b4f0-bdc73af80623,3f85cf21-51b3-4ff1-bcb6-e1e762386094,2e323422-ea44-449d-9be7-c0c560a0f2e1,4.8,Delivered to Channapatna within 35 mins from North BLR farm hub! Super fresh.
34353762-ec15-4a9a-8e93-ce0f35016d0b,3be86532-31cf-42eb-813b-2dccd5ac1496,22ad31f1-df1a-4f97-8257-b9b75387027c,5.0,Delivered to Bengaluru (Koramangala) within 35 mins from North BLR farm hub! Super fresh.
a35b91f4-ec33-4689-9a1d-c9aeabb19b77,6d43cbd1-7311-4a08-b596-27572d2a9011,980bcd07-414b-453e-9d08-9192eb3691d7,5.0,Genuine organic produce straight from local farmers. Great natural aroma and crispness.
29e582f4-245e-40e4-b375-859749203de9,36ac1cb7-c55e-46e9-bdbf-67db44692a6b,74293659-a2ab-4c3c-8f72-343b020d30cd,4.8,Genuine organic produce straight from local farmers. Great natural aroma and crispness.
f8c9c5f0-edb6-4c79-82c8-b05130dfe550,caf182d8-b8dc-4efd-9432-9835f25c1d2d,ade771d7-33ad-4f40-b456-f0a9fee988ff,4.8,Delivered to Bengaluru (Hebbal) within 35 mins from North BLR farm hub! Super fresh.
d351fd07-c383-475c-94c8-89685b682301,749c4ddf-974f-4931-a100-4225142185fc,bcfcf609-ddfe-447a-98fc-c66e9233f0b4,4.7,Direct farmgate connection saves money compared to supermarket prices in Bengaluru (Koramangala).
b966f477-6cb6-4af7-8950-d37d93bdcc0b,c9258ea0-ea2b-40d1-ab14-ea7cc785ea80,60bce0c4-e075-416e-b530-453c6922b587,5.0,Greens and vegetables were freshly harvested this morning. Unbeatable quality!
2ff065bf-74df-44b1-a23a-38e69b26d8f2,b8258701-7eba-4efa-be89-1236720808da,2553a9ec-9e91-4594-92cb-e95a45580b2c,4.7,Genuine organic produce straight from local farmers. Great natural aroma and crispness.
bce275ad-d8ff-40a6-8c97-27303e3c170a,dcbedb32-e346-4e18-89ee-3858c173c294,c10ab049-f2a7-46b2-b4fb-24d4a0618ba0,5.0,Manyata Tech Park delivery was perfectly packaged. Tomato and coriander were crisp.
69debc06-ec64-49d5-94d5-91badc056863,d2ee5f06-0a65-4618-96e6-c27bc21be525,f6fcd7a9-a8f0-457c-b9f3-018c8b01391b,5.0,Greens and vegetables were freshly harvested this morning. Unbeatable quality!
46418889-b3a7-459e-a757-c80f40319024,32fc637e-f9fe-4fc6-9e2a-675ee8c4feee,f3fa5f28-5d69-41fc-a0e8-369ed44442f3,4.7,Greens and vegetables were freshly harvested this morning. Unbeatable quality!
4d843042-1183-4e90-95e1-999d95fed442,b8a0ae63-1527-48a1-8e7f-cb4d54491dee,bcfcf609-ddfe-447a-98fc-c66e9233f0b4,4.8,Genuine organic produce straight from local farmers. Great natural aroma and crispness.
cf73d0ec-a8c5-4f21-893f-6d36e1c0fb23,0b8caf16-d2a2-40e6-85fc-c7ca0a3b32b6,46ed7332-a6b6-4f08-ae6b-4ce2687249fc,4.7,Greens and vegetables were freshly harvested this morning. Unbeatable quality!
7aa9818b-101a-408f-b9be-60b65e7e5e95,54e68afd-8558-4ef5-85a1-3e2ff3b0d76a,4cd53847-8857-4983-ab6f-bbf44a1f863e,4.5,Genuine organic produce straight from local farmers. Great natural aroma and crispness.
3a70d951-9179-4b05-8d4c-40b4b207806e,2fd004c8-0a2f-4ef5-a7d2-64e91931e920,6e8429bb-4b3a-4f9f-90fd-1714a5be004d,4.8,Delivered to Pandavapura within 35 mins from North BLR farm hub! Super fresh.
b609c7a1-3a04-4810-a6e0-f0e86541e371,e906f01e-ecde-40a5-a44c-9132a164f942,8a27105f-d9e0-49ad-84fc-41ff5c010769,4.7,Direct farmgate connection saves money compared to supermarket prices in Malavalli.
983deaf9-4372-4005-b0ed-6d58beb66af4,d24fe122-9118-4ac7-a533-519394afeea2,fc58c463-84fd-4548-9e91-513ebe48d753,4.8,Greens and vegetables were freshly harvested this morning. Unbeatable quality!
89b24a39-5ed6-4dab-af70-4b9f86ec1360,1dc6cad2-e9f6-4668-8161-d4cccfe729a4,4cd53847-8857-4983-ab6f-bbf44a1f863e,5.0,Manyata Tech Park delivery was perfectly packaged. Tomato and coriander were crisp.
13bc0de9-9748-4e57-8eee-26fa66ffafcd,30a35155-a204-4dc4-b803-c1c6e3f4b4f6,8a27105f-d9e0-49ad-84fc-41ff5c010769,4.7,Greens and vegetables were freshly harvested this morning. Unbeatable quality!
a3449c49-2fbf-45e1-9b23-fe2b350c574f,ca262023-1ba4-4c5c-b26f-043d23841ff1,95381c19-145e-4e11-ab3f-3555b2a07941,4.5,Delivered to Bengaluru (RR Nagar) within 35 mins from North BLR farm hub! Super fresh.
fe83ef80-c97a-4170-9a72-13757fdd4776,61196fcb-7d00-4c63-8871-a2da792babf2,4cd53847-8857-4983-ab6f-bbf44a1f863e,5.0,Greens and vegetables were freshly harvested this morning. Unbeatable quality!
b0b1f26a-7662-432a-ad4c-5984fe276f42,73ba2336-7a3c-47ec-af09-dc36f47b00fc,d6a9e0ef-4132-46ef-a0f7-d7997a803afe,4.5,Direct farmgate connection saves money compared to supermarket prices in Malavalli.
4419443f-2c09-40a0-8d81-2fe335c9b5ea,369b36dc-5a7f-4661-b814-c9329f431123,ade771d7-33ad-4f40-b456-f0a9fee988ff,5.0,Genuine organic produce straight from local farmers. Great natural aroma and crispness.
cb5821f4-8d0d-4284-beb9-fcfb98edff17,fd8c9d08-eb21-41d5-9636-2248c81282bf,4fb3055e-a3e6-409f-b75b-aa457c4a89bd,5.0,Direct farmgate connection saves money compared to supermarket prices in Malavalli.
accafd65-d7c8-4e85-95b1-32ae6aac6955,bc471493-c860-41fb-9447-d722e0748c36,b09d5ed6-293f-4eb8-8466-17829480dcad,4.7,Genuine organic produce straight from local farmers. Great natural aroma and crispness.
b4539485-51fa-4b10-9902-778604e1cbc0,70e90051-397e-40bf-833c-120d977f7445,f685a52e-f09f-45e3-b296-668bbb414f9f,5.0,Manyata Tech Park delivery was perfectly packaged. Tomato and coriander were crisp.
c47a931f-f3e0-43d4-ab05-6f1a10e2bed3,b4c436be-f3b0-415f-bf41-4043d721bf73,9a5217aa-9f63-4c33-a507-b5fcd2e8ffdf,4.7,Delivered to Channapatna within 35 mins from North BLR farm hub! Super fresh.
8eb4dfe1-915e-410b-8309-afa60cdb8d76,ef03f9f5-d4ae-43ae-9c98-2b1ac1e2bf87,fc58c463-84fd-4548-9e91-513ebe48d753,5.0,Direct farmgate connection saves money compared to supermarket prices in Bengaluru (Kengeri).
b84f5dc0-cf72-4f4b-aff8-b5a91daad197,739eefee-2af4-4c44-b3e1-e9e86d01f1d4,73f3bb61-7aac-49e3-af05-f2dd383f2102,5.0,Direct farmgate connection saves money compared to supermarket prices in Srirangapatna.
748a580b-4c44-40fa-b7f9-f0f190e7ac2b,e8e1f6be-df4b-472a-b946-31dfbfb43dd2,4fb3055e-a3e6-409f-b75b-aa457c4a89bd,4.7,Greens and vegetables were freshly harvested this morning. Unbeatable quality!
a093316c-ecb8-4744-a471-ba7f94750255,ada3490e-9d0d-41c5-b8f6-ee36f232a592,8b9f7985-5ef6-485d-959c-fd171563bb8a,5.0,Genuine organic produce straight from local farmers. Great natural aroma and crispness.
7a031bb2-3d59-4a2f-ab99-a83e29ac3012,ee022739-4180-4dc6-8c2b-20baa685e36e,7f86a08d-6dd5-4fe9-9472-d02c920c1ff3,4.8,Greens and vegetables were freshly harvested this morning. Unbeatable quality!
d6fa7cec-3b2e-47f7-8970-9cb5cba46ed3,bc471493-c860-41fb-9447-d722e0748c36,f8eb34db-1687-4a4b-802f-8c5bdb2bce45,5.0,Delivered to Bengaluru (RR Nagar) within 35 mins from North BLR farm hub! Super fresh.
cc9f93ad-e075-494b-b1a9-659ad9033719,02e5b404-20cc-418d-a7b0-36017ac6406e,79543249-aeb7-447d-9725-94352e05d41c,4.7,Manyata Tech Park delivery was perfectly packaged. Tomato and coriander were crisp.
e2c82e83-302d-4f16-a1f2-84be8a455b56,0c04e9e0-bb76-47a7-a14d-f2eff4f256d8,a2b79504-3575-4d94-9af6-c8b119b11e3c,4.5,Direct farmgate connection saves money compared to supermarket prices in Maddur.
66c89a35-c370-4f69-bdf2-3b833291e31d,97d5ca4f-3b66-4ca0-8ad0-5e170c9e8af1,cb2e8316-e933-46d4-bc5c-faec0025b694,5.0,Manyata Tech Park delivery was perfectly packaged. Tomato and coriander were crisp.
86bfd73d-c24c-4e3b-81af-5554f89a9c9f,8124d850-f372-4140-92f6-6ff393d8ad94,94141fff-971c-4f52-8395-528bde27315a,4.5,Manyata Tech Park delivery was perfectly packaged. Tomato and coriander were crisp.
d87c2cc3-d5b7-4392-9125-2179e845bf91,644cb430-839e-4d94-abc5-2aefa812d87c,06cbec87-9334-4ba7-98dd-3153ec769b66,5.0,Greens and vegetables were freshly harvested this morning. Unbeatable quality!
262c84ac-b066-4a11-927c-b5463763a5c1,c2e712d4-fa5d-4331-96a6-e1b4233c081b,47627f78-25a8-49b8-baed-67cc7cb51cc3,4.7,Delivered to Bidadi within 35 mins from North BLR farm hub! Super fresh.
75219e30-f8e9-4dd5-b3be-be095c602bc7,ce228021-e222-4cb4-afed-b4079dd03dde,f685a52e-f09f-45e3-b296-668bbb414f9f,4.5,Genuine organic produce straight from local farmers. Great natural aroma and crispness.
41a0c23d-ef98-4e71-b199-9bf98ff446c9,25f04353-3717-43fc-8cda-10082eb64989,fae7e454-f146-44cd-a680-3dfc2879df45,5.0,Manyata Tech Park delivery was perfectly packaged. Tomato and coriander were crisp.
fa0a2238-bab7-4e0a-b146-62442b45d8db,57d67d1a-7d94-4323-8d9f-22d30884bdb9,7035b887-e0d1-4c02-af63-02688ffbb884,4.8,Manyata Tech Park delivery was perfectly packaged. Tomato and coriander were crisp.
ca1d5f55-2c67-48dd-a121-51abd7e80a87,0c04e9e0-bb76-47a7-a14d-f2eff4f256d8,3fe7f558-21bf-4ff6-8746-47c0323cafb0,5.0,Direct farmgate connection saves money compared to supermarket prices in Srirangapatna.
1d1f5a59-fbed-452d-a994-7b7e9b4aa572,caf182d8-b8dc-4efd-9432-9835f25c1d2d,9f9b965f-1f61-4e93-9afb-80390aafca75,5.0,Genuine organic produce straight from local farmers. Great natural aroma and crispness.
aa347078-6a99-4625-9ed4-e78c436b80bc,15e9cdb5-ab3a-4a67-b1e4-e8a4e2469815,6cc675f4-9587-41d6-91e3-899f396beab1,4.8,Genuine organic produce straight from local farmers. Great natural aroma and crispness.
7d460d31-032e-4e03-add6-bb78741c520b,d9e5f240-1361-45c1-8b4b-b95f01f4c109,4389ea33-33a4-4982-a079-831f1db05fe0,5.0,Greens and vegetables were freshly harvested this morning. Unbeatable quality!
fe3f8069-4cf0-4127-8f9d-28e242cf3718,61994682-174b-47e1-a92b-8d56e543416b,fc932934-07d4-4feb-bf60-af1355a4a785,4.8,Direct farmgate connection saves money compared to supermarket prices in Channapatna.
43e0a885-d452-46c1-ab6e-c50743e9e8e7,130886fe-734c-40fc-bcee-3b28bbe74292,4474409e-95f6-4e6c-b07f-8ea510b81e90,5.0,Greens and vegetables were freshly harvested this morning. Unbeatable quality!
faa8895f-3604-4ce0-b596-7307313492cf,9ecc0d39-ed33-485e-ad18-7a2a707c6d2a,f8eb34db-1687-4a4b-802f-8c5bdb2bce45,4.8,Direct farmgate connection saves money compared to supermarket prices in Bengaluru (RR Nagar).
c363e155-449f-4aa8-a560-8c2a497c0837,3a552307-6f65-4c3a-a54d-d271c022e93b,2631bbc2-340f-4a9a-a752-4cec04e400d2,4.5,Manyata Tech Park delivery was perfectly packaged. Tomato and coriander were crisp.
0016ff36-2aff-490c-86ba-551bca0c5525,739eefee-2af4-4c44-b3e1-e9e86d01f1d4,3fe7f558-21bf-4ff6-8746-47c0323cafb0,4.8,Direct farmgate connection saves money compared to supermarket prices in Srirangapatna.
290e1e08-557f-441e-8fbb-658aa2629306,39858fe6-336f-4f49-8f1d-5d6db50a5671,3fe7f558-21bf-4ff6-8746-47c0323cafb0,5.0,Genuine organic produce straight from local farmers. Great natural aroma and crispness.
3109e3c3-473a-4e87-8fac-c9fbfec205cd,6d43cbd1-7311-4a08-b596-27572d2a9011,f8eb34db-1687-4a4b-802f-8c5bdb2bce45,5.0,Greens and vegetables were freshly harvested this morning. Unbeatable quality!
47e19703-afbe-4089-b71b-2f9c1e353e3c,130886fe-734c-40fc-bcee-3b28bbe74292,f0727e5c-5d1e-4ea7-aa00-d6053f839ba3,4.8,Greens and vegetables were freshly harvested this morning. Unbeatable quality!
0f1b9bed-afa7-403e-ad67-be7f93ac3c58,e7185a39-0261-4ed3-8614-036ab8432fa2,73f3bb61-7aac-49e3-af05-f2dd383f2102,4.5,Genuine organic produce straight from local farmers. Great natural aroma and crispness.
8dc7fbf3-f9c4-4176-a95a-c4d175c97a66,ada3490e-9d0d-41c5-b8f6-ee36f232a592,2e323422-ea44-449d-9be7-c0c560a0f2e1,4.5,Greens and vegetables were freshly harvested this morning. Unbeatable quality!
e29f52f3-baf0-4419-bc7b-c7b875622730,f2c3bde4-f1f1-484c-ab9a-cc85dfc19c06,c6c9aed7-1f10-439d-88ec-8f5b1b4f748f,4.8,Manyata Tech Park delivery was perfectly packaged. Tomato and coriander were crisp.
38dbdfb2-4504-404c-afc4-b2a58b89378c,5a442680-9fef-499c-825c-bcbe3ceaedb7,f685a52e-f09f-45e3-b296-668bbb414f9f,5.0,Greens and vegetables were freshly harvested this morning. Unbeatable quality!
ee4a2ae8-629a-4562-8a4b-c5622a1a69ba,e6a04938-5e34-4328-ae59-6d3dc3f1c0f1,f93c5b61-46df-44b0-a718-571307f2d308,4.7,Manyata Tech Park delivery was perfectly packaged. Tomato and coriander were crisp.
f35e933f-ad2d-4eec-a125-beb98e4238cd,fbcb63ab-7591-4598-83a2-72cc2ef2c603,7da7a7d5-e468-4f10-a91c-c07fd503dc72,4.8,Direct farmgate connection saves money compared to supermarket prices in Maddur.
da02afa4-3639-472c-a84b-21d5ed7be09e,a5fe64f7-9a3c-4e55-8f0c-7fc431807fdd,bcfcf609-ddfe-447a-98fc-c66e9233f0b4,4.8,Manyata Tech Park delivery was perfectly packaged. Tomato and coriander were crisp.
f4c52005-3245-4026-9736-771eff95e0f0,9ef1d91d-cf40-49eb-9260-13cea31fad19,f0727e5c-5d1e-4ea7-aa00-d6053f839ba3,5.0,Manyata Tech Park delivery was perfectly packaged. Tomato and coriander were crisp.
b697aa6e-feee-449e-a0dd-c3f2d290835d,0b8caf16-d2a2-40e6-85fc-c7ca0a3b32b6,74293659-a2ab-4c3c-8f72-343b020d30cd,4.5,Greens and vegetables were freshly harvested this morning. Unbeatable quality!
2a2bae84-293b-4c7f-83e7-0f0b9a8a6d68,d6bbbbbd-5bb9-4372-86a3-876b161d74ed,4474409e-95f6-4e6c-b07f-8ea510b81e90,4.5,Delivered to Channapatna within 35 mins from North BLR farm hub! Super fresh.
96ec9c70-7dd3-4ee9-928b-c617e8673576,d24fe122-9118-4ac7-a533-519394afeea2,b09d5ed6-293f-4eb8-8466-17829480dcad,5.0,Genuine organic produce straight from local farmers. Great natural aroma and crispness.
12ef73e0-b1a6-444f-b083-50d4bf54fadf,9e62c28d-8fc0-432a-b85d-e57755b7a392,94141fff-971c-4f52-8395-528bde27315a,4.7,Manyata Tech Park delivery was perfectly packaged. Tomato and coriander were crisp.
d21f4e6e-4a16-4cc8-8967-ce98a0a5ca0a,6fcc34f9-1490-4c70-ae89-f338a3157ec6,8db95983-f362-4452-a960-11964662f0bf,4.8,Delivered to Bengaluru (Indiranagar) within 35 mins from North BLR farm hub! Super fresh.
3fe7dcb7-a85a-4754-9da3-82a382bf5ecd,73697b54-c6e2-44c9-8814-663dd2d9dba7,ade771d7-33ad-4f40-b456-f0a9fee988ff,5.0,Direct farmgate connection saves money compared to supermarket prices in Bengaluru (Hebbal).
72c300b9-6a7d-46b9-ac0e-5d159512db60,469de709-3edd-4ecf-b373-98a004b5f3ae,919278a5-6e46-4b47-9a6b-d4022e747c9f,4.8,Manyata Tech Park delivery was perfectly packaged. Tomato and coriander were crisp.
b2261b3d-1c44-4f4e-bcd4-32fac9af7ec8,da64164b-75af-434c-bc95-bda04bb24a47,c5863af9-c9cd-463d-94a8-8e69adf4f214,4.8,Manyata Tech Park delivery was perfectly packaged. Tomato and coriander were crisp.
14d1fc81-1f8e-4a3c-aa0b-7faa551e1489,5dab8803-0ab8-4447-a6f6-08365aa53ddb,300ccb51-269e-4dad-bbd7-bc4d6f1214bf,5.0,Genuine organic produce straight from local farmers. Great natural aroma and crispness.
a3351889-2008-4d82-974e-ec58ce1650e8,8696709d-bada-4123-9d4e-f480eb6d6980,4ce2d3cb-b864-40e5-96a5-3e0877928c39,5.0,Direct farmgate connection saves money compared to supermarket prices in Malavalli.
fe6ebdb1-5df7-47a1-a3c4-be7fba8e1f06,0c04e9e0-bb76-47a7-a14d-f2eff4f256d8,b09d5ed6-293f-4eb8-8466-17829480dcad,4.5,Genuine organic produce straight from local farmers. Great natural aroma and crispness.
8443b318-2266-46fe-8712-98ac6ba3605a,5f7fe85b-a41f-445e-83dd-d16cd8b90fc2,f527b464-7bb9-45da-bb4d-5aab19eb4f9a,5.0,Manyata Tech Park delivery was perfectly packaged. Tomato and coriander were crisp.
0e790095-56dc-4753-98df-9a06fbc3e225,ddd394f4-7f83-4572-a19b-1683aeddbe47,94141fff-971c-4f52-8395-528bde27315a,4.7,Manyata Tech Park delivery was perfectly packaged. Tomato and coriander were crisp.
dae659a8-bde5-4c6a-9d54-65565720dc5d,e8e1f6be-df4b-472a-b946-31dfbfb43dd2,70891974-6c4a-456b-a56c-3684d6d94556,4.5,Manyata Tech Park delivery was perfectly packaged. Tomato and coriander were crisp.
9e5fab5a-75f5-4cd5-a552-7dd436d6dc79,119171e8-3049-4289-a1e6-20156e6d3e20,6b34b498-54a0-4051-903e-b9197aa9de94,4.5,Manyata Tech Park delivery was perfectly packaged. Tomato and coriander were crisp.
a6875aa9-aad5-4a83-9223-0829a979346f,c2e712d4-fa5d-4331-96a6-e1b4233c081b,c3df3a50-2251-45a6-883f-032b8033f52e,5.0,Greens and vegetables were freshly harvested this morning. Unbeatable quality!
8534a74e-b7e5-43d7-b61d-bc0af292f3c6,5453d043-5f04-4e0e-8ae5-b6e6d808a04a,c115ff2f-0c98-4983-bf03-167384d2903e,4.7,Greens and vegetables were freshly harvested this morning. Unbeatable quality!
96cf5867-0cb0-4066-b8ae-3bcbfa50ba6b,6009c106-4a8d-4390-b68f-d80d46087798,2cf4a458-4875-48b9-a84f-9b99b9d0a431,4.5,Greens and vegetables were freshly harvested this morning. Unbeatable quality!
9d194a66-d08a-43c3-8850-a347a95e229a,43d6910f-14b0-4fa4-8763-100d2a5ef4f5,f4dee32c-e6d8-4c67-95a9-f63a4e41f5e8,5.0,Delivered to Srirangapatna within 35 mins from North BLR farm hub! Super fresh.
3af3b06f-7986-476f-ad78-388e5f442920,93972ebd-a548-446c-a61e-54abc0d9eb7a,6d807f3a-a6f7-4bd1-9559-7d534e353dc6,5.0,Genuine organic produce straight from local farmers. Great natural aroma and crispness.
ef829b55-d8a7-466b-a13a-c1fde7c7d54c,1565d3db-fa61-4937-9a95-61ffa16b52f8,70891974-6c4a-456b-a56c-3684d6d94556,4.7,Greens and vegetables were freshly harvested this morning. Unbeatable quality!
818ed451-67db-4dec-8e02-cdd45a7e4f4b,36ac1cb7-c55e-46e9-bdbf-67db44692a6b,2e323422-ea44-449d-9be7-c0c560a0f2e1,5.0,Genuine organic produce straight from local farmers. Great natural aroma and crispness.
9ef3a5e7-b028-4fce-9ad2-26e05ce0ec14,c3495736-91c7-4cc4-809c-67ddabb167ef,56422f53-2ae2-4b6f-b750-b63ee1e07845,4.7,Direct farmgate connection saves money compared to supermarket prices in Pandavapura.
6f9fe6af-0dd8-4b31-84d9-dc0547bd4c5d,a2871f5a-0a54-4d8a-b7a4-48f8bde8162e,081e8113-878b-4022-8cdf-0bfc6dda5167,4.8,Greens and vegetables were freshly harvested this morning. Unbeatable quality!
8d119071-acc1-4a63-877e-fcad5533bf3d,01eceb48-f625-49d1-9160-9092e4e32c8f,d6a9e0ef-4132-46ef-a0f7-d7997a803afe,5.0,Greens and vegetables were freshly harvested this morning. Unbeatable quality!
4e5efbd2-e6b0-4200-bdf9-d16dbad7c269,267bcafa-37c4-4b02-92c3-b227652497c8,8b9f7985-5ef6-485d-959c-fd171563bb8a,4.8,Genuine organic produce straight from local farmers. Great natural aroma and crispness.
88842cff-0f73-4878-830b-087b919f1aeb,9b60151d-2d71-442a-b900-6cead41b6a44,56422f53-2ae2-4b6f-b750-b63ee1e07845,4.8,Greens and vegetables were freshly harvested this morning. Unbeatable quality!
63db3b0c-a541-4efa-aef5-6860af25a112,2afaf5f3-0c2f-43fa-9e3d-c2b394605f1a,62e301a3-cc55-44ee-8d66-0cdb6a5d0c0d,4.8,Greens and vegetables were freshly harvested this morning. Unbeatable quality!
6bc41644-99ad-4228-9850-dd6c95643160,c7753905-347d-4399-b42f-7855b236aa8e,74293659-a2ab-4c3c-8f72-343b020d30cd,4.7,Direct farmgate connection saves money compared to supermarket prices in Pandavapura.
c9278fc4-2e0a-4752-b5e2-e865e5d1b459,5be7f0f5-1d12-45f3-b308-f664330e8da7,4ce2d3cb-b864-40e5-96a5-3e0877928c39,4.7,Manyata Tech Park delivery was perfectly packaged. Tomato and coriander were crisp.
a4508973-049e-45cb-bb3e-12d491f148b1,8444f425-1ec2-4960-b214-3f36015984d2,3fe7f558-21bf-4ff6-8746-47c0323cafb0,5.0,Manyata Tech Park delivery was perfectly packaged. Tomato and coriander were crisp.
d2d12786-fb5d-413a-90cf-1185e565c1a6,2be74d63-62ec-47aa-b946-d35f63ed3b81,73f3bb61-7aac-49e3-af05-f2dd383f2102,4.5,Direct farmgate connection saves money compared to supermarket prices in Srirangapatna.
2aaf8a90-6d1c-401f-bc34-e74d0dd69130,cb60bbbe-2069-47d8-b5e7-b3ea327f47f8,47627f78-25a8-49b8-baed-67cc7cb51cc3,5.0,Delivered to Bidadi within 35 mins from North BLR farm hub! Super fresh.
1fb525dd-2ad9-416f-95f9-868327bfd100,6e1f18a9-7abb-46a0-81bd-8f86711777f3,f3fa5f28-5d69-41fc-a0e8-369ed44442f3,5.0,Manyata Tech Park delivery was perfectly packaged. Tomato and coriander were crisp.
51118c32-9d89-4ee1-ad44-d92d6cd36391,0994cb89-90be-4944-806b-eeefe4d6eabb,22ad31f1-df1a-4f97-8257-b9b75387027c,5.0,Greens and vegetables were freshly harvested this morning. Unbeatable quality!
61574820-b777-4ac1-bfd7-dd15542d1ab3,a30967de-2eeb-4230-9552-7c88ededd081,cb2e8316-e933-46d4-bc5c-faec0025b694,4.5,Genuine organic produce straight from local farmers. Great natural aroma and crispness.
b732b618-1445-439f-abb8-1ac2153f6327,02e5b404-20cc-418d-a7b0-36017ac6406e,56422f53-2ae2-4b6f-b750-b63ee1e07845,4.5,Manyata Tech Park delivery was perfectly packaged. Tomato and coriander were crisp.
1a907956-436d-48e3-b719-d60323a271d2,2105ba41-5cbc-4ba1-adaa-de4dc098d831,2452f2d6-197b-45dd-ab0a-992a1ab8cccf,5.0,Delivered to Bengaluru (Kengeri) within 35 mins from North BLR farm hub! Super fresh.
6927cf39-f26f-4884-80d3-ea43dabdf61f,cd06b865-9bda-4bc4-aa63-0b5cc0ad3bdb,3e64ba62-388a-44c4-9030-88a74444d90a,5.0,Delivered to Bidadi within 35 mins from North BLR farm hub! Super fresh.
43864097-9697-4ec4-be24-c0d8bfde6105,c6f3f0c3-6d77-4e67-be13-948cb6aff21e,331a2b18-7771-4c8f-babb-5457498c239b,5.0,Greens and vegetables were freshly harvested this morning. Unbeatable quality!
87afca61-0bf4-4824-bf0d-abc73f1f1d9f,fd4c43d3-f5e0-409b-a594-ab22ee5b2788,fc932934-07d4-4feb-bf60-af1355a4a785,4.5,Manyata Tech Park delivery was perfectly packaged. Tomato and coriander were crisp.
e69365a7-96ca-4a97-8781-9f7e7c279fe1,74396c83-e782-46c3-9710-c78913d5a49a,8e5d4ae9-8fb2-45af-aae1-40e41e752b6e,4.7,Greens and vegetables were freshly harvested this morning. Unbeatable quality!
2a7637f1-4958-4ba4-a2e0-e5972a99dd7c,4cc80ba9-1884-4b13-8df8-b093b3882660,a48897e5-afe2-4878-9f39-28e08c18ddcb,5.0,Greens and vegetables were freshly harvested this morning. Unbeatable quality!
5df43588-7542-4394-bed1-34484bdc0bcb,f44d292e-2536-44e1-8fc6-4f01e4c1a342,a48897e5-afe2-4878-9f39-28e08c18ddcb,5.0,Direct farmgate connection saves money compared to supermarket prices in Maddur.
d0301610-c375-4414-8ec2-e7334d1ce0ad,130886fe-734c-40fc-bcee-3b28bbe74292,7035b887-e0d1-4c02-af63-02688ffbb884,5.0,Direct farmgate connection saves money compared to supermarket prices in Channapatna.
c91a0260-3ddd-4afb-a126-3856e750747b,0c46d491-ceb2-4f60-94c0-c9ee7e6802a3,4389ea33-33a4-4982-a079-831f1db05fe0,4.8,Direct farmgate connection saves money compared to supermarket prices in Mandya.
a2ad8aa9-17f8-4e65-9654-94f4e55c7583,9ef1d91d-cf40-49eb-9260-13cea31fad19,2553a9ec-9e91-4594-92cb-e95a45580b2c,5.0,Manyata Tech Park delivery was perfectly packaged. Tomato and coriander were crisp.
6387d561-bf90-43ac-8921-dbe0db7d72c0,1565d3db-fa61-4937-9a95-61ffa16b52f8,70891974-6c4a-456b-a56c-3684d6d94556,5.0,Manyata Tech Park delivery was perfectly packaged. Tomato and coriander were crisp.
a73ff216-8143-4609-9fda-078614c4ea7e,959a6f25-0348-4f7a-a570-d9e166145bc6,4cd53847-8857-4983-ab6f-bbf44a1f863e,4.5,Greens and vegetables were freshly harvested this morning. Unbeatable quality!
0c330826-e140-4d50-949d-b6e5fa70f521,b199b97b-df40-43fe-84c4-82e07bffeb1a,ad765317-0ae5-4394-9861-e51d92a1fcc6,4.7,Delivered to Ramanagara within 35 mins from North BLR farm hub! Super fresh.
b8275b67-85a4-4c56-a8a8-ce794278730d,ca810efa-f2ec-4c94-85c8-746258ad8064,fc932934-07d4-4feb-bf60-af1355a4a785,5.0,Delivered to Channapatna within 35 mins from North BLR farm hub! Super fresh.
d3aacea1-0387-4288-a0f7-13864c6c0199,1bb87e6c-1ef0-4ba0-9166-0a2eb7a7df7e,6e8429bb-4b3a-4f9f-90fd-1714a5be004d,4.7,Genuine organic produce straight from local farmers. Great natural aroma and crispness.
36d99d7d-2c83-47e8-8f8b-3ea501034872,5a442680-9fef-499c-825c-bcbe3ceaedb7,7f86a08d-6dd5-4fe9-9472-d02c920c1ff3,4.5,Manyata Tech Park delivery was perfectly packaged. Tomato and coriander were crisp.
4022f721-4021-4410-95e3-9ea3d4c121bc,91c9927e-dbc0-4857-b3b3-487f7a5adc1d,a48897e5-afe2-4878-9f39-28e08c18ddcb,4.5,Direct farmgate connection saves money compared to supermarket prices in Maddur.
a39fa5c4-28c5-48c7-a0e9-a42815544140,eacee681-5685-4706-b16e-0bf681414fbe,fc932934-07d4-4feb-bf60-af1355a4a785,4.5,Greens and vegetables were freshly harvested this morning. Unbeatable quality!
e05daba5-b5d2-4a60-8efb-dba748898705,01eceb48-f625-49d1-9160-9092e4e32c8f,fc895620-c446-471c-972e-18f4ce979e28,4.8,Direct farmgate connection saves money compared to supermarket prices in Bengaluru (Koramangala).
9943ec58-1542-456c-bb4c-80ddd7fc0173,c6f3f0c3-6d77-4e67-be13-948cb6aff21e,2631bbc2-340f-4a9a-a752-4cec04e400d2,4.7,Direct farmgate connection saves money compared to supermarket prices in Bengaluru (Yelahanka).
c0ddc4f0-9407-4def-8b5e-5d1285d89d09,e619e35d-2c6a-45f8-9a96-6516579ff2ef,de21c2a0-a0e1-4757-a095-0016eb816242,4.7,Genuine organic produce straight from local farmers. Great natural aroma and crispness.
b7d0acff-f362-4bf5-87e4-842aea39ff8f,ffcbe3ac-c1c6-4338-b2aa-421e7396924a,6b34b498-54a0-4051-903e-b9197aa9de94,5.0,Greens and vegetables were freshly harvested this morning. Unbeatable quality!
c91ab23e-aa9e-4efc-bc94-585c5d0b4303,119171e8-3049-4289-a1e6-20156e6d3e20,c6c9aed7-1f10-439d-88ec-8f5b1b4f748f,5.0,Genuine organic produce straight from local farmers. Great natural aroma and crispness.
b6637520-ed86-47d8-8a53-1cc151d384f5,33b8b450-7c1f-41ce-878c-fb991290c907,79543249-aeb7-447d-9725-94352e05d41c,4.8,Direct farmgate connection saves money compared to supermarket prices in Maddur.
66daa2d6-bbee-4dff-bf19-2a12115d56b9,6ceef2d2-1469-48a0-9d65-3453b2d6099a,83cf8df8-0344-41ec-a14f-761cb61a2216,4.8,Manyata Tech Park delivery was perfectly packaged. Tomato and coriander were crisp.
149c14ef-34d5-4be3-8292-f747e8828daf,ef03f9f5-d4ae-43ae-9c98-2b1ac1e2bf87,95381c19-145e-4e11-ab3f-3555b2a07941,4.8,Direct farmgate connection saves money compared to supermarket prices in Bengaluru (RR Nagar).
eaed1400-a45d-4158-b4db-02eb9f53607d,028a6f74-cbb2-4589-8fa2-ca3fba159ad4,56422f53-2ae2-4b6f-b750-b63ee1e07845,5.0,Greens and vegetables were freshly harvested this morning. Unbeatable quality!
f2eb1ba0-64fc-4477-904e-f3b5187244d3,cc42fd2a-523e-4640-b4b1-35a7abc2ad6e,f685a52e-f09f-45e3-b296-668bbb414f9f,5.0,Greens and vegetables were freshly harvested this morning. Unbeatable quality!
decb6947-a0f2-4008-a3d1-186290a14d06,69bdcac8-959c-4ca9-8ead-4604f4508f1f,ade771d7-33ad-4f40-b456-f0a9fee988ff,5.0,Direct farmgate connection saves money compared to supermarket prices in Bengaluru (Hebbal).
aa00a0ee-fa60-4090-921c-380db54f724b,2948b4d3-301f-481d-8a28-8fbc91814afa,980bcd07-414b-453e-9d08-9192eb3691d7,5.0,Delivered to Bengaluru (Yelahanka) within 35 mins from North BLR farm hub! Super fresh.
