inventory_id,farmer_id,crop_id,quantity,price_per_unit,grade,harvest_date,status
837099a3-3131-4c60-b80f-d2f22e5b1d48,6923de22-4eb3-4755-943a-b79bd8080890,653ff738-2173-4c0d-9619-2be06db39e8c,2162.28,39.36,B,2026-09-06,AVAILABLE
70ef4300-5935-4170-9275-12a1c8ebc739,9913ea9d-f93d-4515-b99f-ca6dba4d5fe1,6bd8ceef-eebc-4d0b-8d12-2dd14c109468,391.13,72.38,B,2026-09-01,AVAILABLE
37a28657-fc48-45c3-bbd3-da696b55e924,c3a34d28-bd0b-410e-8dd4-0c7f3462f3b3,55048485-b49a-41a8-831b-42e14f8ce5f9,1338.46,76.28,B,2026-08-25,AVAILABLE
1530662e-698e-4d67-a6d4-7e355b74e40b,666dc0b8-40a6-4ccb-b64f-53f92c033f9e,b64ca3f8-fd63-4652-b8ab-d082ef554f58,2602.06,17.07,B,2026-08-28,AVAILABLE
e70f78b3-024d-4de7-8646-fba1fd686c79,cc1ac55f-3cd2-4299-9ddf-0358d31a94ed,7324117d-fdfd-4313-8e9c-1e922f46ed4f,1601.63,71.78,A,2026-09-05,AVAILABLE
c933f7cf-f970-4409-8ccd-7847727e801c,60f93b9f-6840-4ea1-b553-8b6d86e4a65a,55048485-b49a-41a8-831b-42e14f8ce5f9,1349.25,73.22,A+,2026-08-26,AVAILABLE
3530325b-14b5-4f0e-879b-9b5be5aa9cce,c538d323-4b74-4d7c-b4ec-02dfddd70fff,c7ebf4b8-4f50-4c0a-9816-6a6769943bce,1416.96,57.89,B,2026-09-10,AVAILABLE
75203d2c-768a-4526-a6ce-501f8298a6ac,c6a7d3ce-dc43-4b1f-9ce8-130d962cfa83,b64ca3f8-fd63-4652-b8ab-d082ef554f58,1337.4,21.94,A,2026-08-22,AVAILABLE
f623b049-6518-48f6-8006-057c1d4ce794,97d838df-84e5-4eb0-910f-c216c692e28b,b64ca3f8-fd63-4652-b8ab-d082ef554f58,598.7,19.39,A+,2026-08-31,AVAILABLE
9582887c-8e0d-49ff-98c5-4ed8682dab6a,cc1ac55f-3cd2-4299-9ddf-0358d31a94ed,b64ca3f8-fd63-4652-b8ab-d082ef554f58,1178.08,21.9,A+,2026-08-29,AVAILABLE
2f36d26d-9526-42e9-a2d6-59dcfaead775,1310acb9-0418-4094-b51a-f6a258612ebb,55048485-b49a-41a8-831b-42e14f8ce5f9,2070.6,76.13,A,2026-08-27,AVAILABLE
088b907f-55db-4d9b-8e87-4f98c0bb3afc,d956a195-1e33-4bf7-8025-8419aed54698,f1ad8b2f-18d6-4dff-a217-b1353e48b40d,486.4,122.31,A,2026-09-02,AVAILABLE
42e42668-1fcf-45ef-8709-87944fef843e,20d63db2-5006-484a-8c54-f8dcc6278c07,f1ad8b2f-18d6-4dff-a217-b1353e48b40d,1780.15,131.34,A+,2026-08-28,AVAILABLE
8262093b-1024-4186-89af-3036f14bce35,ca8d2b80-7748-435d-94b3-3edca250909e,59533992-5f56-4fd7-aafc-039199e5d9d6,2325.35,57.6,A,2026-08-30,AVAILABLE
dfb40e2a-4502-463a-a83f-5fb9ed051cc4,7104a6a9-a565-4010-a9e7-9cc78aa6a96e,b64ca3f8-fd63-4652-b8ab-d082ef554f58,2899.89,19.58,A+,2026-09-10,AVAILABLE
19473edf-0fa5-407c-bc0f-f1feeba5b79c,776264f9-3f5e-442e-91f2-36d1f75ad34f,7324117d-fdfd-4313-8e9c-1e922f46ed4f,2087.98,62.31,B,2026-08-30,AVAILABLE
e6dd0677-9297-4491-a643-ccfb79acaa82,582778a6-5d96-41de-af5a-938934cadf8e,6bd8ceef-eebc-4d0b-8d12-2dd14c109468,2993.29,84.56,B,2026-09-01,AVAILABLE
602b94a0-9a71-421b-aa9b-7f5762ad41d7,5cd0a720-0008-47c4-b684-2d3090f39597,ef45df06-ae20-45cb-9c78-f423589fe7a0,1081.75,19.54,B,2026-08-25,AVAILABLE
827b991e-9075-489d-b0d5-38d66705e677,9913ea9d-f93d-4515-b99f-ca6dba4d5fe1,d98d579c-c9b5-454e-8a92-971240c312eb,956.77,45.91,A+,2026-09-07,AVAILABLE
27424c12-d741-4e0b-8614-f1123812fa12,cc1ac55f-3cd2-4299-9ddf-0358d31a94ed,ac8068c4-442e-467b-90c9-366eb7fc7bba,589.4,80.82,B,2026-08-24,AVAILABLE
9f7b5a4c-0278-4d8b-bb78-c9fa0cbe0395,8cf697ce-1498-418c-ac8a-31c7c3e8f492,55048485-b49a-41a8-831b-42e14f8ce5f9,1950.2,73.47,A+,2026-09-10,AVAILABLE
57a42d6a-3bc8-4649-aec4-9a1001dea751,8e9111b9-55be-4adc-a401-cc9cecf95280,abef6b46-97a3-4d47-847a-0a058895e915,2137.83,34.65,A+,2026-09-08,AVAILABLE
c9805386-b76c-4118-9443-7a75ad097d7c,559baecd-70dd-4f56-a2e1-20e8187cc4f4,b64ca3f8-fd63-4652-b8ab-d082ef554f58,655.46,17.68,A+,2026-08-26,AVAILABLE
9994f1a8-6a85-4569-9ecb-59f5294272ff,073a3bfe-6f95-4fda-9311-ba1cd2322649,7324117d-fdfd-4313-8e9c-1e922f46ed4f,413.56,64.98,A+,2026-08-27,AVAILABLE
f777d281-812a-4087-9b2c-cc1002fbfb6a,ca8d2b80-7748-435d-94b3-3edca250909e,68333e4b-e52f-429e-9139-07cc61dc5eb0,994.5,25.8,A,2026-09-07,AVAILABLE
d53458de-796d-4cf7-9607-ef52028aa42b,621432f7-5826-44e1-9f8a-c5233c581b05,68333e4b-e52f-429e-9139-07cc61dc5eb0,1758.43,27.35,A+,2026-08-26,AVAILABLE
6ecec06c-82ac-4a17-8876-ad9605fb5ed0,776264f9-3f5e-442e-91f2-36d1f75ad34f,55048485-b49a-41a8-831b-42e14f8ce5f9,1509.75,66.91,B,2026-08-31,AVAILABLE
b3d30745-6303-4561-983d-b1f31357e5f7,be88c04b-3051-46b0-8145-0046616fabd9,68333e4b-e52f-429e-9139-07cc61dc5eb0,649.78,27.03,A+,2026-08-24,AVAILABLE
a6de2fdd-72f2-46ae-a0c5-a02fa90cde00,103bd673-5fac-4d44-9abc-b85551b0019d,0ea55d0f-d8b6-4cb1-9303-1c884505a25a,1507.0,34.99,A,2026-09-10,AVAILABLE
4bf2473c-4441-4180-99e0-8149293b99c0,b064b84a-fa0f-443b-9994-761564cef1fd,55048485-b49a-41a8-831b-42e14f8ce5f9,2359.76,76.48,A+,2026-08-26,AVAILABLE
00abe4df-5c44-4c35-96bc-3592a73bbb87,1310acb9-0418-4094-b51a-f6a258612ebb,6bd8ceef-eebc-4d0b-8d12-2dd14c109468,1662.77,91.55,A+,2026-08-27,AVAILABLE
5f2c7e55-a247-4dae-9945-a5e77cbfb7f4,6e6a737f-4f6f-4558-9ed9-e00d17b7b09c,ef45df06-ae20-45cb-9c78-f423589fe7a0,2634.44,15.47,A+,2026-09-02,AVAILABLE
0c05ac66-4a19-416c-9b82-c5cdd5aeac81,45414e25-4655-4f7d-aa36-bc7ddf0b0861,c7ebf4b8-4f50-4c0a-9816-6a6769943bce,2447.25,66.71,A+,2026-08-30,AVAILABLE
d3867a6f-bec7-480d-a8a8-71324f0165c6,b70b968a-91bc-48aa-bfcc-61cf84066d1f,c7ebf4b8-4f50-4c0a-9816-6a6769943bce,2431.89,66.37,A+,2026-08-24,AVAILABLE
fc26dea1-6795-49c7-a5bf-d9262a3984ee,63c8e507-4eb2-40a9-8016-f12e7af9b414,7324117d-fdfd-4313-8e9c-1e922f46ed4f,860.64,75.3,A,2026-09-07,AVAILABLE
f45b8e2d-6f8e-4a66-8fea-bf930febbdba,491d6710-4ea0-429d-887a-bdec9e549357,68333e4b-e52f-429e-9139-07cc61dc5eb0,2128.17,24.91,A+,2026-09-06,AVAILABLE
67a486c3-d25b-4afb-9708-c7ce2378c054,1cc4207c-2d70-4663-bb99-93d6abd8e18b,68333e4b-e52f-429e-9139-07cc61dc5eb0,1766.08,26.06,B,2026-08-28,AVAILABLE
93370d94-4b6f-4111-862f-774c95f7da77,11ddeaf3-66a9-4648-9176-c97bd9b51146,ac8068c4-442e-467b-90c9-366eb7fc7bba,2269.42,95.26,B,2026-08-30,AVAILABLE
483606b9-93b0-4090-b707-a11b76df11b1,666dc0b8-40a6-4ccb-b64f-53f92c033f9e,0ea55d0f-d8b6-4cb1-9303-1c884505a25a,1933.73,42.37,A+,2026-09-08,AVAILABLE
b57f019b-1533-46cb-a20e-30736ad460c2,c538d323-4b74-4d7c-b4ec-02dfddd70fff,178c56a4-1347-43a1-9c70-b8ad4e14aebd,1022.77,23.38,A+,2026-08-24,AVAILABLE
181fc5a3-1b57-4587-8550-aca485fde721,be14bc31-9c77-413a-8a70-ca2135c23384,2f6f3a77-07d3-4a5d-9422-277b8cb53de2,370.76,34.73,A+,2026-08-27,AVAILABLE
e75003c8-68c9-4e2f-bdc5-c4597fa171fa,9a3ee620-3fb6-4fd4-8d91-db76a318c35d,abef6b46-97a3-4d47-847a-0a058895e915,2976.17,37.18,A+,2026-09-06,AVAILABLE
e88f9b6b-bbdf-44e5-acc2-c1964932c157,666dc0b8-40a6-4ccb-b64f-53f92c033f9e,6bd8ceef-eebc-4d0b-8d12-2dd14c109468,811.14,81.73,A+,2026-09-05,AVAILABLE
e0ff5657-0968-4ff5-b5be-fb2be71dee3d,03b7ae6d-a038-4db4-8c1e-7fc035b55b85,d98d579c-c9b5-454e-8a92-971240c312eb,2134.8,35.71,A+,2026-08-26,AVAILABLE
f2adc2fd-49d6-499f-b0dc-069ff199ff6b,5274ea89-1cb4-4f04-9c42-24e313345a85,abef6b46-97a3-4d47-847a-0a058895e915,2111.14,41.62,A,2026-08-28,AVAILABLE
270a1326-11ef-4a16-a1aa-d5ada92514dc,0f6a779f-384d-42bb-8630-e1528d8df762,59533992-5f56-4fd7-aafc-039199e5d9d6,994.99,61.29,B,2026-09-06,AVAILABLE
f1eaab9a-9f25-4ae3-8647-0e8df089a5cd,ce167924-8111-42bd-839d-587ec45d90b8,d98d579c-c9b5-454e-8a92-971240c312eb,1629.08,35.81,B,2026-09-05,AVAILABLE
e290b8db-d46f-4ad1-8ee6-fcdaaba1af34,025a50c9-91ce-4596-88d1-305f566a1c5a,0ea55d0f-d8b6-4cb1-9303-1c884505a25a,2591.09,35.04,A,2026-09-07,AVAILABLE
b5fc69f5-2028-4c7f-a5a2-09444d594f69,5cd0a720-0008-47c4-b684-2d3090f39597,abf9c741-823f-4047-ae80-0254c25dfaf7,998.35,42.81,A+,2026-09-02,AVAILABLE
b8de54f5-f01e-4c95-a0d1-8d25788a589e,50861338-e61d-45ae-b7e4-3cae2e1e8629,abef6b46-97a3-4d47-847a-0a058895e915,2555.84,39.81,A,2026-09-01,AVAILABLE
33dee0e4-500e-455d-b3f9-9ed6d1eed8db,6923de22-4eb3-4755-943a-b79bd8080890,2f6f3a77-07d3-4a5d-9422-277b8cb53de2,2368.7,34.82,B,2026-09-03,AVAILABLE
acaffda4-a14f-456f-9592-b18de6700ce8,af5ba54d-7b4b-433c-96da-ba2adcba27e3,ac8068c4-442e-467b-90c9-366eb7fc7bba,2675.08,76.83,A+,2026-08-30,AVAILABLE
4db1242f-9102-469b-a727-d488683ce56a,621432f7-5826-44e1-9f8a-c5233c581b05,6bd8ceef-eebc-4d0b-8d12-2dd14c109468,1675.36,76.66,A+,2026-08-26,AVAILABLE
d7c21fde-b616-473f-b295-3229f2919530,be397d18-80c9-482d-a55d-5ac3e1abdf09,2f6f3a77-07d3-4a5d-9422-277b8cb53de2,2773.93,36.31,A+,2026-08-29,AVAILABLE
0a321c3e-f5af-4193-b466-013710b5d8a3,8f859f8a-f954-473b-b2c3-67c195237c24,6276a613-f3d1-4ca2-b763-bcc62ebbb363,320.69,111.21,A,2026-08-22,AVAILABLE
3e380ed9-19db-4f77-87c3-7f2e627073e6,b70b968a-91bc-48aa-bfcc-61cf84066d1f,68333e4b-e52f-429e-9139-07cc61dc5eb0,1646.26,27.08,A+,2026-09-08,AVAILABLE
8646ed9a-41fe-4fac-a4b2-4cf6ae419870,4aad497d-22db-4506-95a5-ec55b1cd5e02,653ff738-2173-4c0d-9619-2be06db39e8c,331.74,44.12,A+,2026-08-27,AVAILABLE
df3d5042-e0c5-4e63-96f0-37e3d26284f9,987f03c9-2977-4d13-baed-b45f1489b1c9,59533992-5f56-4fd7-aafc-039199e5d9d6,116.98,49.01,A,2026-09-10,AVAILABLE
b9d3528a-b5b1-406b-84d1-093e1ea654be,741ad673-3989-4c09-953a-a2d9f09bcde3,55048485-b49a-41a8-831b-42e14f8ce5f9,1165.86,80.62,A+,2026-09-02,AVAILABLE
7dfe9bb3-ed85-405a-b665-a544afc1ef81,ccccf036-db00-450b-8670-d4ba0efb03df,ac8068c4-442e-467b-90c9-366eb7fc7bba,266.51,95.73,A+,2026-08-23,AVAILABLE
6319d32b-0be9-43e8-9976-94a1d4037e46,948fbaaa-cb83-451a-a86b-2b19fb795e02,7324117d-fdfd-4313-8e9c-1e922f46ed4f,567.29,61.01,A+,2026-09-07,AVAILABLE
5db2802a-a4bb-479d-bc87-e4f2876c0922,2873a54d-41a4-4501-8402-073f25c21424,2f6f3a77-07d3-4a5d-9422-277b8cb53de2,2587.37,27.32,B,2026-09-09,AVAILABLE
f85b4dc1-8a8a-42d4-983a-5bed6b9e9f72,247c30b9-5365-4f6d-93c8-b4bfdefa1c02,3c31fec3-4390-4ed9-99ac-e13a88d60684,2425.1,55.34,A,2026-08-28,AVAILABLE
cd8b7c1b-eb4e-4997-b40e-bf6417617322,ccccf036-db00-450b-8670-d4ba0efb03df,d98d579c-c9b5-454e-8a92-971240c312eb,1748.89,37.2,A,2026-09-09,AVAILABLE
fe40a24c-1f88-4192-aaeb-87e926e05ad0,7104a6a9-a565-4010-a9e7-9cc78aa6a96e,d98d579c-c9b5-454e-8a92-971240c312eb,2640.81,46.61,A+,2026-09-01,AVAILABLE
0c80012a-d2bb-4737-b348-f1b2901d2228,ab43d8d3-6fc4-45da-be5c-19e0f2e5df49,ef45df06-ae20-45cb-9c78-f423589fe7a0,1726.32,16.94,A,2026-08-22,AVAILABLE
49ceccb7-ce38-4e11-bdcc-040f2f3bb315,04c11cce-effc-4832-a69a-7cb9989e3e08,3c31fec3-4390-4ed9-99ac-e13a88d60684,2300.61,48.02,B,2026-09-10,AVAILABLE
06a06375-3977-454e-9e84-fffc20b18198,5274ea89-1cb4-4f04-9c42-24e313345a85,b64ca3f8-fd63-4652-b8ab-d082ef554f58,84.27,20.94,A+,2026-09-01,AVAILABLE
39a6e881-9f87-4ce5-a290-f75fc1d7a595,1cc4207c-2d70-4663-bb99-93d6abd8e18b,2f6f3a77-07d3-4a5d-9422-277b8cb53de2,2919.87,28.57,A+,2026-09-02,AVAILABLE
24b44eb8-87f1-4813-be76-22bb7db60193,025a50c9-91ce-4596-88d1-305f566a1c5a,6bd8ceef-eebc-4d0b-8d12-2dd14c109468,1418.7,91.32,A+,2026-08-23,AVAILABLE
53b6f9ad-9326-4462-b828-068d18535cc9,87e7baf3-1143-4a5a-8d2f-0ffe01378f7b,7324117d-fdfd-4313-8e9c-1e922f46ed4f,1738.04,66.67,A,2026-09-06,AVAILABLE
8d7be88b-67dc-4107-8b01-037ddb9c0b16,2d1c7293-2aab-4207-ab2d-62fd2cd7405e,b64ca3f8-fd63-4652-b8ab-d082ef554f58,1402.05,18.4,A,2026-09-04,AVAILABLE
7d16228e-0f67-470c-ba14-4fe9068ceef7,77c51465-77ab-4e04-8b05-8751311a72dc,55048485-b49a-41a8-831b-42e14f8ce5f9,1392.73,70.82,A+,2026-09-07,AVAILABLE
26ef1a31-e5c1-4649-b106-dd4cca44445b,975ba9a7-6ac4-46ac-b7d2-7f20eb3a0773,0ea55d0f-d8b6-4cb1-9303-1c884505a25a,853.82,35.44,A+,2026-09-05,AVAILABLE
1bac48e3-3351-455d-adb0-47eb4a4e4ea7,be397d18-80c9-482d-a55d-5ac3e1abdf09,b64ca3f8-fd63-4652-b8ab-d082ef554f58,513.11,21.27,B,2026-08-30,AVAILABLE
a558a0a9-de6d-41de-8a0e-e627542a1865,987f03c9-2977-4d13-baed-b45f1489b1c9,abef6b46-97a3-4d47-847a-0a058895e915,2860.12,42.04,A+,2026-08-24,AVAILABLE
6140a7ca-bbb6-4598-939e-f4156b7e2a7b,cc866dd9-5c28-4a0c-a6a2-6905294cc13a,abef6b46-97a3-4d47-847a-0a058895e915,260.07,41.2,A,2026-09-03,AVAILABLE
29b18990-f533-478b-8e31-9c06babd5a13,ca8d2b80-7748-435d-94b3-3edca250909e,7324117d-fdfd-4313-8e9c-1e922f46ed4f,1791.47,76.52,A+,2026-09-08,AVAILABLE
f697d9db-4066-43f0-bba9-8a4d8490352d,fa988b5b-f621-49bc-97ab-00214517be59,68333e4b-e52f-429e-9139-07cc61dc5eb0,348.58,30.92,A+,2026-08-31,AVAILABLE
121d9602-77c2-44f9-828a-072ffaa8ddc6,110ddc55-29f0-44a6-b681-c739851d0f96,abf9c741-823f-4047-ae80-0254c25dfaf7,2479.32,46.49,B,2026-09-10,AVAILABLE
d65d9ca9-bda4-4c42-8ea5-35ef02332182,8cf697ce-1498-418c-ac8a-31c7c3e8f492,178c56a4-1347-43a1-9c70-b8ad4e14aebd,897.18,27.88,A+,2026-09-09,AVAILABLE
9f73da50-c853-4a4f-8270-220a5c07dfa5,948fbaaa-cb83-451a-a86b-2b19fb795e02,abf9c741-823f-4047-ae80-0254c25dfaf7,2657.71,47.7,A+,2026-09-08,AVAILABLE
b6618eb8-c2de-47fb-ba32-4b6e44474388,1ef83fd6-6718-4cb0-9df1-08673594f2ce,653ff738-2173-4c0d-9619-2be06db39e8c,1921.8,49.08,B,2026-09-10,AVAILABLE
b16621e7-5ab6-426c-8b6e-ac330fb41e80,be88c04b-3051-46b0-8145-0046616fabd9,6bd8ceef-eebc-4d0b-8d12-2dd14c109468,2745.02,85.06,A+,2026-08-29,AVAILABLE
f5c4b241-1c15-44e8-92a8-381aef3f998d,21ea0d7a-0e9d-4f9b-8d41-71b86c803b84,178c56a4-1347-43a1-9c70-b8ad4e14aebd,251.09,28.69,A+,2026-08-25,AVAILABLE
22837568-cfda-4bc0-b128-505c48cb8748,05fa3e5d-8992-48b4-ab7c-cf87e0562aa0,653ff738-2173-4c0d-9619-2be06db39e8c,1998.04,41.85,A,2026-09-09,AVAILABLE
99875ed5-d727-4c7a-be8c-9156e9886e05,36e7503e-e4d0-4372-bf59-f19d614c80b9,55048485-b49a-41a8-831b-42e14f8ce5f9,594.21,77.08,A+,2026-08-30,AVAILABLE
ed22bdfb-797b-4ec9-9876-f7c4be58e325,15a8b4d9-a18a-4ea9-aaae-295fc040f432,68333e4b-e52f-429e-9139-07cc61dc5eb0,1724.28,25.38,A+,2026-08-26,AVAILABLE
c46a1ef3-22ba-4ebb-b15f-8aef558cf421,4aad497d-22db-4506-95a5-ec55b1cd5e02,653ff738-2173-4c0d-9619-2be06db39e8c,1836.86,38.52,A+,2026-08-26,AVAILABLE
61815c2c-855a-4a3f-8b8a-b1c61683dd7b,82b00ecc-8ed3-431c-9577-b6b81f579236,55048485-b49a-41a8-831b-42e14f8ce5f9,2762.84,82.75,A+,2026-08-31,AVAILABLE
ea58d284-effc-43aa-af57-60301167c532,96ce04d7-20c2-4c9e-937b-ca556670f11e,ac8068c4-442e-467b-90c9-366eb7fc7bba,2593.15,102.44,B,2026-08-30,AVAILABLE
04cd0165-8d51-4b31-9bb9-abd12eb83fe9,3285a726-74ff-4e3c-afe9-6b2117ecbfff,55048485-b49a-41a8-831b-42e14f8ce5f9,2218.47,73.58,A+,2026-08-26,AVAILABLE
6787a7fb-a17b-4d47-9a86-257a25d86918,9537ca32-454c-4089-a752-fa7a55ad6891,653ff738-2173-4c0d-9619-2be06db39e8c,2023.35,49.25,A+,2026-08-29,AVAILABLE
2048bfb5-30ad-43a6-945b-7a1705c44b3f,2873a54d-41a4-4501-8402-073f25c21424,7324117d-fdfd-4313-8e9c-1e922f46ed4f,1223.48,78.08,A+,2026-08-23,AVAILABLE
1ce79560-af2e-4f95-bf4b-6100535c059e,a19b7055-93b1-4140-a1b9-4a1bcddf17be,7324117d-fdfd-4313-8e9c-1e922f46ed4f,384.0,67.92,A+,2026-08-31,AVAILABLE
46179ae0-b57a-4779-936c-0f8f7782b82f,c3a34d28-bd0b-410e-8dd4-0c7f3462f3b3,b64ca3f8-fd63-4652-b8ab-d082ef554f58,1384.16,18.59,A+,2026-09-03,AVAILABLE
ae812386-35d0-42a5-b40a-b0ec673cfe4e,be14bc31-9c77-413a-8a70-ca2135c23384,6276a613-f3d1-4ca2-b763-bcc62ebbb363,1359.6,107.35,B,2026-09-05,AVAILABLE
3169bb6b-3e89-45cc-9dc4-fcad95a13a0c,0b160f68-e708-40fc-8b79-7a63774a34f5,59533992-5f56-4fd7-aafc-039199e5d9d6,2500.12,59.76,A,2026-08-23,AVAILABLE
bc2b4cae-436c-45f9-9871-964c6178d9e9,6923de22-4eb3-4755-943a-b79bd8080890,abef6b46-97a3-4d47-847a-0a058895e915,1010.65,43.15,A+,2026-09-08,AVAILABLE
c440ab62-0f7b-4ce3-bcee-5b39dedb5c39,08847d9a-389c-4b81-8037-0a89c625d60f,d98d579c-c9b5-454e-8a92-971240c312eb,1066.82,48.11,A+,2026-08-26,AVAILABLE
b735d919-8d6f-47d8-8e9a-d2efeb4febfe,6c33e20e-a5e7-4cc6-b26d-0595484d8db9,55048485-b49a-41a8-831b-42e14f8ce5f9,236.38,71.2,B,2026-09-04,AVAILABLE
cb7020b1-7cae-47af-a919-235892b1ef62,735855cd-e84a-4f29-9425-4388a1858eb6,ef45df06-ae20-45cb-9c78-f423589fe7a0,948.41,15.82,A+,2026-08-29,AVAILABLE
1d60460c-8fa5-400b-b536-41b5b6dc059f,71b38914-1a6f-4ae4-a79f-0c887c4903da,abef6b46-97a3-4d47-847a-0a058895e915,1328.61,35.66,B,2026-08-22,AVAILABLE
64e7b533-09ef-4c71-8313-15bd1d0873e2,63c8e507-4eb2-40a9-8016-f12e7af9b414,d98d579c-c9b5-454e-8a92-971240c312eb,1462.83,37.16,B,2026-08-29,AVAILABLE
616ac34d-4df7-4437-a20e-57e511efa227,1310acb9-0418-4094-b51a-f6a258612ebb,6276a613-f3d1-4ca2-b763-bcc62ebbb363,619.85,122.72,A,2026-08-30,AVAILABLE
1e49a0d5-f245-4f8b-b214-6db7ea5b1870,735855cd-e84a-4f29-9425-4388a1858eb6,653ff738-2173-4c0d-9619-2be06db39e8c,2524.27,45.87,A+,2026-09-06,AVAILABLE
17f2126a-1fe4-450b-8f47-88c0e5a403d0,025a50c9-91ce-4596-88d1-305f566a1c5a,7324117d-fdfd-4313-8e9c-1e922f46ed4f,744.34,59.04,A+,2026-08-29,AVAILABLE
9437088b-2af3-4657-a4a9-0570a194dd53,110ddc55-29f0-44a6-b681-c739851d0f96,653ff738-2173-4c0d-9619-2be06db39e8c,1470.69,39.32,A+,2026-09-09,AVAILABLE
5e256cd4-3d9f-4feb-b011-1bee8bb3579b,0aa80edd-a830-44e4-8612-13ea02eff97e,59533992-5f56-4fd7-aafc-039199e5d9d6,2851.82,54.16,A,2026-09-05,AVAILABLE
706a0db4-0105-4918-923b-70cd94be423e,a12e6ff4-f66e-4429-9bdc-f164dd3073b6,abf9c741-823f-4047-ae80-0254c25dfaf7,669.6,52.64,A+,2026-09-06,AVAILABLE
7bb4b438-f495-4164-9502-63634afdde34,c3a34d28-bd0b-410e-8dd4-0c7f3462f3b3,6276a613-f3d1-4ca2-b763-bcc62ebbb363,1704.58,111.72,A+,2026-09-02,AVAILABLE
a5ddc97c-e958-4ad5-b0f0-d357ba37b668,5e8f4101-6e11-449a-9ab2-ddefb20cec1c,abf9c741-823f-4047-ae80-0254c25dfaf7,408.56,42.95,A+,2026-08-23,AVAILABLE
5868ef2e-4f00-4128-ae16-a7f1010e7f9b,77c51465-77ab-4e04-8b05-8751311a72dc,7324117d-fdfd-4313-8e9c-1e922f46ed4f,2356.27,73.83,A+,2026-08-24,AVAILABLE
e96a76dc-5bdd-40bf-b84b-6441236bcd65,be88c04b-3051-46b0-8145-0046616fabd9,7324117d-fdfd-4313-8e9c-1e922f46ed4f,1858.17,58.56,B,2026-09-02,AVAILABLE
eaec84c2-a7fc-4b47-b184-dc8b213a4626,247c30b9-5365-4f6d-93c8-b4bfdefa1c02,6276a613-f3d1-4ca2-b763-bcc62ebbb363,2677.56,104.44,A+,2026-09-03,AVAILABLE
e07fb44b-caa2-482c-a762-06b131a80de3,bcc3976a-8a05-48bb-a862-805e86572d9d,b64ca3f8-fd63-4652-b8ab-d082ef554f58,2466.77,18.82,B,2026-09-02,AVAILABLE
6803876e-72ca-4617-8f1d-bd98aba36f97,3285a726-74ff-4e3c-afe9-6b2117ecbfff,ef45df06-ae20-45cb-9c78-f423589fe7a0,2924.72,17.69,A+,2026-08-31,AVAILABLE
439fd0d8-3144-457c-b4cc-d8abef5dd967,98f1c437-3b6a-45b1-8973-b4faab62f3ff,0ea55d0f-d8b6-4cb1-9303-1c884505a25a,697.26,43.89,A+,2026-08-26,AVAILABLE
fd5a4ba3-1e3f-44ed-a782-cd11bf881852,c5ab7a23-7756-487a-aaad-8a2c05ae1473,d98d579c-c9b5-454e-8a92-971240c312eb,988.48,42.09,A+,2026-09-06,AVAILABLE
932679f8-66fe-4b97-b158-e0c705526048,ab43d8d3-6fc4-45da-be5c-19e0f2e5df49,2f6f3a77-07d3-4a5d-9422-277b8cb53de2,808.51,31.58,A,2026-08-30,AVAILABLE
884ef301-8863-44e2-9522-5287bbb9a6ae,ae863987-1f02-429f-8702-4a9ca220d112,59533992-5f56-4fd7-aafc-039199e5d9d6,2069.03,50.74,A+,2026-08-26,AVAILABLE
71252ab5-4d5a-4f62-a199-1c9f5df6998f,fb3ede9e-a487-40f8-b43b-7615ba85daa9,6bd8ceef-eebc-4d0b-8d12-2dd14c109468,1085.21,93.61,A+,2026-09-02,AVAILABLE
7ee5a665-1ffd-4704-a4b1-f600826f0603,110ddc55-29f0-44a6-b681-c739851d0f96,c7ebf4b8-4f50-4c0a-9816-6a6769943bce,2582.76,67.87,A+,2026-09-04,AVAILABLE
8f2c8b5d-edde-4ad7-8346-f2fb46f25bf3,d2715a40-3223-429b-a96e-d2c9204943b1,68333e4b-e52f-429e-9139-07cc61dc5eb0,1970.32,28.85,A,2026-09-10,AVAILABLE
c72f29f3-b505-4dc4-b718-c29fecdd1b7e,491d6710-4ea0-429d-887a-bdec9e549357,abf9c741-823f-4047-ae80-0254c25dfaf7,2694.81,53.06,A+,2026-08-27,AVAILABLE
306f0671-32d4-468c-a923-ddc2a083d749,ae863987-1f02-429f-8702-4a9ca220d112,7324117d-fdfd-4313-8e9c-1e922f46ed4f,378.75,68.23,A+,2026-08-30,AVAILABLE
b17a0189-32b1-46d9-9b1a-22e87ee3642f,77c51465-77ab-4e04-8b05-8751311a72dc,f1ad8b2f-18d6-4dff-a217-b1353e48b40d,266.4,149.05,A+,2026-08-31,AVAILABLE
31303cb7-1e40-4c70-bf6f-80c4b5f78bfc,0dc649d7-f0d7-4a05-bd7a-7e2a33430f8d,c7ebf4b8-4f50-4c0a-9816-6a6769943bce,517.79,70.18,A+,2026-09-09,AVAILABLE
8dec2a9f-3f80-41ba-b520-b1de821d5c69,49a8469f-212b-471b-8192-e4ace6e3cac9,f1ad8b2f-18d6-4dff-a217-b1353e48b40d,2992.61,120.62,B,2026-08-28,AVAILABLE
bc5b0342-b965-42cb-96cc-8bc15ef762ae,98f1c437-3b6a-45b1-8973-b4faab62f3ff,b64ca3f8-fd63-4652-b8ab-d082ef554f58,2201.53,18.33,B,2026-08-24,AVAILABLE
951b5992-97b5-4cf4-ac4c-45765e8a11eb,0dc649d7-f0d7-4a05-bd7a-7e2a33430f8d,55048485-b49a-41a8-831b-42e14f8ce5f9,2534.66,83.47,A+,2026-09-05,AVAILABLE
38595e59-f027-464e-98f5-4c1ed50b697d,bcdcffec-574d-4c86-8ebf-1e95188df16c,55048485-b49a-41a8-831b-42e14f8ce5f9,2845.02,83.99,A,2026-09-08,AVAILABLE
3eb80692-c833-47bd-a9aa-924bdc185603,621432f7-5826-44e1-9f8a-c5233c581b05,b64ca3f8-fd63-4652-b8ab-d082ef554f58,1165.31,20.51,A+,2026-08-27,AVAILABLE
b702e5be-58cb-4117-a3d6-ea6d591e29a4,a9d549c0-55b3-4d5b-bbfe-f37ff33978ff,d98d579c-c9b5-454e-8a92-971240c312eb,1458.88,38.15,B,2026-09-07,AVAILABLE
c7d849df-6bc4-4288-a26c-03ceb415e363,e8df51b8-170f-4312-b7f4-d67c0f2f6beb,c7ebf4b8-4f50-4c0a-9816-6a6769943bce,1080.6,74.5,A,2026-08-27,AVAILABLE
b0f3d800-e54b-4bb7-9f3f-2fa100c21fde,be88c04b-3051-46b0-8145-0046616fabd9,b64ca3f8-fd63-4652-b8ab-d082ef554f58,1922.62,18.06,A+,2026-09-09,AVAILABLE
01327f8e-bff4-4bf7-952c-9675da11d832,9cc0a982-dfd7-42a5-8972-c882f3c949ab,55048485-b49a-41a8-831b-42e14f8ce5f9,1509.57,80.93,A,2026-09-08,AVAILABLE
6ad211b1-0e72-4963-b707-1e92acb2adeb,03b7ae6d-a038-4db4-8c1e-7fc035b55b85,f1ad8b2f-18d6-4dff-a217-b1353e48b40d,1199.28,111.97,A+,2026-09-04,AVAILABLE
39e19a70-caab-4bcb-bdaf-a7a0db1f1ad1,98f1c437-3b6a-45b1-8973-b4faab62f3ff,abef6b46-97a3-4d47-847a-0a058895e915,2056.1,39.44,A,2026-09-03,AVAILABLE
981f1985-0115-4860-a2ae-45f46847dd2c,0f6a779f-384d-42bb-8630-e1528d8df762,6276a613-f3d1-4ca2-b763-bcc62ebbb363,1549.74,103.6,A+,2026-09-08,AVAILABLE
51a74b76-43b4-4bad-8dbb-5e6f19038d2e,1ef83fd6-6718-4cb0-9df1-08673594f2ce,b64ca3f8-fd63-4652-b8ab-d082ef554f58,1346.3,21.12,A+,2026-09-06,AVAILABLE
35758509-fb1e-4633-99de-25260c01a086,88b5130d-5994-443e-83b9-85e3d4b08a26,6276a613-f3d1-4ca2-b763-bcc62ebbb363,135.84,100.9,A,2026-09-06,AVAILABLE
17efccae-9a01-477e-9210-b2fd6734fe9a,cc866dd9-5c28-4a0c-a6a2-6905294cc13a,6bd8ceef-eebc-4d0b-8d12-2dd14c109468,2156.44,92.45,A+,2026-08-29,AVAILABLE
e65157a3-381e-4b01-8a03-cbbc7038a548,be14bc31-9c77-413a-8a70-ca2135c23384,59533992-5f56-4fd7-aafc-039199e5d9d6,1988.42,47.08,B,2026-09-07,AVAILABLE
a61a2f4c-33cf-4878-b743-d90b02609d48,d2715a40-3223-429b-a96e-d2c9204943b1,68333e4b-e52f-429e-9139-07cc61dc5eb0,680.05,29.56,A+,2026-09-10,AVAILABLE
d22de1b9-65e4-4c9d-9dbe-f19bd09e202c,ccccf036-db00-450b-8670-d4ba0efb03df,68333e4b-e52f-429e-9139-07cc61dc5eb0,1302.97,31.35,A+,2026-08-25,AVAILABLE
3061ad9d-0d63-473a-8fb1-371d3473011c,948fbaaa-cb83-451a-a86b-2b19fb795e02,c7ebf4b8-4f50-4c0a-9816-6a6769943bce,1858.29,70.42,A,2026-08-25,AVAILABLE
f8a12906-df5e-4e2f-9cb0-a37dc5b1e793,535d7f82-b061-47ce-b642-ec1a13f155b8,3c31fec3-4390-4ed9-99ac-e13a88d60684,1529.36,47.44,A+,2026-08-26,AVAILABLE
6e2e92dc-8f05-4fd5-8479-fa504468eaa3,96ce04d7-20c2-4c9e-937b-ca556670f11e,7324117d-fdfd-4313-8e9c-1e922f46ed4f,2033.54,60.84,A+,2026-09-08,AVAILABLE
4dddcb4b-81c6-41e8-98b0-98e8091dab49,f1d85b9c-af3e-4f7e-8648-bc2b9cd9f8f8,0ea55d0f-d8b6-4cb1-9303-1c884505a25a,2966.9,37.55,A+,2026-08-27,AVAILABLE
a1fb2879-abcf-437e-bfd5-69cb6f858f3f,63c8e507-4eb2-40a9-8016-f12e7af9b414,6bd8ceef-eebc-4d0b-8d12-2dd14c109468,2420.66,80.22,A+,2026-09-07,AVAILABLE
2e3f0b5f-299b-4053-b1bd-b7685fdf2722,e8df51b8-170f-4312-b7f4-d67c0f2f6beb,55048485-b49a-41a8-831b-42e14f8ce5f9,1039.69,83.88,A+,2026-08-22,AVAILABLE
5fad4f4f-c451-4d55-86fc-7883290394f0,f6215a9e-4a61-4c3f-bede-b13437acf6a6,59533992-5f56-4fd7-aafc-039199e5d9d6,1250.27,62.63,B,2026-09-02,AVAILABLE
f57083bb-ec99-4860-af09-506acf15bb1b,88b5130d-5994-443e-83b9-85e3d4b08a26,59533992-5f56-4fd7-aafc-039199e5d9d6,466.93,58.74,A+,2026-09-05,AVAILABLE
c8112071-9e65-4c17-b6fa-2e45db19b069,c6a7d3ce-dc43-4b1f-9ce8-130d962cfa83,55048485-b49a-41a8-831b-42e14f8ce5f9,1865.06,81.28,A+,2026-08-22,AVAILABLE
90ff5d7f-6fb8-4265-960b-4bb1ef8cbcb2,e13aafcb-44f5-4810-bff5-92f165c0ae35,f1ad8b2f-18d6-4dff-a217-b1353e48b40d,409.78,126.54,A+,2026-09-09,AVAILABLE
70f84aeb-f09e-43a7-8e15-28afa2bbec3e,9cc0a982-dfd7-42a5-8972-c882f3c949ab,7324117d-fdfd-4313-8e9c-1e922f46ed4f,734.04,77.3,A+,2026-08-31,AVAILABLE
11cf476f-5c53-4dcd-95d1-0dc4dbdcfbde,fb1ecfa9-642f-48f2-b7d1-b2f06834f45b,653ff738-2173-4c0d-9619-2be06db39e8c,1487.23,47.21,A,2026-08-29,AVAILABLE
209ccd08-6426-4165-88cc-e9663beda513,69b3a421-e4b2-4c2f-9c3a-216468238f6e,abef6b46-97a3-4d47-847a-0a058895e915,1958.72,34.09,B,2026-08-26,AVAILABLE
a547db5a-1be9-4a43-939c-16a3272c1001,979861ee-3317-4399-85a8-450766211c0e,653ff738-2173-4c0d-9619-2be06db39e8c,1046.21,42.01,A,2026-08-25,AVAILABLE
04051798-fe4b-4840-a85a-347f1c523001,a12e6ff4-f66e-4429-9bdc-f164dd3073b6,0ea55d0f-d8b6-4cb1-9303-1c884505a25a,1377.03,40.88,B,2026-09-08,AVAILABLE
4cd85bbf-2737-4260-8007-03b9a8be9508,37e82a5b-5303-4240-85cb-904ec24eba1b,59533992-5f56-4fd7-aafc-039199e5d9d6,1258.04,47.34,A+,2026-08-24,AVAILABLE
4a2599c3-2256-4708-973f-a99698c9a0ee,e19d4906-087f-4c59-a4d0-9f6ff6a7e10d,ac8068c4-442e-467b-90c9-366eb7fc7bba,1722.01,94.17,A+,2026-08-27,AVAILABLE
b92a69ff-8536-42de-ac4f-a150fd6b5f2d,9a3ee620-3fb6-4fd4-8d91-db76a318c35d,b64ca3f8-fd63-4652-b8ab-d082ef554f58,1715.64,20.72,A+,2026-08-26,AVAILABLE
30105283-caac-4976-97e6-245f861ad1b4,a19b7055-93b1-4140-a1b9-4a1bcddf17be,abef6b46-97a3-4d47-847a-0a058895e915,1076.76,41.76,A+,2026-09-01,AVAILABLE
8602f12e-705e-4829-a68f-ab891eca4a3a,88b5130d-5994-443e-83b9-85e3d4b08a26,f1ad8b2f-18d6-4dff-a217-b1353e48b40d,490.11,138.46,A+,2026-08-28,AVAILABLE
62a85833-2e3b-4504-b61f-eec69fab9cb5,073a3bfe-6f95-4fda-9311-ba1cd2322649,c7ebf4b8-4f50-4c0a-9816-6a6769943bce,1414.57,70.49,A+,2026-08-31,AVAILABLE
23878cbf-1128-45c2-b913-85c2f97df5b5,cc866dd9-5c28-4a0c-a6a2-6905294cc13a,0ea55d0f-d8b6-4cb1-9303-1c884505a25a,1415.57,41.07,A,2026-08-25,AVAILABLE
34f3003d-ae28-49dd-9857-ddf91901c813,fb3ede9e-a487-40f8-b43b-7615ba85daa9,abf9c741-823f-4047-ae80-0254c25dfaf7,2529.34,47.75,A,2026-08-25,AVAILABLE
39ced0a7-faec-4a9e-9d1f-98f084b257ac,0f6a779f-384d-42bb-8630-e1528d8df762,6276a613-f3d1-4ca2-b763-bcc62ebbb363,1999.96,113.5,A+,2026-08-31,AVAILABLE
4b80caa9-ecbd-467f-995a-d2791d79929e,6e6a737f-4f6f-4558-9ed9-e00d17b7b09c,178c56a4-1347-43a1-9c70-b8ad4e14aebd,1241.78,23.82,B,2026-09-01,AVAILABLE
80bd7f21-b30c-4a29-9763-11176d5dc73b,65f1ecf5-5308-4a2f-8b19-4b7206169f68,ef45df06-ae20-45cb-9c78-f423589fe7a0,2541.78,18.26,A+,2026-08-31,AVAILABLE
7a3382a9-99db-4546-a3c0-883998af2d13,63c8e507-4eb2-40a9-8016-f12e7af9b414,6bd8ceef-eebc-4d0b-8d12-2dd14c109468,2769.88,75.63,A+,2026-09-05,AVAILABLE
102acc3c-c21c-489a-86e6-e24fdc6044c8,36e7503e-e4d0-4372-bf59-f19d614c80b9,3c31fec3-4390-4ed9-99ac-e13a88d60684,1482.68,53.1,A+,2026-08-28,AVAILABLE
f19d2d74-1e2f-42f2-8c65-ee71b3315774,5e8f4101-6e11-449a-9ab2-ddefb20cec1c,59533992-5f56-4fd7-aafc-039199e5d9d6,153.79,49.15,A,2026-09-09,AVAILABLE
a8885a5c-8edc-4f96-b244-d68b33dec4e3,536fef50-305d-4b9c-aeda-e71b0be5cf26,68333e4b-e52f-429e-9139-07cc61dc5eb0,2530.99,29.6,A,2026-09-01,AVAILABLE
7b73e4e9-1370-4f6f-836c-46f1d4900d4c,0f6a779f-384d-42bb-8630-e1528d8df762,3c31fec3-4390-4ed9-99ac-e13a88d60684,2605.34,55.78,B,2026-08-24,AVAILABLE
04cfe4db-dc7d-47a0-aad3-e8c0b2fcd091,be14bc31-9c77-413a-8a70-ca2135c23384,6276a613-f3d1-4ca2-b763-bcc62ebbb363,1211.66,125.07,A+,2026-08-31,AVAILABLE
8a1d0ad1-4f24-41bd-94c8-a7484051ea6f,fa988b5b-f621-49bc-97ab-00214517be59,653ff738-2173-4c0d-9619-2be06db39e8c,2741.54,47.76,A+,2026-08-30,AVAILABLE
796ec18e-9258-4a64-a810-af379d71528d,6923de22-4eb3-4755-943a-b79bd8080890,0ea55d0f-d8b6-4cb1-9303-1c884505a25a,598.08,42.19,A,2026-09-05,AVAILABLE
3e302a9d-ba5f-4df0-928a-9d797ea26deb,03b7ae6d-a038-4db4-8c1e-7fc035b55b85,178c56a4-1347-43a1-9c70-b8ad4e14aebd,1705.27,22.23,A+,2026-08-23,AVAILABLE
0d440eae-8418-4297-8678-dc481ab134cd,535d7f82-b061-47ce-b642-ec1a13f155b8,68333e4b-e52f-429e-9139-07cc61dc5eb0,2791.59,28.81,A+,2026-08-22,AVAILABLE
f2a3c8eb-9bf4-4611-9e6f-88079483231a,af5ba54d-7b4b-433c-96da-ba2adcba27e3,b64ca3f8-fd63-4652-b8ab-d082ef554f58,1614.15,22.74,A+,2026-08-25,AVAILABLE
86a20379-5a84-4c06-b34a-b9fbee5d769e,f239c156-fb93-41c6-9950-410701ddc631,6276a613-f3d1-4ca2-b763-bcc62ebbb363,348.48,100.8,A+,2026-09-04,AVAILABLE
08e32558-6ff4-4ff4-9014-c14b7fdf2c87,1bd31325-5136-45d3-8fa0-978468a9b96a,f1ad8b2f-18d6-4dff-a217-b1353e48b40d,2990.16,142.62,A+,2026-09-10,AVAILABLE
0ef760d8-3766-4e2e-b776-e2729b996895,cc1ac55f-3cd2-4299-9ddf-0358d31a94ed,2f6f3a77-07d3-4a5d-9422-277b8cb53de2,2073.05,30.28,B,2026-09-07,AVAILABLE
bdcc3da6-afbb-4f7e-b9ee-16a93ca76b66,90495f1e-9960-4db1-8625-0fd1483e2a8f,6bd8ceef-eebc-4d0b-8d12-2dd14c109468,1581.78,85.22,A+,2026-08-26,AVAILABLE
026b1692-50a7-4232-9d47-841372ca7bee,65f1ecf5-5308-4a2f-8b19-4b7206169f68,d98d579c-c9b5-454e-8a92-971240c312eb,2848.78,37.81,A+,2026-08-24,AVAILABLE
b720bef5-bc96-42ca-9cfe-8e7c6c687112,af678a08-a539-4b3f-812b-2a2d22f2f892,abf9c741-823f-4047-ae80-0254c25dfaf7,2520.14,43.76,A+,2026-08-28,AVAILABLE
e76ee2f7-6c1c-47c5-9704-7cd9239a2ad4,aebef5d9-9fb8-4edd-b97c-3aa98a8dc316,2f6f3a77-07d3-4a5d-9422-277b8cb53de2,335.56,27.72,A+,2026-09-02,AVAILABLE
403a30a1-7dfe-45d4-b6bf-8ce8b913cfe5,d956a195-1e33-4bf7-8025-8419aed54698,6276a613-f3d1-4ca2-b763-bcc62ebbb363,1397.29,106.85,A+,2026-08-31,AVAILABLE
c8fe687f-a019-40e8-8be7-9cede40f6cf3,60f93b9f-6840-4ea1-b553-8b6d86e4a65a,7324117d-fdfd-4313-8e9c-1e922f46ed4f,212.91,75.1,A+,2026-08-30,AVAILABLE
5626f6ed-cd30-4140-a4ff-3b36ad3e6203,c3a34d28-bd0b-410e-8dd4-0c7f3462f3b3,ef45df06-ae20-45cb-9c78-f423589fe7a0,2314.6,17.66,A+,2026-08-29,AVAILABLE
3565b1b2-27a2-4f45-8504-017ecc17098d,073a3bfe-6f95-4fda-9311-ba1cd2322649,3c31fec3-4390-4ed9-99ac-e13a88d60684,941.34,54.09,A+,2026-09-01,AVAILABLE
725df805-0661-4aa9-955d-c0fc13f34f0a,ce167924-8111-42bd-839d-587ec45d90b8,59533992-5f56-4fd7-aafc-039199e5d9d6,201.98,56.2,A+,2026-08-29,AVAILABLE
2e2bd4c5-0534-4ede-a8e5-3b3de023395e,a452700b-bcae-474b-b52d-28b6d6859505,c7ebf4b8-4f50-4c0a-9816-6a6769943bce,1284.95,67.85,A,2026-08-25,AVAILABLE
2f890446-c136-44da-a5a8-28f42b994c99,5912eb7e-b3f2-45e6-b201-0c7388bb7947,59533992-5f56-4fd7-aafc-039199e5d9d6,609.57,59.94,A+,2026-09-09,AVAILABLE
034b2990-933d-4288-aefb-f500bbb472ce,c6d43312-4415-4d6a-a8ae-e6a145cdc01f,178c56a4-1347-43a1-9c70-b8ad4e14aebd,366.75,26.69,A+,2026-08-26,AVAILABLE
5de90a51-4578-41c8-ad21-734e2e332852,05fa3e5d-8992-48b4-ab7c-cf87e0562aa0,ef45df06-ae20-45cb-9c78-f423589fe7a0,1888.99,20.16,B,2026-08-31,AVAILABLE
0c45a894-c163-4272-8b80-e6df1c2153c0,d14a5320-24ea-46f0-a60a-6b95aa85419a,68333e4b-e52f-429e-9139-07cc61dc5eb0,1731.41,26.86,B,2026-08-31,AVAILABLE
a3dc2c41-8a20-47f6-a417-20009f7b05cd,6c33e20e-a5e7-4cc6-b26d-0595484d8db9,178c56a4-1347-43a1-9c70-b8ad4e14aebd,2533.12,22.26,B,2026-08-31,AVAILABLE
14a8fc94-359e-4ca0-a1e1-5128beeb5432,be88c04b-3051-46b0-8145-0046616fabd9,3c31fec3-4390-4ed9-99ac-e13a88d60684,397.79,54.27,A+,2026-09-08,AVAILABLE
e6b01b5f-593d-4b91-948c-7e4c358e5aee,04c11cce-effc-4832-a69a-7cb9989e3e08,178c56a4-1347-43a1-9c70-b8ad4e14aebd,2221.95,25.95,A+,2026-09-08,AVAILABLE
8f3214cc-37f9-46e9-85ef-6b0e5c136466,a9d549c0-55b3-4d5b-bbfe-f37ff33978ff,6276a613-f3d1-4ca2-b763-bcc62ebbb363,2326.06,100.52,A+,2026-09-09,AVAILABLE
1d0e0c3a-1d22-4b1d-84bf-40d060472f38,7c15baf9-2425-4e37-b0c2-7493916bbbe2,68333e4b-e52f-429e-9139-07cc61dc5eb0,1148.19,25.68,A+,2026-08-23,AVAILABLE
3ea5a21e-b8b3-4693-91d3-dbeb09ebd66e,ae863987-1f02-429f-8702-4a9ca220d112,6bd8ceef-eebc-4d0b-8d12-2dd14c109468,1546.33,89.15,A,2026-08-22,AVAILABLE
015e83f0-6514-4c59-8e2c-11a68a44b7ae,076605b4-e3ea-438d-bcb9-35c05fbc5b73,7324117d-fdfd-4313-8e9c-1e922f46ed4f,2850.24,71.25,B,2026-09-06,AVAILABLE
bfe13bf4-2871-4365-be53-02f19103d5f1,f1d85b9c-af3e-4f7e-8648-bc2b9cd9f8f8,d98d579c-c9b5-454e-8a92-971240c312eb,851.92,38.65,A+,2026-09-04,AVAILABLE
c76ede1d-e285-46dd-993c-cabfec60e917,9a3ee620-3fb6-4fd4-8d91-db76a318c35d,2f6f3a77-07d3-4a5d-9422-277b8cb53de2,196.52,33.43,A+,2026-09-07,AVAILABLE
20b62d5b-4a54-45fc-87c6-b2d127cce534,a9d549c0-55b3-4d5b-bbfe-f37ff33978ff,3c31fec3-4390-4ed9-99ac-e13a88d60684,1744.87,50.08,A+,2026-08-29,AVAILABLE
ce3a96d6-2b37-43d4-850b-14f2f9ad66b4,90495f1e-9960-4db1-8625-0fd1483e2a8f,178c56a4-1347-43a1-9c70-b8ad4e14aebd,1178.88,28.05,B,2026-08-25,AVAILABLE
42d13ec9-2b49-4766-ab65-7ae1afee2d9a,e13aafcb-44f5-4810-bff5-92f165c0ae35,abef6b46-97a3-4d47-847a-0a058895e915,1545.36,33.88,A,2026-09-05,AVAILABLE
3a631bb9-cd3f-4838-a7dc-f977a686ca38,582778a6-5d96-41de-af5a-938934cadf8e,55048485-b49a-41a8-831b-42e14f8ce5f9,539.48,77.3,A,2026-09-07,AVAILABLE
07ff79b6-f960-4322-a181-6cf2ebad5d52,e13aafcb-44f5-4810-bff5-92f165c0ae35,f1ad8b2f-18d6-4dff-a217-b1353e48b40d,1478.74,133.54,A+,2026-08-28,AVAILABLE
9adf367c-9f58-4c08-9b24-71df6fd2b29b,f0f07b91-641a-42cb-9786-daf994293142,68333e4b-e52f-429e-9139-07cc61dc5eb0,1918.26,24.13,A,2026-08-23,AVAILABLE
79bf7394-4338-49b9-81d5-70b1cf9b5ef0,90495f1e-9960-4db1-8625-0fd1483e2a8f,6276a613-f3d1-4ca2-b763-bcc62ebbb363,1830.12,112.1,A+,2026-09-10,AVAILABLE
b3d5d093-62f5-4739-bc0b-556cb4f4e67f,7c15baf9-2425-4e37-b0c2-7493916bbbe2,f1ad8b2f-18d6-4dff-a217-b1353e48b40d,578.06,142.88,A,2026-08-22,AVAILABLE
7c50a1f7-6d1f-4787-9d7a-4d5c846185d3,e18557a2-fa62-4ecc-a274-d1d3f0d0657f,178c56a4-1347-43a1-9c70-b8ad4e14aebd,569.75,26.39,A+,2026-08-27,AVAILABLE
eb7215d2-34bf-4dc3-bdc0-6d7191339142,8ee9c46f-104d-4ed7-ab2e-863c16c0522d,59533992-5f56-4fd7-aafc-039199e5d9d6,128.36,55.37,B,2026-08-25,AVAILABLE
0c936d75-c469-458f-8be5-97315b972f65,d2715a40-3223-429b-a96e-d2c9204943b1,2f6f3a77-07d3-4a5d-9422-277b8cb53de2,2643.04,32.3,A+,2026-09-07,AVAILABLE
fdab1bba-beb5-429a-88bd-f8a009364ee0,65fe2a76-4490-455c-9b99-c997a463c9a2,abef6b46-97a3-4d47-847a-0a058895e915,2699.15,41.13,A+,2026-08-28,AVAILABLE
8948a6c0-3d23-4317-a0ee-0edc4de1d4cb,03b7ae6d-a038-4db4-8c1e-7fc035b55b85,653ff738-2173-4c0d-9619-2be06db39e8c,2820.19,44.76,A+,2026-08-29,AVAILABLE
c9e72f59-f449-4171-8392-cff9ee5af771,05fa3e5d-8992-48b4-ab7c-cf87e0562aa0,abf9c741-823f-4047-ae80-0254c25dfaf7,470.94,47.67,A+,2026-09-03,AVAILABLE
b9545855-251b-498d-a478-96a6c52bbdf2,60b1192a-82c6-4d17-96b5-60c6a9ebc66a,c7ebf4b8-4f50-4c0a-9816-6a6769943bce,95.97,69.75,A+,2026-09-10,AVAILABLE
4bfdfb8d-a5f9-4a0f-9a9a-c044f391a481,b70b968a-91bc-48aa-bfcc-61cf84066d1f,b64ca3f8-fd63-4652-b8ab-d082ef554f58,1273.83,17.64,A+,2026-08-28,AVAILABLE
5f432ddd-d0fb-45bf-8971-b5129ff907ea,15a8b4d9-a18a-4ea9-aaae-295fc040f432,6bd8ceef-eebc-4d0b-8d12-2dd14c109468,1866.69,97.54,A,2026-08-29,AVAILABLE
796126fc-042a-4545-b902-7a3303bff874,076605b4-e3ea-438d-bcb9-35c05fbc5b73,6bd8ceef-eebc-4d0b-8d12-2dd14c109468,1712.55,84.59,A+,2026-09-01,AVAILABLE
38db8064-ffd0-4505-8010-e99065204d21,1b4dea5a-256f-4f00-a847-cd5d3e25e897,653ff738-2173-4c0d-9619-2be06db39e8c,1384.06,47.69,A+,2026-09-05,AVAILABLE
8b45d589-6b5b-4957-b5d3-c719623e3f6e,08847d9a-389c-4b81-8037-0a89c625d60f,2f6f3a77-07d3-4a5d-9422-277b8cb53de2,549.35,36.46,A+,2026-09-10,AVAILABLE
9c6947c7-a209-44c5-938f-59b39edf7bec,6c33e20e-a5e7-4cc6-b26d-0595484d8db9,d98d579c-c9b5-454e-8a92-971240c312eb,267.11,38.49,A+,2026-09-08,AVAILABLE
86184971-7b34-4b5b-9597-37ec5973fb4c,5e8f4101-6e11-449a-9ab2-ddefb20cec1c,ef45df06-ae20-45cb-9c78-f423589fe7a0,2157.89,18.53,B,2026-09-05,AVAILABLE
55fe0e3f-ab74-4697-97db-93ce2e8be6cd,90495f1e-9960-4db1-8625-0fd1483e2a8f,ef45df06-ae20-45cb-9c78-f423589fe7a0,648.66,19.53,A+,2026-08-25,AVAILABLE
02de08b4-c332-4db2-8dd0-d901f20ae37f,71b38914-1a6f-4ae4-a79f-0c887c4903da,653ff738-2173-4c0d-9619-2be06db39e8c,1992.66,51.42,A+,2026-09-08,AVAILABLE
719e9784-3a8f-4b68-ba03-6d4f1904735c,11ddeaf3-66a9-4648-9176-c97bd9b51146,7324117d-fdfd-4313-8e9c-1e922f46ed4f,664.91,58.11,A+,2026-09-08,AVAILABLE
d3fc1933-077e-4c56-b238-29f5760d3dea,d14a5320-24ea-46f0-a60a-6b95aa85419a,6bd8ceef-eebc-4d0b-8d12-2dd14c109468,1094.63,93.05,A+,2026-09-03,AVAILABLE
0e0190eb-b13e-45fd-8a05-8870470f2c2d,9cc0a982-dfd7-42a5-8972-c882f3c949ab,abef6b46-97a3-4d47-847a-0a058895e915,842.43,36.94,A+,2026-09-07,AVAILABLE
b0ef56fe-dca1-49eb-87b7-f0b523564ed4,65f1ecf5-5308-4a2f-8b19-4b7206169f68,178c56a4-1347-43a1-9c70-b8ad4e14aebd,2638.25,27.35,A+,2026-08-23,AVAILABLE
8b12db3f-edfa-43e9-a068-991ee16610cd,e13aafcb-44f5-4810-bff5-92f165c0ae35,653ff738-2173-4c0d-9619-2be06db39e8c,2291.82,51.23,B,2026-08-27,AVAILABLE
f8623528-1af6-4179-b121-a4f74554b913,59be3b29-2cc8-43f6-8627-e2e3e52fc0c5,178c56a4-1347-43a1-9c70-b8ad4e14aebd,277.26,26.0,A,2026-09-03,AVAILABLE
fba1f295-4d06-4130-9c80-23e79ae9fe0f,90495f1e-9960-4db1-8625-0fd1483e2a8f,3c31fec3-4390-4ed9-99ac-e13a88d60684,108.39,57.18,A+,2026-09-03,AVAILABLE
5ba81ee2-f298-4afd-a5b4-cdeba445c11e,87e7baf3-1143-4a5a-8d2f-0ffe01378f7b,3c31fec3-4390-4ed9-99ac-e13a88d60684,2799.68,51.63,A,2026-08-30,AVAILABLE
28f72b5a-1b5d-40dc-ab8b-b966c1560bd3,948fbaaa-cb83-451a-a86b-2b19fb795e02,c7ebf4b8-4f50-4c0a-9816-6a6769943bce,765.8,59.97,A,2026-09-02,AVAILABLE
46595bc2-dfa6-4ac5-8f25-ec53e5b0363a,9537ca32-454c-4089-a752-fa7a55ad6891,68333e4b-e52f-429e-9139-07cc61dc5eb0,2354.5,24.81,B,2026-09-08,AVAILABLE
70870f15-80aa-4afb-a0b3-4be28030658b,535d7f82-b061-47ce-b642-ec1a13f155b8,f1ad8b2f-18d6-4dff-a217-b1353e48b40d,1163.89,122.8,A+,2026-08-23,AVAILABLE
359db414-7baf-4d0f-9ae1-eabc67f5b6f9,42348c51-c408-4b91-8e12-0425b233cc55,6276a613-f3d1-4ca2-b763-bcc62ebbb363,728.51,112.53,A+,2026-09-09,AVAILABLE
5f30a759-d6e3-47e3-8bf5-2f3a97fee636,475ea49c-d449-4060-8c2b-612057a1228e,ac8068c4-442e-467b-90c9-366eb7fc7bba,1094.08,99.73,B,2026-09-05,AVAILABLE
1a022d81-58e7-4039-9b93-7d7ee93e2724,87b485d6-fd1c-41df-a979-abe1569a4114,abef6b46-97a3-4d47-847a-0a058895e915,114.51,34.7,A+,2026-08-23,AVAILABLE
03f06ffc-7dbd-462e-be74-37cd52c35d2e,8cf697ce-1498-418c-ac8a-31c7c3e8f492,3c31fec3-4390-4ed9-99ac-e13a88d60684,847.52,48.4,A+,2026-08-22,AVAILABLE
69f4f6ef-0630-49aa-92de-75b0c8dd0396,621432f7-5826-44e1-9f8a-c5233c581b05,6bd8ceef-eebc-4d0b-8d12-2dd14c109468,1146.03,82.47,A,2026-08-27,AVAILABLE
1e130a0a-18a8-4736-9e6f-2fba2a5444fe,05fa3e5d-8992-48b4-ab7c-cf87e0562aa0,178c56a4-1347-43a1-9c70-b8ad4e14aebd,2427.94,25.42,A,2026-08-29,AVAILABLE
6a2078ad-6771-4c59-a261-6d3bb87d9e46,d2715a40-3223-429b-a96e-d2c9204943b1,abef6b46-97a3-4d47-847a-0a058895e915,595.69,38.0,A+,2026-08-25,AVAILABLE
a95fe8a1-83d2-49e4-95ff-d2d15248cd23,536fef50-305d-4b9c-aeda-e71b0be5cf26,3c31fec3-4390-4ed9-99ac-e13a88d60684,2586.83,44.94,A,2026-09-07,AVAILABLE
bf3c1994-56f9-475a-a477-432793c2a1cc,a08a856c-d03b-4830-a6e1-4773918dde6c,0ea55d0f-d8b6-4cb1-9303-1c884505a25a,2254.21,37.12,A+,2026-08-30,AVAILABLE
cf78f4eb-c88b-46ce-8f32-d2a793e28a6e,bcc3976a-8a05-48bb-a862-805e86572d9d,abf9c741-823f-4047-ae80-0254c25dfaf7,434.01,53.29,A,2026-08-22,AVAILABLE
99947c92-5295-4296-8392-f70917db00a8,987f03c9-2977-4d13-baed-b45f1489b1c9,ef45df06-ae20-45cb-9c78-f423589fe7a0,1116.92,18.94,B,2026-08-26,AVAILABLE
c079a2be-8bf8-44a5-8f08-68b217ce8492,fbe46723-0901-4ea7-9bc5-8b731c4356b7,68333e4b-e52f-429e-9139-07cc61dc5eb0,2615.31,29.18,B,2026-08-31,AVAILABLE
9be5f8eb-b4ca-4169-903f-071ec5656395,a12e6ff4-f66e-4429-9bdc-f164dd3073b6,55048485-b49a-41a8-831b-42e14f8ce5f9,1083.39,70.8,A+,2026-09-01,AVAILABLE
b7f2e1df-d528-4a45-890f-35e5d9741fe4,71b38914-1a6f-4ae4-a79f-0c887c4903da,7324117d-fdfd-4313-8e9c-1e922f46ed4f,1601.13,66.99,A,2026-09-05,AVAILABLE
f4b8684e-f0cb-44a5-8afb-e23e06e251b1,536fef50-305d-4b9c-aeda-e71b0be5cf26,d98d579c-c9b5-454e-8a92-971240c312eb,694.87,40.7,A+,2026-09-07,AVAILABLE
ba876708-6559-489c-8cca-61ca79a335d3,49a8469f-212b-471b-8192-e4ace6e3cac9,6276a613-f3d1-4ca2-b763-bcc62ebbb363,1610.03,126.37,A+,2026-09-07,AVAILABLE
c9654366-25d6-4306-8e26-06116a64d3d9,b67defba-bd61-42b1-87d0-c96c9bfa2525,653ff738-2173-4c0d-9619-2be06db39e8c,802.4,42.09,A,2026-09-06,AVAILABLE
b49b6510-1009-4d68-9867-e6bb0b5bfdd3,9537ca32-454c-4089-a752-fa7a55ad6891,b64ca3f8-fd63-4652-b8ab-d082ef554f58,2603.58,19.8,A+,2026-08-24,AVAILABLE
92363e1a-4b65-404a-87e9-97db2980fc73,076605b4-e3ea-438d-bcb9-35c05fbc5b73,7324117d-fdfd-4313-8e9c-1e922f46ed4f,1824.95,70.67,B,2026-08-23,AVAILABLE
e04d49c0-8705-4bc4-99b7-ef8136c13711,a452700b-bcae-474b-b52d-28b6d6859505,f1ad8b2f-18d6-4dff-a217-b1353e48b40d,1655.83,141.88,A+,2026-08-27,AVAILABLE
ba8c3d7c-e18c-4a5f-972c-6837052aaba9,5274ea89-1cb4-4f04-9c42-24e313345a85,abef6b46-97a3-4d47-847a-0a058895e915,1608.08,40.94,A+,2026-09-06,AVAILABLE
0cd65e60-96be-4e4d-92b0-252bc53d6a73,97d838df-84e5-4eb0-910f-c216c692e28b,ef45df06-ae20-45cb-9c78-f423589fe7a0,106.67,17.62,A+,2026-09-01,AVAILABLE
5fbe2537-58c6-477d-8b53-ec67c1cc59e2,98f1c437-3b6a-45b1-8973-b4faab62f3ff,abf9c741-823f-4047-ae80-0254c25dfaf7,2655.91,47.09,A,2026-09-03,AVAILABLE
e88c68f8-21db-45d5-b895-6dbdc7694b5c,a19b7055-93b1-4140-a1b9-4a1bcddf17be,178c56a4-1347-43a1-9c70-b8ad4e14aebd,311.29,25.94,A+,2026-08-25,AVAILABLE
fde2e735-138b-4715-894b-5ba83236b489,0cda0e53-fdcb-49c2-8c18-b8296a9fe041,178c56a4-1347-43a1-9c70-b8ad4e14aebd,1285.68,27.65,A,2026-09-05,AVAILABLE
3a0b2dca-a318-479c-b130-66a9bbb53a15,d5aeff27-8a28-4010-aefa-30f543c59e4e,178c56a4-1347-43a1-9c70-b8ad4e14aebd,2125.38,24.94,A+,2026-08-31,AVAILABLE
7ab0dc3a-ca02-4ae1-a5d9-48f6b5e8ac38,8cf697ce-1498-418c-ac8a-31c7c3e8f492,59533992-5f56-4fd7-aafc-039199e5d9d6,903.77,48.81,A+,2026-08-27,AVAILABLE
f8bcdbd5-e5be-46f7-8b46-3e0ea6760ad5,be397d18-80c9-482d-a55d-5ac3e1abdf09,b64ca3f8-fd63-4652-b8ab-d082ef554f58,1307.11,21.71,A+,2026-08-26,AVAILABLE
b240e5a9-316b-468e-bbbb-32f4b4ef3d44,a12e6ff4-f66e-4429-9bdc-f164dd3073b6,68333e4b-e52f-429e-9139-07cc61dc5eb0,243.63,30.32,A+,2026-09-08,AVAILABLE
2341c53a-2869-4ae7-8e37-146bb1c6dd74,ab41f60e-6796-4040-b1ad-6bdb9f62a1f5,abef6b46-97a3-4d47-847a-0a058895e915,436.13,41.06,B,2026-09-03,AVAILABLE
d2438925-005b-4485-b27b-6805d083dc70,04c11cce-effc-4832-a69a-7cb9989e3e08,0ea55d0f-d8b6-4cb1-9303-1c884505a25a,2227.14,35.13,B,2026-09-04,AVAILABLE
84f73294-3cd4-4e90-a3d9-2878be90721e,c5ab7a23-7756-487a-aaad-8a2c05ae1473,2f6f3a77-07d3-4a5d-9422-277b8cb53de2,2254.6,32.48,A+,2026-09-07,AVAILABLE
239a6da4-b6aa-4500-8e7c-4f1af853bb3c,69b3a421-e4b2-4c2f-9c3a-216468238f6e,c7ebf4b8-4f50-4c0a-9816-6a6769943bce,2921.96,59.85,A+,2026-08-28,AVAILABLE
6fcddd25-931e-4a73-a0c7-2118806e8591,1b4dea5a-256f-4f00-a847-cd5d3e25e897,6276a613-f3d1-4ca2-b763-bcc62ebbb363,2384.3,93.79,A+,2026-09-09,AVAILABLE
3679edd8-5576-4338-95e1-c31a430b8e10,9e40ccdd-a78c-44c7-94ad-93197c023f81,6bd8ceef-eebc-4d0b-8d12-2dd14c109468,2330.73,78.59,A+,2026-08-26,AVAILABLE
441a554c-1691-4ac0-a254-37d20cd5331c,93e9fd5d-a0bc-427e-afde-9d995a5f19d4,2f6f3a77-07d3-4a5d-9422-277b8cb53de2,1118.11,28.68,A+,2026-08-24,AVAILABLE
3a4c45ba-859d-47cb-a39c-b480b7f160ab,a452700b-bcae-474b-b52d-28b6d6859505,0ea55d0f-d8b6-4cb1-9303-1c884505a25a,2220.91,34.26,A+,2026-08-29,AVAILABLE
1046ef0f-2855-44a3-b09e-53587375515a,be88c04b-3051-46b0-8145-0046616fabd9,0ea55d0f-d8b6-4cb1-9303-1c884505a25a,1712.35,40.51,A,2026-08-26,AVAILABLE
fe9db623-ac38-4d87-be96-3872f6b151ec,dc8daa43-3027-4f78-bed5-45573caa14d0,178c56a4-1347-43a1-9c70-b8ad4e14aebd,2613.57,25.74,A,2026-08-24,AVAILABLE
b8b7fa47-bb4e-48ec-9c6b-54d033e463ee,735855cd-e84a-4f29-9425-4388a1858eb6,3c31fec3-4390-4ed9-99ac-e13a88d60684,1151.97,44.21,B,2026-08-25,AVAILABLE
ed6624e9-5209-4bfb-9c08-a887ea9f5894,559baecd-70dd-4f56-a2e1-20e8187cc4f4,653ff738-2173-4c0d-9619-2be06db39e8c,1016.43,39.11,B,2026-08-24,AVAILABLE
a0ed104e-008d-4df0-958d-0220e2cf2ae5,9e40ccdd-a78c-44c7-94ad-93197c023f81,ef45df06-ae20-45cb-9c78-f423589fe7a0,1021.99,18.76,A+,2026-09-07,AVAILABLE
90bdf826-5675-4987-96e7-4259f3e3da01,076605b4-e3ea-438d-bcb9-35c05fbc5b73,2f6f3a77-07d3-4a5d-9422-277b8cb53de2,670.07,31.86,A+,2026-09-07,AVAILABLE
33f60598-03a7-4db3-84d9-62d254f7fcd5,1cc4207c-2d70-4663-bb99-93d6abd8e18b,ac8068c4-442e-467b-90c9-366eb7fc7bba,1901.99,92.44,A+,2026-09-09,AVAILABLE
ec6efaa9-3938-458c-8062-b252c6de99d7,6fe8f7bd-8c7a-4657-95c4-f428f8fedbf1,f1ad8b2f-18d6-4dff-a217-b1353e48b40d,2790.94,142.95,A+,2026-08-27,AVAILABLE
41944e58-45fe-4bef-85f5-ebe895484f2b,f1957ded-4a3d-4fd1-b19f-14e60efd7834,2f6f3a77-07d3-4a5d-9422-277b8cb53de2,2485.04,29.75,A+,2026-09-09,AVAILABLE
10a99e92-6728-4767-a01d-5ecc503881fa,90495f1e-9960-4db1-8625-0fd1483e2a8f,59533992-5f56-4fd7-aafc-039199e5d9d6,375.58,50.56,A,2026-08-29,AVAILABLE
d9129e6e-7f31-4c8e-a87d-fecc483e845f,076605b4-e3ea-438d-bcb9-35c05fbc5b73,3c31fec3-4390-4ed9-99ac-e13a88d60684,2267.65,50.68,A+,2026-09-07,AVAILABLE
b167034a-19f7-4f17-844c-2502768b3607,0f6a779f-384d-42bb-8630-e1528d8df762,55048485-b49a-41a8-831b-42e14f8ce5f9,2393.99,76.12,A+,2026-08-25,AVAILABLE
5bd5dc26-2a5d-407c-8720-f719bce72342,fa988b5b-f621-49bc-97ab-00214517be59,6bd8ceef-eebc-4d0b-8d12-2dd14c109468,2715.26,86.28,A+,2026-08-31,AVAILABLE
95988ce6-3a36-413c-9a70-12a0621aa6db,fcf5a90d-fd16-49c4-b28e-729f58f2a93d,7324117d-fdfd-4313-8e9c-1e922f46ed4f,1673.23,65.45,A+,2026-08-24,AVAILABLE
8bdde6f1-5c03-460d-bfd6-1b2830bcdb12,2873a54d-41a4-4501-8402-073f25c21424,2f6f3a77-07d3-4a5d-9422-277b8cb53de2,2950.23,32.92,A,2026-08-25,AVAILABLE
fb74578c-e967-49eb-9686-83eda83998dd,a19b7055-93b1-4140-a1b9-4a1bcddf17be,c7ebf4b8-4f50-4c0a-9816-6a6769943bce,2578.7,55.67,A+,2026-09-02,AVAILABLE
212de602-66e8-461e-9d77-e23399471f14,9e40ccdd-a78c-44c7-94ad-93197c023f81,59533992-5f56-4fd7-aafc-039199e5d9d6,190.19,52.62,A+,2026-09-06,AVAILABLE
709140a4-d418-4a3a-9e3d-ad809e99cf36,60b1192a-82c6-4d17-96b5-60c6a9ebc66a,ef45df06-ae20-45cb-9c78-f423589fe7a0,348.36,17.46,A+,2026-09-04,AVAILABLE
70f32833-a351-42db-a478-4eab3c7c449f,be88c04b-3051-46b0-8145-0046616fabd9,7324117d-fdfd-4313-8e9c-1e922f46ed4f,2472.98,59.75,A+,2026-09-01,AVAILABLE
848f9ea4-fcd4-4370-96ed-21a6f94b1fe1,4aad497d-22db-4506-95a5-ec55b1cd5e02,b64ca3f8-fd63-4652-b8ab-d082ef554f58,1095.96,21.9,A+,2026-08-28,AVAILABLE
c44e9c41-32d4-470e-b6ab-8f9350cb0171,5274ea89-1cb4-4f04-9c42-24e313345a85,6276a613-f3d1-4ca2-b763-bcc62ebbb363,238.05,110.8,A+,2026-08-31,AVAILABLE
78330201-8575-4aeb-8219-4de4c405eab2,9e40ccdd-a78c-44c7-94ad-93197c023f81,2f6f3a77-07d3-4a5d-9422-277b8cb53de2,2047.01,36.77,A+,2026-08-27,AVAILABLE
d7dfb7a7-ce4a-42a4-8ae6-4956cd83b4cf,63c8e507-4eb2-40a9-8016-f12e7af9b414,6276a613-f3d1-4ca2-b763-bcc62ebbb363,512.2,104.59,A+,2026-08-26,AVAILABLE
5dab8682-e932-4e75-9ac1-4ab53d6c77eb,ca8d2b80-7748-435d-94b3-3edca250909e,6276a613-f3d1-4ca2-b763-bcc62ebbb363,1545.32,119.04,A,2026-09-06,AVAILABLE
d2393faf-7dca-4131-99b5-5b8d3033c354,110ddc55-29f0-44a6-b681-c739851d0f96,c7ebf4b8-4f50-4c0a-9816-6a6769943bce,1718.61,74.69,A,2026-08-25,AVAILABLE
9fa2c322-9062-4236-afae-064090d096e3,979861ee-3317-4399-85a8-450766211c0e,7324117d-fdfd-4313-8e9c-1e922f46ed4f,341.62,71.5,A+,2026-08-28,AVAILABLE
d71024b0-deb0-42d5-87b4-9bb713a9a95b,49a8469f-212b-471b-8192-e4ace6e3cac9,ef45df06-ae20-45cb-9c78-f423589fe7a0,574.23,17.19,A+,2026-08-27,AVAILABLE
11442451-0440-48fb-ab6c-812c448a34f7,ab43d8d3-6fc4-45da-be5c-19e0f2e5df49,6bd8ceef-eebc-4d0b-8d12-2dd14c109468,535.49,90.83,A+,2026-09-08,AVAILABLE
f965677e-8a28-4f1f-83b6-55e9f97789f8,0aa80edd-a830-44e4-8612-13ea02eff97e,ef45df06-ae20-45cb-9c78-f423589fe7a0,120.1,19.05,A+,2026-09-07,AVAILABLE
0b7cc177-eaa8-4a47-98ea-a736323073c0,f239c156-fb93-41c6-9950-410701ddc631,c7ebf4b8-4f50-4c0a-9816-6a6769943bce,675.1,65.45,A+,2026-09-02,AVAILABLE
6dd8ec16-5958-4f3e-af27-bd23cd697d5d,37e82a5b-5303-4240-85cb-904ec24eba1b,6276a613-f3d1-4ca2-b763-bcc62ebbb363,1782.37,115.4,A+,2026-09-09,AVAILABLE
ed18ca2b-7354-44ce-8de4-5bc770f27ab7,ccccf036-db00-450b-8670-d4ba0efb03df,2f6f3a77-07d3-4a5d-9422-277b8cb53de2,1437.69,36.27,B,2026-09-08,AVAILABLE
f7a922ac-91b6-447e-8cfe-482268529b42,71b38914-1a6f-4ae4-a79f-0c887c4903da,59533992-5f56-4fd7-aafc-039199e5d9d6,135.71,61.06,A,2026-08-29,AVAILABLE
0424ca41-9aab-4bbc-ba17-7f1dc790894b,87b485d6-fd1c-41df-a979-abe1569a4114,f1ad8b2f-18d6-4dff-a217-b1353e48b40d,2610.98,131.23,A,2026-09-05,AVAILABLE
f8c20c5f-df0b-44c7-9a66-a919a466d55b,535d7f82-b061-47ce-b642-ec1a13f155b8,653ff738-2173-4c0d-9619-2be06db39e8c,2773.03,42.37,B,2026-08-26,AVAILABLE
9f26600c-110b-42dd-996a-8499fb35faf2,36e7503e-e4d0-4372-bf59-f19d614c80b9,ef45df06-ae20-45cb-9c78-f423589fe7a0,769.72,20.58,A+,2026-08-25,AVAILABLE
cee6621f-1d87-438a-8030-3152aee2e35d,21ea0d7a-0e9d-4f9b-8d41-71b86c803b84,3c31fec3-4390-4ed9-99ac-e13a88d60684,2851.42,47.72,B,2026-08-31,AVAILABLE
174eff07-ba41-4529-b648-b272028a56d2,5e8f4101-6e11-449a-9ab2-ddefb20cec1c,653ff738-2173-4c0d-9619-2be06db39e8c,1298.61,45.98,A+,2026-08-28,AVAILABLE
ec3e9ae9-fbc6-4c14-8da7-15eb719358ba,8ee9c46f-104d-4ed7-ab2e-863c16c0522d,c7ebf4b8-4f50-4c0a-9816-6a6769943bce,1985.22,66.58,A,2026-09-04,AVAILABLE
b7adc3ac-66e7-43dd-b6da-f181aea636bb,3285a726-74ff-4e3c-afe9-6b2117ecbfff,abf9c741-823f-4047-ae80-0254c25dfaf7,2987.4,54.85,A+,2026-09-06,AVAILABLE
bc839d66-2f62-42ed-8354-ba0187c10370,0cda0e53-fdcb-49c2-8c18-b8296a9fe041,59533992-5f56-4fd7-aafc-039199e5d9d6,617.67,60.6,A+,2026-09-06,AVAILABLE
b5523e70-6d78-4b8f-8e89-2185b7718d74,025a50c9-91ce-4596-88d1-305f566a1c5a,ef45df06-ae20-45cb-9c78-f423589fe7a0,1373.57,20.34,A,2026-09-02,AVAILABLE
7c10a545-a4b3-4653-9015-a2ea005da7ae,49a8469f-212b-471b-8192-e4ace6e3cac9,178c56a4-1347-43a1-9c70-b8ad4e14aebd,1848.37,25.84,A,2026-08-22,AVAILABLE
6460e401-ad32-4de0-a8a8-e1c2b4e07c45,97d838df-84e5-4eb0-910f-c216c692e28b,68333e4b-e52f-429e-9139-07cc61dc5eb0,1546.79,28.88,A,2026-08-30,AVAILABLE
cff53a78-3659-42f5-bfa8-9b15fc0d80b0,f0f07b91-641a-42cb-9786-daf994293142,c7ebf4b8-4f50-4c0a-9816-6a6769943bce,740.72,63.22,A+,2026-09-10,AVAILABLE
a1067c26-bf3a-4bb0-a859-560e2639dbbf,b70b968a-91bc-48aa-bfcc-61cf84066d1f,d98d579c-c9b5-454e-8a92-971240c312eb,597.07,47.73,A+,2026-08-27,AVAILABLE
504f457e-d5a4-4cd5-9263-2ea79fbc5262,6e6a737f-4f6f-4558-9ed9-e00d17b7b09c,abf9c741-823f-4047-ae80-0254c25dfaf7,1262.21,41.4,A+,2026-08-29,AVAILABLE
90e12506-a2e4-4dd4-9dad-b1305c2c6fd9,f239c156-fb93-41c6-9950-410701ddc631,ac8068c4-442e-467b-90c9-366eb7fc7bba,1952.87,95.51,A+,2026-09-09,AVAILABLE
4c691228-e5f2-4fed-8c17-ad23b611e066,cc1ac55f-3cd2-4299-9ddf-0358d31a94ed,ac8068c4-442e-467b-90c9-366eb7fc7bba,1650.58,103.06,A+,2026-09-09,AVAILABLE
384a7cdf-4266-4e4a-b316-f344ed5d269e,98f1c437-3b6a-45b1-8973-b4faab62f3ff,ef45df06-ae20-45cb-9c78-f423589fe7a0,1363.5,20.08,B,2026-09-01,AVAILABLE
2d927bc7-3bbb-4f69-8a4a-f6b04e91b0c2,90495f1e-9960-4db1-8625-0fd1483e2a8f,68333e4b-e52f-429e-9139-07cc61dc5eb0,1433.65,29.23,A+,2026-09-08,AVAILABLE
8fafd238-372a-40df-86ef-9215f92c79dd,3285a726-74ff-4e3c-afe9-6b2117ecbfff,6276a613-f3d1-4ca2-b763-bcc62ebbb363,1287.59,108.38,B,2026-09-05,AVAILABLE
0151eaf2-de0f-41e1-a875-618ba661cdd2,9a3ee620-3fb6-4fd4-8d91-db76a318c35d,d98d579c-c9b5-454e-8a92-971240c312eb,810.24,44.42,A+,2026-09-05,AVAILABLE
ee9a2838-4636-44a5-8ebd-718321b1bd63,71b38914-1a6f-4ae4-a79f-0c887c4903da,d98d579c-c9b5-454e-8a92-971240c312eb,1609.55,40.54,A+,2026-08-25,AVAILABLE
f1571681-16c7-4183-8439-1630b5537bcf,0337727d-6dc8-4ac9-ac4b-c9e3b13447b8,55048485-b49a-41a8-831b-42e14f8ce5f9,2743.78,76.47,A,2026-09-06,AVAILABLE
503644c8-7c38-4f7d-a246-74477b144fb6,621432f7-5826-44e1-9f8a-c5233c581b05,ef45df06-ae20-45cb-9c78-f423589fe7a0,983.79,19.45,A+,2026-08-27,AVAILABLE
1f3b2459-3da6-4302-b343-e3e2a3d83f22,ab43d8d3-6fc4-45da-be5c-19e0f2e5df49,abef6b46-97a3-4d47-847a-0a058895e915,1897.88,35.19,B,2026-08-27,AVAILABLE
9e114190-2aa4-4475-a044-075d3e359470,c538d323-4b74-4d7c-b4ec-02dfddd70fff,653ff738-2173-4c0d-9619-2be06db39e8c,713.27,47.15,B,2026-08-27,AVAILABLE
e6441212-4844-4669-b9ff-cd11af312388,cc1ac55f-3cd2-4299-9ddf-0358d31a94ed,3c31fec3-4390-4ed9-99ac-e13a88d60684,892.09,54.01,A+,2026-09-04,AVAILABLE
8dbbf3a7-91bc-42c6-a7d3-621154f3e36c,247c30b9-5365-4f6d-93c8-b4bfdefa1c02,68333e4b-e52f-429e-9139-07cc61dc5eb0,2573.18,29.4,A+,2026-08-22,AVAILABLE
a7f59ec0-02d1-4f07-b647-65eb1f9cc91e,103bd673-5fac-4d44-9abc-b85551b0019d,55048485-b49a-41a8-831b-42e14f8ce5f9,551.1,70.15,A+,2026-08-22,AVAILABLE
1022812c-8251-493f-8d54-b43de315da58,a9d549c0-55b3-4d5b-bbfe-f37ff33978ff,6bd8ceef-eebc-4d0b-8d12-2dd14c109468,2799.92,74.62,A+,2026-09-01,AVAILABLE
8f057ab3-ffbc-44b2-808f-1782e6510524,03b7ae6d-a038-4db4-8c1e-7fc035b55b85,3c31fec3-4390-4ed9-99ac-e13a88d60684,269.58,51.54,A+,2026-09-07,AVAILABLE
3120309c-bf8e-4fbf-9186-15cc0c262823,6fe8f7bd-8c7a-4657-95c4-f428f8fedbf1,2f6f3a77-07d3-4a5d-9422-277b8cb53de2,399.16,34.21,A+,2026-08-25,AVAILABLE
59c52a8d-3aea-4e99-ba6d-d717d36ace3c,03b7ae6d-a038-4db4-8c1e-7fc035b55b85,b64ca3f8-fd63-4652-b8ab-d082ef554f58,838.21,20.45,A+,2026-08-22,AVAILABLE
dd234555-0599-46a5-86a4-c3b3d1f07d46,5e8f4101-6e11-449a-9ab2-ddefb20cec1c,f1ad8b2f-18d6-4dff-a217-b1353e48b40d,1518.11,117.52,A,2026-08-22,AVAILABLE
8c25ff09-61b6-446c-85bf-2b604e094c7e,1b4dea5a-256f-4f00-a847-cd5d3e25e897,abef6b46-97a3-4d47-847a-0a058895e915,1437.47,41.38,A+,2026-09-04,AVAILABLE
e3ca23d1-e886-46e5-8a60-b49538df1410,5cd0a720-0008-47c4-b684-2d3090f39597,3c31fec3-4390-4ed9-99ac-e13a88d60684,2433.65,47.51,A+,2026-09-04,AVAILABLE
ddc50e12-b18e-4918-8727-442a2ad497fe,f618d256-ba80-4fe7-9f25-f73d3b504e6d,3c31fec3-4390-4ed9-99ac-e13a88d60684,1025.86,44.3,A+,2026-08-31,AVAILABLE
