notification_id,user_id,title,message,is_read
5642e640-288a-4d1a-b85a-73821028e229,138b19df-c988-43e7-951c-fb9dda52f167,Mandi Price Update for North Bengaluru,AgriLink North Bengaluru update for account farmer.anand.48@agrilink.in.,True
a396646f-3de1-4030-bf20-dad131b48e0d,c96c2cf9-9234-449a-b8ff-c258c54bafe8,Farmer Direct Payout Credited,AgriLink North Bengaluru update for account farmer.siddarama.120@agrilink.in.,True
ecd4198d-71bd-48cc-b719-bfd89bad1134,ae491d58-901e-435a-a3c5-8907946a316a,Mandi Price Update for North Bengaluru,AgriLink North Bengaluru update for account ops.sunitha.12@agrilink.in.,True
66a921b4-de14-4bc5-a487-2fc26f89bd4d,927b542f-e3cb-44d5-8807-ec8b5f2e6a33,Mandi Price Update for North Bengaluru,AgriLink North Bengaluru update for account hub.girish.8@agrilink.in.,False
c2a4bd53-4853-4ffa-985a-d47e6cbdb02c,d5df2476-d0c5-4b34-8270-f16a2efe1c2d,North BLR Morning Harvest In Stock,AgriLink North Bengaluru update for account farmer.sowmya.75@agrilink.in.,True
a73c89b7-c20d-449e-8c2d-b0bae11321ba,d665519c-efa0-4b46-a855-c0c107bd9c6a,North BLR Morning Harvest In Stock,AgriLink North Bengaluru update for account buyer.venkatesh.77@gmail.com.,True
174072bf-2171-49d8-a84b-6bfed4baf31b,68f4e697-d0d1-4fd0-ae20-9d77ab7abace,Mandi Price Update for North Bengaluru,AgriLink North Bengaluru update for account hub.aditya.25@agrilink.in.,True
6b349b21-2f4f-4812-8209-284c72c5441d,f343ebb2-5f9d-47c3-b022-adfd5d61f8dc,Mandi Price Update for North Bengaluru,AgriLink North Bengaluru update for account farmer.priya.148@agrilink.in.,True
8d92b822-d942-4e88-b0a0-5a329b69b1cb,dbcf0c2f-3004-49ce-bf95-1550c645dc5d,Mandi Price Update for North Bengaluru,AgriLink North Bengaluru update for account farmer.varun.36@agrilink.in.,False
4fa737ec-b6ca-480a-b18e-f5ae8fa3b30e,8c76bf64-85e5-4a66-bc5c-3ee841c461b1,Farmer Direct Payout Credited,AgriLink North Bengaluru update for account farmer.bharath.133@agrilink.in.,True
79a4741a-dc18-4460-bcbe-5c3c5b99711a,cd6a617b-fffe-4ae6-ad14-9a9164c88f07,Yelahanka Hub Order Dispatched,AgriLink North Bengaluru update for account farmer.gautam.70@agrilink.in.,True
0a69f345-3d85-468a-b62c-cca52b7675c2,8166097f-4ebd-4bb8-bb8c-1dec6fafbafd,Farmer Direct Payout Credited,AgriLink North Bengaluru update for account buyer.suresh.81@gmail.com.,True
cd0e4596-72c6-44d9-92e6-442b7b109424,7a0af83e-e0b5-4477-bd53-9d969410d866,Yelahanka Hub Order Dispatched,AgriLink North Bengaluru update for account hub.vinay.12@agrilink.in.,True
88824a1a-fb96-4939-8401-2067098ce145,3eff24e9-8e84-4950-8b7f-cd6c5cfc6d1c,Mandi Price Update for North Bengaluru,AgriLink North Bengaluru update for account buyer.neha.75@gmail.com.,False
fc56a297-df78-4bfb-89f6-540511ebb923,667d6422-96b9-454f-8f84-7e32c382165c,North BLR Morning Harvest In Stock,AgriLink North Bengaluru update for account buyer.neha.74@gmail.com.,True
cf4af934-158c-4191-8aef-b8f4e26d2bbb,83d1914a-989e-4f20-b4af-a763211f5b27,North BLR Morning Harvest In Stock,AgriLink North Bengaluru update for account farmer.rakshith.88@agrilink.in.,True
54615d76-b214-4698-8af0-d705c54f4209,995836e8-8959-476b-9cfb-f1d040e62750,Mandi Price Update for North Bengaluru,AgriLink North Bengaluru update for account farmer.chandrashekar.132@agrilink.in.,True
5457722a-f397-4e0c-afa9-2ef3a96c1872,593749dd-d60e-4233-9255-f4f4460358ca,Manyata Tech Park Express Slot Available,AgriLink North Bengaluru update for account buyer.vinay.64@gmail.com.,False
4c5fdd81-057f-4582-9979-02de3b3c370e,1b1d3222-54b9-4f9f-980a-8c12453f7c67,North BLR Morning Harvest In Stock,AgriLink North Bengaluru update for account buyer.sunitha.92@gmail.com.,True
378bf22c-6b5a-4617-9ac7-d5a2b2f68583,c46e1796-7099-4bca-b49e-d75a46aa7392,Manyata Tech Park Express Slot Available,AgriLink North Bengaluru update for account farmer.pooja.96@agrilink.in.,True
c1175b9a-67b9-44a7-a437-e31ac50986b2,95545331-ca94-41b7-8594-e495117705a0,Farmer Direct Payout Credited,AgriLink North Bengaluru update for account farmer.venkatesh.43@agrilink.in.,True
4141e6d9-afde-4c0d-87e5-9f9b03f35802,4ebc16aa-3544-450a-8fa2-d85a2b989e22,North BLR Morning Harvest In Stock,AgriLink North Bengaluru update for account buyer.chandrashekar.56@gmail.com.,True
0fbda0b9-8b2c-4899-95dc-f54968dfc0c5,95545331-ca94-41b7-8594-e495117705a0,Yelahanka Hub Order Dispatched,AgriLink North Bengaluru update for account farmer.venkatesh.43@agrilink.in.,True
38acc807-41a0-4844-b76e-f303abf84f8d,f3f25540-7fce-46d3-9c91-ed92de824020,Mandi Price Update for North Bengaluru,AgriLink North Bengaluru update for account hub.pooja.5@agrilink.in.,False
7bd663ea-8709-454f-bc4a-b47afa835a9d,7c9212ba-ba2e-42f0-8438-e76096a96dc7,Mandi Price Update for North Bengaluru,AgriLink North Bengaluru update for account farmer.neha.84@agrilink.in.,True
25275c46-aacd-4adc-bf26-5ae3850c9dce,e725698a-73ff-4a06-83df-dacf46a96813,Mandi Price Update for North Bengaluru,AgriLink North Bengaluru update for account buyer.rakshith.66@gmail.com.,True
8f9f38d8-c2d4-45db-aa54-a91463ef8d14,4b67a9d8-3a5b-4900-84fd-a67efbb88b7f,Manyata Tech Park Express Slot Available,AgriLink North Bengaluru update for account farmer.aditya.77@agrilink.in.,True
af257de9-2070-41d6-b2f5-978b30fcf404,7700709f-d0c8-4a98-8b3a-bba5da377121,Mandi Price Update for North Bengaluru,AgriLink North Bengaluru update for account buyer.lakshmi.50@gmail.com.,True
a2fe4456-7824-4a58-a139-e0fc309b616c,0e9845a6-c188-4c7a-bf3f-4490ff159bfc,North BLR Morning Harvest In Stock,AgriLink North Bengaluru update for account buyer.chetan.94@gmail.com.,False
455f250f-f70c-4358-a033-3e5fba2bcc1b,c6516e97-1794-4415-8b3f-2dc3fe0c93cd,Mandi Price Update for North Bengaluru,AgriLink North Bengaluru update for account farmer.girish.22@agrilink.in.,False
2a08aff3-dddc-4760-bc4c-cb734cbf5fe4,983fcee0-0e77-4bcb-817a-e993350bab88,North BLR Morning Harvest In Stock,AgriLink North Bengaluru update for account farmer.priya.117@agrilink.in.,False
cf267859-bc5f-4e1a-8094-da027f28f1f8,f1247134-bff8-4a82-9923-7b7ddcf8a8e2,Mandi Price Update for North Bengaluru,AgriLink North Bengaluru update for account farmer.bharath.45@agrilink.in.,False
13ff6d72-8272-4a3b-ad66-93f69ba0e8f6,deb587ae-3a92-4b8d-8250-53de3d4bd97d,Farmer Direct Payout Credited,AgriLink North Bengaluru update for account farmer.varun.57@agrilink.in.,False
48ac6a8f-2ae7-4af8-8d1a-4044e2668a52,c6516e97-1794-4415-8b3f-2dc3fe0c93cd,Manyata Tech Park Express Slot Available,AgriLink North Bengaluru update for account farmer.girish.22@agrilink.in.,True
c5d83171-07b9-4f65-baeb-1d4734b8213c,904c78bb-6e29-439c-a308-5f4b0df0acf4,Yelahanka Hub Order Dispatched,AgriLink North Bengaluru update for account farmer.suresh.127@agrilink.in.,False
a0431827-2d66-4b19-942f-267892ba467a,4687b625-4367-44c2-8324-06c12ed53082,Mandi Price Update for North Bengaluru,AgriLink North Bengaluru update for account farmer.gautam.145@agrilink.in.,True
48c0a4f8-68d8-4618-9a24-7623ac50ab58,97125298-fec2-4da9-87a6-336595636994,Farmer Direct Payout Credited,AgriLink North Bengaluru update for account farmer.gowramma.114@agrilink.in.,True
545e79e1-d375-49c1-8431-5a753287d874,6ece3927-e8b8-4a98-a58d-70519d24c1be,Farmer Direct Payout Credited,AgriLink North Bengaluru update for account buyer.deepak.43@gmail.com.,True
cded0945-7fb1-4f2a-b332-aa633fb758f1,4a28ef9c-ee7a-477a-82b7-ada32b72da22,Mandi Price Update for North Bengaluru,AgriLink North Bengaluru update for account buyer.shilpa.85@gmail.com.,True
4c483d45-8df1-47b8-b8c1-68e562ad5990,1fc8658c-21f7-4360-8240-d5a3e810318a,Yelahanka Hub Order Dispatched,AgriLink North Bengaluru update for account buyer.darshan.53@gmail.com.,False
8c1aff82-2f16-408c-95cf-7ea6e912809d,a22e6049-6f99-43f8-93f5-4d4e5e1ce7a8,Mandi Price Update for North Bengaluru,AgriLink North Bengaluru update for account farmer.roopa.23@agrilink.in.,False
ddbdafee-a59c-4eca-936a-b7bb7cb444aa,0fa5e7a4-a3d7-4f9f-9e3c-b64ef46391c9,Mandi Price Update for North Bengaluru,AgriLink North Bengaluru update for account farmer.sunitha.144@agrilink.in.,False
87fa4e41-2473-42fb-a382-accf34db7f83,1c4cf2bc-ef56-463a-9b96-09672c27ee20,Mandi Price Update for North Bengaluru,AgriLink North Bengaluru update for account buyer.darshan.46@gmail.com.,True
7c6e3f2b-d54c-4437-aa72-5d4d7e671573,22c82d70-baf1-4470-bfdc-b1a9bc5f419b,Mandi Price Update for North Bengaluru,AgriLink North Bengaluru update for account farmer.suresh.135@agrilink.in.,False
b2c7e76f-7ce9-4f08-ae7e-b975fe388891,8615918e-0367-4f8d-b23b-5d33b313d851,Farmer Direct Payout Credited,AgriLink North Bengaluru update for account farmer.gowramma.13@agrilink.in.,False
88b0a658-8d14-4837-b1d7-2d894ba142c1,4e465036-3cdb-4687-b9a1-25ec9d79ef85,Farmer Direct Payout Credited,AgriLink North Bengaluru update for account hub.gowramma.11@agrilink.in.,True
f04a4b72-5804-4205-a48b-5080d348323a,7aa8c827-7f78-498e-b07f-3ae4780f1aff,Manyata Tech Park Express Slot Available,AgriLink North Bengaluru update for account farmer.siddarama.33@agrilink.in.,True
b53482ad-4bec-4363-88eb-b60a97fc42e9,cd5a064f-9747-4b08-886f-3c4fd0cf5a44,Mandi Price Update for North Bengaluru,AgriLink North Bengaluru update for account farmer.bharath.78@agrilink.in.,False
5ded9e8e-305d-46eb-84bd-3266a3e34a11,e2db7302-d399-4016-affc-153bbcc41974,Manyata Tech Park Express Slot Available,AgriLink North Bengaluru update for account farmer.suresh.52@agrilink.in.,True
e2049608-4315-4b79-a3e2-33ab704004b8,6737f810-5e6b-4d03-b315-c31d1df4199f,Farmer Direct Payout Credited,AgriLink North Bengaluru update for account farmer.manjunath.81@agrilink.in.,True
e47c2c92-7793-4d2f-b54d-a8049d5fa073,1fab75d2-19aa-4cbe-bc0c-da5c5a3ff437,Manyata Tech Park Express Slot Available,AgriLink North Bengaluru update for account farmer.rahul.124@agrilink.in.,False
66cfc792-6117-49a6-a915-0de726b02dd3,a616ce3d-96de-4a53-a404-a7cb2f6ca660,Mandi Price Update for North Bengaluru,AgriLink North Bengaluru update for account hub.bharath.27@agrilink.in.,True
7228414a-1b9c-4116-a717-8ec43f4fa37e,b0c8c6d2-b5b9-4390-bee5-50c84875728f,Mandi Price Update for North Bengaluru,AgriLink North Bengaluru update for account farmer.siddarama.0@agrilink.in.,True
22517b74-db5b-4035-9478-89c5c51cc1ee,ab82a9c8-9012-4c06-b8ee-149440135336,Farmer Direct Payout Credited,AgriLink North Bengaluru update for account farmer.karthik.113@agrilink.in.,True
cb5544f5-87c6-476e-9598-5fde5e20694b,b5fb5987-cf92-45aa-ac68-a63535aaf2ee,Mandi Price Update for North Bengaluru,AgriLink North Bengaluru update for account buyer.venkatesh.54@gmail.com.,True
27d43307-8935-4367-920c-9a091dffeacf,6c2e7090-8602-4df1-bdf0-9c6410ac427a,Yelahanka Hub Order Dispatched,AgriLink North Bengaluru update for account hub.varun.6@agrilink.in.,True
17075499-8e1d-41fb-a746-7aa923b3de00,b3084ea0-8618-4bd8-86f6-8ebe482d44cd,Manyata Tech Park Express Slot Available,AgriLink North Bengaluru update for account farmer.lakshmi.21@agrilink.in.,True
8912b7f0-493e-4f21-ae72-0dc4868b549d,995836e8-8959-476b-9cfb-f1d040e62750,Manyata Tech Park Express Slot Available,AgriLink North Bengaluru update for account farmer.chandrashekar.132@agrilink.in.,False
1e6a69a1-de76-4c65-b727-5427fc5760f6,4b67a9d8-3a5b-4900-84fd-a67efbb88b7f,Mandi Price Update for North Bengaluru,AgriLink North Bengaluru update for account farmer.aditya.77@agrilink.in.,False
cbac35ce-97a4-4f6f-ac7c-9d8c91ccd013,fddc076e-1abc-4b41-8dc5-e111ea368eaf,North BLR Morning Harvest In Stock,AgriLink North Bengaluru update for account ops.priya.14@agrilink.in.,False
1e1ff33d-3b8f-47e2-a164-882429b68b2d,ef9ac141-549f-413a-8676-22702ec1ce11,Mandi Price Update for North Bengaluru,AgriLink North Bengaluru update for account farmer.prajwal.11@agrilink.in.,True
2131a751-d0df-4fec-9725-1943bc3be0b4,f1247134-bff8-4a82-9923-7b7ddcf8a8e2,Farmer Direct Payout Credited,AgriLink North Bengaluru update for account farmer.bharath.45@agrilink.in.,True
c01242cd-24af-428b-af84-575ca8505426,f84df46d-e323-4e22-bec3-ff2bd152ccd4,North BLR Morning Harvest In Stock,AgriLink North Bengaluru update for account farmer.darshan.109@agrilink.in.,True
5f28653c-c0f0-40d9-9c22-d1494f12e028,904c78bb-6e29-439c-a308-5f4b0df0acf4,Farmer Direct Payout Credited,AgriLink North Bengaluru update for account farmer.suresh.127@agrilink.in.,True
4a57fdff-aa94-4d92-bf00-11102d1128f0,a3f01b2a-ddb3-4d55-b263-b07c775dd1da,Yelahanka Hub Order Dispatched,AgriLink North Bengaluru update for account farmer.deepak.83@agrilink.in.,True
d12fb00d-4a34-44ac-9509-f1df65566e42,0b0a991b-00e2-45d4-881d-5b369c8de8eb,North BLR Morning Harvest In Stock,AgriLink North Bengaluru update for account buyer.darshan.58@gmail.com.,True
da517e46-238a-4e54-ac18-e035b79ae5a2,f84df46d-e323-4e22-bec3-ff2bd152ccd4,Manyata Tech Park Express Slot Available,AgriLink North Bengaluru update for account farmer.darshan.109@agrilink.in.,True
2ef8512b-8faa-4137-a4fd-68b770f967a3,0b0a991b-00e2-45d4-881d-5b369c8de8eb,North BLR Morning Harvest In Stock,AgriLink North Bengaluru update for account buyer.darshan.58@gmail.com.,False
9df0aa17-670b-43da-bbab-407a9a0aa259,ab4b2612-4079-40e5-91e2-cf4538e6d1cc,Yelahanka Hub Order Dispatched,AgriLink North Bengaluru update for account farmer.shilpa.95@agrilink.in.,True
ee0b43fb-2f00-44f8-854c-94d1ddda6fe4,d897d730-6fea-48d8-8eca-3b287c08ff94,Farmer Direct Payout Credited,AgriLink North Bengaluru update for account farmer.suresh.130@agrilink.in.,True
707d2ec2-d405-4f81-8ee7-8fee5837a7b7,4e465036-3cdb-4687-b9a1-25ec9d79ef85,North BLR Morning Harvest In Stock,AgriLink North Bengaluru update for account hub.gowramma.11@agrilink.in.,False
361a2640-6599-4ea2-9b9b-1996e6b7774a,c62aefb7-99a1-470d-a739-2548c56f037b,North BLR Morning Harvest In Stock,AgriLink North Bengaluru update for account buyer.shiva.20@gmail.com.,True
702e433f-3313-428a-a6fc-9d1d7f4a1f56,908ea461-c626-49b6-8e23-f4bce8d99406,Farmer Direct Payout Credited,AgriLink North Bengaluru update for account buyer.lakshmi.34@gmail.com.,False
c087c6d3-a0f5-4428-9332-bfad7bf72ed9,6faddf13-c939-4c3c-8832-21e2c5708f4e,Yelahanka Hub Order Dispatched,AgriLink North Bengaluru update for account hub.venkatesh.3@agrilink.in.,False
3542f126-c143-4d21-9bad-a2ada2836c12,79af261d-2d26-4762-b060-cdf35c6475ce,Mandi Price Update for North Bengaluru,AgriLink North Bengaluru update for account farmer.lakshmi.63@agrilink.in.,True
c1f14f7c-6773-4fcf-9592-a134a6ab8a3f,a7022217-17e5-4e35-9744-8361f0f19821,Farmer Direct Payout Credited,AgriLink North Bengaluru update for account buyer.girish.69@gmail.com.,True
37d9c4fc-729d-4f31-9faf-e9a94928ed4d,f0567104-3984-4f39-b1e2-e98e4f20526f,Yelahanka Hub Order Dispatched,AgriLink North Bengaluru update for account farmer.rakshith.16@agrilink.in.,True
f24d5bcd-db4b-4e81-898c-8f010e69deec,f343ebb2-5f9d-47c3-b022-adfd5d61f8dc,Farmer Direct Payout Credited,AgriLink North Bengaluru update for account farmer.priya.148@agrilink.in.,True
8ff236ba-bbd6-4ed5-a89b-e3705749ddfa,e615ddf3-797c-499c-9d7f-9ee782fd0b07,Manyata Tech Park Express Slot Available,AgriLink North Bengaluru update for account ops.deepak.10@agrilink.in.,False
a3b47eca-b8c6-459d-bd65-9b31a1959834,b5b2acc4-c5f6-41f8-8aaa-1ec5b30860df,Manyata Tech Park Express Slot Available,AgriLink North Bengaluru update for account farmer.aditya.32@agrilink.in.,True
86710fde-283d-4fda-981e-801008eb5915,6934ce95-9ac3-4a65-89c6-c26a11ddf92a,North BLR Morning Harvest In Stock,AgriLink North Bengaluru update for account buyer.bharath.97@gmail.com.,True
f8e34d2c-56cd-4d33-987c-cd00a7f623df,12ef2652-9bb5-4163-89be-9178de5fbf14,Farmer Direct Payout Credited,AgriLink North Bengaluru update for account farmer.pooja.64@agrilink.in.,True
90ccfd89-b56f-4a22-8a2a-5deb46071050,68f4e697-d0d1-4fd0-ae20-9d77ab7abace,Mandi Price Update for North Bengaluru,AgriLink North Bengaluru update for account hub.aditya.25@agrilink.in.,True
63ae214a-0346-4cef-b601-057c7684bd1c,b3084ea0-8618-4bd8-86f6-8ebe482d44cd,Mandi Price Update for North Bengaluru,AgriLink North Bengaluru update for account farmer.lakshmi.21@agrilink.in.,True
421cec6d-6239-4b73-9bbc-6c840fa47700,06b2bfe7-297e-4465-8971-0f7a01b8c2b8,Manyata Tech Park Express Slot Available,AgriLink North Bengaluru update for account farmer.karthik.1@agrilink.in.,False
70378e29-2246-4c25-8d11-821c871a8d39,93dd4eab-3d90-453e-bf2f-01889e54202c,Yelahanka Hub Order Dispatched,AgriLink North Bengaluru update for account ops.suresh.2@agrilink.in.,True
341ccd81-7dba-4952-afe4-7b3751eb299a,33844492-6f7e-4bcd-821b-d6686fd0d6a2,North BLR Morning Harvest In Stock,AgriLink North Bengaluru update for account farmer.harish.139@agrilink.in.,False
fccfec69-8067-4d7b-a8ec-dbcd3d402355,f07e4d0a-d6c0-470b-a666-2fbcb200169d,Manyata Tech Park Express Slot Available,AgriLink North Bengaluru update for account farmer.roopa.138@agrilink.in.,True
d4df460e-1a54-4895-9389-942e45547128,cc534bc4-3c3b-4b17-8257-3b59d6c2eb5e,Yelahanka Hub Order Dispatched,AgriLink North Bengaluru update for account farmer.tejas.53@agrilink.in.,False
e5db9ada-e1a3-4655-99c9-691e5fcff3e5,8354a6bd-1e0c-4873-ba9b-1907f42db022,Manyata Tech Park Express Slot Available,AgriLink North Bengaluru update for account farmer.meghana.94@agrilink.in.,True
b0c38443-79ef-4667-ab7e-08340b94cd18,368152d3-2bbc-4220-ae10-b907419844b6,Farmer Direct Payout Credited,AgriLink North Bengaluru update for account buyer.aditya.42@gmail.com.,True
dacd011b-159b-4563-a28a-441443372f82,e725698a-73ff-4a06-83df-dacf46a96813,Mandi Price Update for North Bengaluru,AgriLink North Bengaluru update for account buyer.rakshith.66@gmail.com.,True
bf17ad99-47d6-4c79-b1ee-c87ecb350534,68f4e697-d0d1-4fd0-ae20-9d77ab7abace,Mandi Price Update for North Bengaluru,AgriLink North Bengaluru update for account hub.aditya.25@agrilink.in.,True
113da5a3-1a5b-4deb-bdfa-541f49789554,b705c6ef-f836-457c-b08a-ad01a91f1c9e,Manyata Tech Park Express Slot Available,AgriLink North Bengaluru update for account ops.prajwal.17@agrilink.in.,True
58b28b2b-b2be-4217-a1d5-cbac59be5774,adc8746c-b2c8-4b62-abc7-78a0fc2967f6,Manyata Tech Park Express Slot Available,AgriLink North Bengaluru update for account ops.chetan.1@agrilink.in.,False
ba8f3460-baa4-4fa3-bdb1-9b2b6a0750e7,6ec97c20-5060-4cb6-977b-e22106b4c7a2,Manyata Tech Park Express Slot Available,AgriLink North Bengaluru update for account hub.sowmya.9@agrilink.in.,True
fd652c71-ae94-4605-89ee-8c4db115d8fc,14e0229e-740d-4749-8f87-c84ae44563b9,North BLR Morning Harvest In Stock,AgriLink North Bengaluru update for account buyer.tejas.9@gmail.com.,False
d8b41e3a-5d3c-4c95-836e-b3d86b0acb0a,bff6c93b-2463-4ffe-ae1f-684344088eca,Mandi Price Update for North Bengaluru,AgriLink North Bengaluru update for account buyer.shiva.24@gmail.com.,False
238b6e4d-4912-4447-a0bf-95d808bf5595,d8991e0a-550a-40f2-ac3a-6bb411f7b244,North BLR Morning Harvest In Stock,AgriLink North Bengaluru update for account buyer.harish.10@gmail.com.,True
72e17b97-dd6b-45b4-bfbd-00180236e005,79af261d-2d26-4762-b060-cdf35c6475ce,Mandi Price Update for North Bengaluru,AgriLink North Bengaluru update for account farmer.lakshmi.63@agrilink.in.,True
966d2777-9646-4430-8204-4fadec88f92b,a4f07f92-3935-487a-8d08-32acb720da27,North BLR Morning Harvest In Stock,AgriLink North Bengaluru update for account farmer.gautam.92@agrilink.in.,True
efa6239d-94fe-479c-86a5-9da335595efe,0e9845a6-c188-4c7a-bf3f-4490ff159bfc,Farmer Direct Payout Credited,AgriLink North Bengaluru update for account buyer.chetan.94@gmail.com.,True
4bf64dc8-47e7-4019-a79a-4f3b849dfee7,9f533436-cee1-440e-b86f-fe34a021f6a2,North BLR Morning Harvest In Stock,AgriLink North Bengaluru update for account buyer.sowmya.45@gmail.com.,False
1f8dc155-563b-4bbe-803c-d025f2e73e6d,f7c9b1e4-2815-475e-bdf2-960772bb42fb,North BLR Morning Harvest In Stock,AgriLink North Bengaluru update for account farmer.gautam.58@agrilink.in.,False
6288d0c6-cb12-4442-8d55-3302c1f79b26,94e91b9f-e0f3-4dbc-a22a-fb492b9bbed5,Manyata Tech Park Express Slot Available,AgriLink North Bengaluru update for account farmer.pavitra.40@agrilink.in.,True
9a4d8b76-e9cd-4cb0-8357-b56fb3dea67b,bbc80609-7b21-4e43-9c2b-b645e36980fc,Yelahanka Hub Order Dispatched,AgriLink North Bengaluru update for account farmer.girish.31@agrilink.in.,True
5100f93d-5df0-4f16-981f-b6f38eb8cdd4,68f4e697-d0d1-4fd0-ae20-9d77ab7abace,Mandi Price Update for North Bengaluru,AgriLink North Bengaluru update for account hub.aditya.25@agrilink.in.,False
3c3ed0fd-87b7-4680-bc7e-877500477a3f,70c26370-a9dd-46db-9a96-22801ad48490,Manyata Tech Park Express Slot Available,AgriLink North Bengaluru update for account farmer.sowmya.106@agrilink.in.,False
48811900-af22-4834-8787-6446a0cb260e,904c78bb-6e29-439c-a308-5f4b0df0acf4,Manyata Tech Park Express Slot Available,AgriLink North Bengaluru update for account farmer.suresh.127@agrilink.in.,True
c4414c8e-ce6c-4bea-98fe-32873a676e02,12ef2652-9bb5-4163-89be-9178de5fbf14,North BLR Morning Harvest In Stock,AgriLink North Bengaluru update for account farmer.pooja.64@agrilink.in.,True
beadff51-1c1c-444d-b306-8f765dbf5cf2,639f6233-fbdc-4078-bf1b-7f8d54f1f70f,Farmer Direct Payout Credited,AgriLink North Bengaluru update for account ops.pooja.16@agrilink.in.,False
91251f81-4e65-4a77-8891-a43d1d367b8d,57004c9d-56fe-48e9-9399-d278ccd80478,Mandi Price Update for North Bengaluru,AgriLink North Bengaluru update for account buyer.karthik.40@gmail.com.,True
1d96e290-d2d2-4c37-9ce2-150859a21f6f,b3bfe8f1-e9f1-4d3b-a015-0adf1b1e0cfc,Manyata Tech Park Express Slot Available,AgriLink North Bengaluru update for account buyer.aditya.44@gmail.com.,True
bb28963f-70fe-42fb-b497-767e3b9178c5,4c2f58be-a9b8-4746-aed0-60a86540795c,North BLR Morning Harvest In Stock,AgriLink North Bengaluru update for account farmer.vinay.25@agrilink.in.,True
de4a2e1b-8e76-49e5-9769-58e93733dd3c,7a1144c9-05f0-43b7-8ea4-b8769892f0b0,Farmer Direct Payout Credited,AgriLink North Bengaluru update for account ops.meghana.13@agrilink.in.,True
6f68431f-a2e8-49a6-9380-4b3e0c5810ac,e386a3c5-3a6c-498a-9a5d-5a6ea42112bf,Mandi Price Update for North Bengaluru,AgriLink North Bengaluru update for account buyer.basavaraj.2@gmail.com.,True
f85c0b38-3a1a-40f9-80f6-eb357fd97f01,80f474dd-8393-4748-9ec9-5c7c1dcd9c8f,Yelahanka Hub Order Dispatched,AgriLink North Bengaluru update for account farmer.nandini.128@agrilink.in.,True
790dc535-e603-439d-b966-6c3fb050ae58,bfa65fe6-cae4-4468-a097-7eff86b15702,Manyata Tech Park Express Slot Available,AgriLink North Bengaluru update for account buyer.shiva.0@gmail.com.,False
954ffd13-a18f-4461-b5c8-4b8a46c72a19,4837746c-8912-46b7-a007-bd55d1f12b64,Mandi Price Update for North Bengaluru,AgriLink North Bengaluru update for account farmer.chandrashekar.140@agrilink.in.,True
139cc189-f450-434d-a9de-1262e70e4828,3b67a860-8524-4b75-8aa4-dcf1574ad09c,Manyata Tech Park Express Slot Available,AgriLink North Bengaluru update for account buyer.sneha.72@gmail.com.,False
9b6116b3-6164-472f-8eb9-32bc0dfd4b81,09dd2bed-32b2-4101-b940-fbc64f851b14,North BLR Morning Harvest In Stock,AgriLink North Bengaluru update for account buyer.girish.60@gmail.com.,False
595d6caf-64be-4459-af99-6d1cf75f77fd,e80e0b0b-349f-454d-a204-881b2021f2c2,Farmer Direct Payout Credited,AgriLink North Bengaluru update for account buyer.rahul.73@gmail.com.,True
5b3dbb50-6034-4a28-9b63-f26aabbaedc2,11d257ed-3c00-4188-9366-1077198a55dc,Farmer Direct Payout Credited,AgriLink North Bengaluru update for account farmer.aditya.7@agrilink.in.,False
c539f820-66be-4fb6-b2bd-2c86dfb7a83e,e725698a-73ff-4a06-83df-dacf46a96813,Farmer Direct Payout Credited,AgriLink North Bengaluru update for account buyer.rakshith.66@gmail.com.,False
eb4d540b-5498-4a6c-b2ad-5a9c160067ab,a0f236c9-24b6-48c0-ad49-aa5b5eec158e,Farmer Direct Payout Credited,AgriLink North Bengaluru update for account buyer.rahul.76@gmail.com.,True
124693b9-7873-47ff-8175-ffdac05bcec4,adc8cc83-49af-446e-ac88-74f36ebd5673,Mandi Price Update for North Bengaluru,AgriLink North Bengaluru update for account farmer.siddarama.14@agrilink.in.,False
ca51c238-4a14-4278-8e74-7825ea95f8ec,5e70f21a-b105-443c-a6b1-75c5b4fecdea,Farmer Direct Payout Credited,AgriLink North Bengaluru update for account buyer.anand.7@gmail.com.,True
333ef2f2-afa8-42b3-83bc-ef133bdcf32c,2ebd00b4-691a-4ebe-8c04-030a741e9a91,Mandi Price Update for North Bengaluru,AgriLink North Bengaluru update for account farmer.prajwal.98@agrilink.in.,True
d6de0545-cc2e-4206-9018-20e65d5de7e2,adc8cc83-49af-446e-ac88-74f36ebd5673,Manyata Tech Park Express Slot Available,AgriLink North Bengaluru update for account farmer.siddarama.14@agrilink.in.,True
47fc5c77-af94-4351-af93-d537e94df4f3,1fab75d2-19aa-4cbe-bc0c-da5c5a3ff437,Farmer Direct Payout Credited,AgriLink North Bengaluru update for account farmer.rahul.124@agrilink.in.,False
46388c8e-1a2c-4283-b5e4-c63766df84cc,3a58b2ff-4687-4371-bc69-57610a6a50c5,Manyata Tech Park Express Slot Available,AgriLink North Bengaluru update for account buyer.rakshith.57@gmail.com.,True
0a0a49bc-08e7-4199-a17b-6c22e3a609f5,8354a6bd-1e0c-4873-ba9b-1907f42db022,Manyata Tech Park Express Slot Available,AgriLink North Bengaluru update for account farmer.meghana.94@agrilink.in.,False
29e43339-f18f-4b05-b331-5576543a451e,f343ebb2-5f9d-47c3-b022-adfd5d61f8dc,North BLR Morning Harvest In Stock,AgriLink North Bengaluru update for account farmer.priya.148@agrilink.in.,True
ce4fc30b-4d0c-4689-8c65-a11184504ee9,1fc8658c-21f7-4360-8240-d5a3e810318a,Farmer Direct Payout Credited,AgriLink North Bengaluru update for account buyer.darshan.53@gmail.com.,True
914c784d-bd2f-41f3-8da1-502ea8285bb0,e8e8213b-d390-44b2-b341-4fdf7afdf02b,Yelahanka Hub Order Dispatched,AgriLink North Bengaluru update for account buyer.meghana.27@gmail.com.,True
fd052306-636e-42fb-a36a-d3ce9d5cda84,31e8a823-9f9d-4f0b-8ef0-1a1def6ebf2a,Manyata Tech Park Express Slot Available,AgriLink North Bengaluru update for account farmer.pooja.4@agrilink.in.,True
fced759e-49cb-48ff-9212-4c2fbc79ca95,ab4b2612-4079-40e5-91e2-cf4538e6d1cc,North BLR Morning Harvest In Stock,AgriLink North Bengaluru update for account farmer.shilpa.95@agrilink.in.,True
3617264e-86ae-41af-8849-f4758de09b88,4b67a9d8-3a5b-4900-84fd-a67efbb88b7f,Farmer Direct Payout Credited,AgriLink North Bengaluru update for account farmer.aditya.77@agrilink.in.,True
a8a6a995-66f7-46eb-ab05-762ec8fdc422,8166097f-4ebd-4bb8-bb8c-1dec6fafbafd,Manyata Tech Park Express Slot Available,AgriLink North Bengaluru update for account buyer.suresh.81@gmail.com.,False
5e98f4bb-e6ac-4c23-80e1-44ae167a9254,1b1d3222-54b9-4f9f-980a-8c12453f7c67,Farmer Direct Payout Credited,AgriLink North Bengaluru update for account buyer.sunitha.92@gmail.com.,False
48f6d1ef-4729-44ab-883a-76ab83914198,20b568f3-d4d6-4c51-880a-0cf05f29bd10,Farmer Direct Payout Credited,AgriLink North Bengaluru update for account farmer.nandini.68@agrilink.in.,True
a093bc6e-ec20-4558-bd82-92210cba7660,c59c0e86-2e5e-4533-afd5-034831c96b6d,Manyata Tech Park Express Slot Available,AgriLink North Bengaluru update for account farmer.sunitha.34@agrilink.in.,True
2c43fdc9-315f-4842-8a09-6316338df0d3,cc534bc4-3c3b-4b17-8257-3b59d6c2eb5e,North BLR Morning Harvest In Stock,AgriLink North Bengaluru update for account farmer.tejas.53@agrilink.in.,True
d64ef1c7-f552-4058-a621-19143a99e49d,c0e27365-5196-465f-959e-b585e87e7ad5,North BLR Morning Harvest In Stock,AgriLink North Bengaluru update for account farmer.rakshith.143@agrilink.in.,True
0ce8836a-5061-4b7c-8ca7-1768bf1350c9,57004c9d-56fe-48e9-9399-d278ccd80478,Mandi Price Update for North Bengaluru,AgriLink North Bengaluru update for account buyer.karthik.40@gmail.com.,False
5f0a9aab-a0e4-4443-8199-83c253e5379d,9cb1034a-8384-43c8-b0bc-d3b7a75c909f,Mandi Price Update for North Bengaluru,AgriLink North Bengaluru update for account hub.karthik.23@agrilink.in.,True
d55ed7c0-5505-4c84-a7c7-8aedebe0a2f6,d589e9b9-3a4b-48a6-b51a-ae989061d192,North BLR Morning Harvest In Stock,AgriLink North Bengaluru update for account buyer.aditya.48@gmail.com.,True
a691f262-7e71-45f5-baf6-dda8ed9252cc,2d834961-fcc6-477f-929b-be7f32d285ae,North BLR Morning Harvest In Stock,AgriLink North Bengaluru update for account hub.gautam.24@agrilink.in.,True
97f4f36a-2b80-4fde-b682-d73f57b1be49,1b1d3222-54b9-4f9f-980a-8c12453f7c67,Mandi Price Update for North Bengaluru,AgriLink North Bengaluru update for account buyer.sunitha.92@gmail.com.,True
93fe94bd-0cab-4306-ba5e-0cc8ea2e45b0,d3450dd4-dfec-4248-8543-094134634518,Manyata Tech Park Express Slot Available,AgriLink North Bengaluru update for account buyer.arjun.52@gmail.com.,True
d964e791-0ffa-4746-8bd2-55e64b1f8083,6faddf13-c939-4c3c-8832-21e2c5708f4e,Mandi Price Update for North Bengaluru,AgriLink North Bengaluru update for account hub.venkatesh.3@agrilink.in.,True
897a3595-b1a7-4f37-b6a2-256b40e039c5,297887bf-be54-4e08-b5ac-9c1f8a60c6ad,North BLR Morning Harvest In Stock,AgriLink North Bengaluru update for account farmer.karthik.100@agrilink.in.,True
68d8574f-78fa-4235-a697-cfac22013834,3e07dc76-7dd1-4f11-8060-0cd5259bfb3f,Mandi Price Update for North Bengaluru,AgriLink North Bengaluru update for account ops.bharath.15@agrilink.in.,False
b664ac33-6441-445c-b474-d7fa4dc881dd,d665519c-efa0-4b46-a855-c0c107bd9c6a,North BLR Morning Harvest In Stock,AgriLink North Bengaluru update for account buyer.venkatesh.77@gmail.com.,False
38fe8389-ce8a-4964-8a8e-c0560426d01c,f60372bd-e431-49d9-bb16-8e677a5c8a66,Yelahanka Hub Order Dispatched,AgriLink North Bengaluru update for account buyer.shiva.78@gmail.com.,True
28d08304-c821-4f9f-9422-5f194f8df66a,03957489-a631-41f1-ad0b-e57a2163c945,Farmer Direct Payout Credited,AgriLink North Bengaluru update for account buyer.shiva.59@gmail.com.,True
2a6162d1-668a-4fb9-bcea-820e60a869bf,bf189b0d-4b93-44d5-8da8-05bff4b21b85,North BLR Morning Harvest In Stock,AgriLink North Bengaluru update for account buyer.harish.67@gmail.com.,True
38f1e223-e965-46a7-9d16-2536a5fc56db,fa79d226-af8a-4081-be9b-d6bac09bd1a4,Yelahanka Hub Order Dispatched,AgriLink North Bengaluru update for account farmer.venkatesh.56@agrilink.in.,True
64233fa0-d79e-4e0d-b1e8-97a4e9807fa2,295d0d37-cabb-449f-a35c-315c12e87b98,Mandi Price Update for North Bengaluru,AgriLink North Bengaluru update for account farmer.pooja.104@agrilink.in.,False
7ca92dd9-6a36-489c-8614-a65352e0e51a,983fcee0-0e77-4bcb-817a-e993350bab88,Manyata Tech Park Express Slot Available,AgriLink North Bengaluru update for account farmer.priya.117@agrilink.in.,False
d577f5ed-fdc3-4979-a749-4024755bbd4d,c1704a44-5aa7-4d85-ba88-edbec5591985,Manyata Tech Park Express Slot Available,AgriLink North Bengaluru update for account farmer.venkatesh.116@agrilink.in.,False
678aaf0d-6c09-4bdf-b905-d029080c2849,3222469d-4132-45e8-9295-4c8a04a60798,Mandi Price Update for North Bengaluru,AgriLink North Bengaluru update for account buyer.vinay.47@gmail.com.,True
ca58add4-8d22-49f9-b421-1840d141b11a,6c673b55-a511-4862-9c51-d874430e6777,Mandi Price Update for North Bengaluru,AgriLink North Bengaluru update for account buyer.rahul.86@gmail.com.,False
adc1bbf6-e25a-4144-83fa-e6fd3acc6cbf,c664a261-3c61-4693-b1a2-540de150b251,Farmer Direct Payout Credited,AgriLink North Bengaluru update for account farmer.girish.86@agrilink.in.,False
7c45ba55-975a-4937-8d3a-e91e0b884ab9,de99bbdb-0fbd-4365-8bd6-0612d03a361d,Yelahanka Hub Order Dispatched,AgriLink North Bengaluru update for account hub.suresh.13@agrilink.in.,False
84c36cc6-c4ac-4536-a1ca-50e02eae9bc4,fd192e33-e784-45ca-9f63-518eecdefbeb,North BLR Morning Harvest In Stock,AgriLink North Bengaluru update for account farmer.aditya.65@agrilink.in.,True
5631f088-a219-4e3f-bc61-6e9dc37a9453,c84d0cac-a879-41ca-8d9d-66bd94e90ec1,Yelahanka Hub Order Dispatched,AgriLink North Bengaluru update for account ops.bharath.5@agrilink.in.,True
b2caf32e-5a3a-4ba0-90b1-d9eda4198dd0,d562c4b0-fcda-4fb8-95e7-79d2873929f8,Farmer Direct Payout Credited,AgriLink North Bengaluru update for account buyer.manjunath.16@gmail.com.,False
1948c4a8-49ff-4665-a14d-b87d833cac39,cab5ef4b-8589-4ae6-b82d-3215aa4a83b8,North BLR Morning Harvest In Stock,AgriLink North Bengaluru update for account farmer.anand.137@agrilink.in.,True
2a05ac82-f5ae-4c6a-b496-462a5e149ecf,a7022217-17e5-4e35-9744-8361f0f19821,Farmer Direct Payout Credited,AgriLink North Bengaluru update for account buyer.girish.69@gmail.com.,False
f8b7a9e4-18b7-47dd-9e1c-139572251451,cc3536f1-ec83-4612-bc52-057dbce7ab68,Farmer Direct Payout Credited,AgriLink North Bengaluru update for account buyer.lakshmi.38@gmail.com.,True
b95ae8cd-673c-49d7-abdb-01bd8c5ec44a,313db823-5c37-4e01-930a-5732364aad2e,Farmer Direct Payout Credited,AgriLink North Bengaluru update for account buyer.prajwal.89@gmail.com.,True
d1434ac5-6782-4caa-afbf-adf80dfd0625,ccab0184-e56c-4a38-a898-e676f339da1b,Yelahanka Hub Order Dispatched,AgriLink North Bengaluru update for account farmer.aditya.74@agrilink.in.,True
269c1084-2b93-4d66-b731-f3d9ee5cec3a,deb587ae-3a92-4b8d-8250-53de3d4bd97d,Yelahanka Hub Order Dispatched,AgriLink North Bengaluru update for account farmer.varun.57@agrilink.in.,True
b74dc104-233f-4e6c-9148-74a712df2bd0,cd5a064f-9747-4b08-886f-3c4fd0cf5a44,Manyata Tech Park Express Slot Available,AgriLink North Bengaluru update for account farmer.bharath.78@agrilink.in.,False
fcf40473-ebba-439a-b643-30f87ddef69a,68f4e697-d0d1-4fd0-ae20-9d77ab7abace,Mandi Price Update for North Bengaluru,AgriLink North Bengaluru update for account hub.aditya.25@agrilink.in.,True
1335309d-7537-44f3-93c2-630344bdde4e,e18cfc79-1bab-4643-b9d9-ec2da359e0cb,Mandi Price Update for North Bengaluru,AgriLink North Bengaluru update for account hub.lakshmi.1@agrilink.in.,True
315a19c6-7e8e-450c-abe6-9722277513ad,95545331-ca94-41b7-8594-e495117705a0,Manyata Tech Park Express Slot Available,AgriLink North Bengaluru update for account farmer.venkatesh.43@agrilink.in.,False
8cca2361-0fe3-41a0-b312-35fc55601740,1fc8658c-21f7-4360-8240-d5a3e810318a,Yelahanka Hub Order Dispatched,AgriLink North Bengaluru update for account buyer.darshan.53@gmail.com.,True
65a5ff9c-4577-42eb-88c4-b9aa2089681f,bfa65fe6-cae4-4468-a097-7eff86b15702,Yelahanka Hub Order Dispatched,AgriLink North Bengaluru update for account buyer.shiva.0@gmail.com.,False
b95b8872-23a5-4f81-852f-4b9d0a12bac9,c664a261-3c61-4693-b1a2-540de150b251,North BLR Morning Harvest In Stock,AgriLink North Bengaluru update for account farmer.girish.86@agrilink.in.,True
ba0ef2d3-9a07-4063-949d-1d35738f4c36,3c246333-57c4-45ef-a276-21198dbda662,Mandi Price Update for North Bengaluru,AgriLink North Bengaluru update for account ops.ramesh.4@agrilink.in.,False
ad46f168-6ca8-46a2-8201-8d75149688e0,c664a261-3c61-4693-b1a2-540de150b251,North BLR Morning Harvest In Stock,AgriLink North Bengaluru update for account farmer.girish.86@agrilink.in.,False
d444ccbb-6ef3-43dc-a9ec-f500103d5ef3,d60247f6-aba1-4f23-8e16-5988c9a87ec7,North BLR Morning Harvest In Stock,AgriLink North Bengaluru update for account buyer.vinay.31@gmail.com.,True
96d4a20d-b201-42b5-8316-1b4add65cf50,a616ce3d-96de-4a53-a404-a7cb2f6ca660,North BLR Morning Harvest In Stock,AgriLink North Bengaluru update for account hub.bharath.27@agrilink.in.,True
6fe00c7f-e60c-4fc8-bd9d-6f94127ba92d,d589e9b9-3a4b-48a6-b51a-ae989061d192,Yelahanka Hub Order Dispatched,AgriLink North Bengaluru update for account buyer.aditya.48@gmail.com.,True
b8ce6a01-0666-4c02-b414-8021d1345456,d897d730-6fea-48d8-8eca-3b287c08ff94,Farmer Direct Payout Credited,AgriLink North Bengaluru update for account farmer.suresh.130@agrilink.in.,True
e663a176-2291-4404-98ab-6ef099e950d4,fde46884-adb9-4c11-b350-5a22a455ecc7,North BLR Morning Harvest In Stock,AgriLink North Bengaluru update for account farmer.suresh.99@agrilink.in.,False
f18c5e21-2ad0-4f6c-9828-7baaf27b1404,983fcee0-0e77-4bcb-817a-e993350bab88,Farmer Direct Payout Credited,AgriLink North Bengaluru update for account farmer.priya.117@agrilink.in.,True
223aafd9-baae-4654-a9bb-1c7eda7cd7da,3ad0627f-7727-45b5-88b1-ab64a3309de5,Mandi Price Update for North Bengaluru,AgriLink North Bengaluru update for account hub.shilpa.29@agrilink.in.,True
35bdb286-86d7-446c-baf8-6bd6d244d332,13b37ac6-34a8-4e80-baa6-01db2ec9646f,Mandi Price Update for North Bengaluru,AgriLink North Bengaluru update for account farmer.harish.136@agrilink.in.,True
5a7a8aa1-cca2-43d0-b0a7-75d15e138396,19657683-a7ff-4f18-9ff4-8676d7564a7d,Yelahanka Hub Order Dispatched,AgriLink North Bengaluru update for account buyer.darshan.19@gmail.com.,False
4e7240f9-d5d4-49ce-847e-a9e464371b06,280c741f-8071-4824-8dc1-fb296bac2220,North BLR Morning Harvest In Stock,AgriLink North Bengaluru update for account farmer.venkatesh.6@agrilink.in.,True
25ef1f52-8d4f-48bc-9bd0-159be1a180e5,cc534bc4-3c3b-4b17-8257-3b59d6c2eb5e,Mandi Price Update for North Bengaluru,AgriLink North Bengaluru update for account farmer.tejas.53@agrilink.in.,True
be98bd82-1251-4ee8-94fb-7562cc64b7ac,d3450dd4-dfec-4248-8543-094134634518,Manyata Tech Park Express Slot Available,AgriLink North Bengaluru update for account buyer.arjun.52@gmail.com.,False
917cbbd9-40c7-48a1-a295-4f0c04e805f7,927b542f-e3cb-44d5-8807-ec8b5f2e6a33,Farmer Direct Payout Credited,AgriLink North Bengaluru update for account hub.girish.8@agrilink.in.,True
ff8c19c8-ba48-4f20-b561-294bd54944b7,c59c0e86-2e5e-4533-afd5-034831c96b6d,Manyata Tech Park Express Slot Available,AgriLink North Bengaluru update for account farmer.sunitha.34@agrilink.in.,False
bdbd2311-5153-4d0b-aa0c-f5d01fae3ede,83d1914a-989e-4f20-b4af-a763211f5b27,Farmer Direct Payout Credited,AgriLink North Bengaluru update for account farmer.rakshith.88@agrilink.in.,False
5ad5a490-3928-43bc-b23b-da82b916efa7,d897d730-6fea-48d8-8eca-3b287c08ff94,Farmer Direct Payout Credited,AgriLink North Bengaluru update for account farmer.suresh.130@agrilink.in.,False
6193bdac-5c8d-49a2-b69c-6c48925ba20e,0981b772-ff45-4809-9798-ea7799e6968f,Manyata Tech Park Express Slot Available,AgriLink North Bengaluru update for account farmer.rakshith.134@agrilink.in.,True
6ee0b11a-d338-43de-b181-1e6365e40da4,04caa52d-56ef-442b-80b2-a52b833988c8,Yelahanka Hub Order Dispatched,AgriLink North Bengaluru update for account hub.chetan.22@agrilink.in.,True
0c4d6fb2-416e-4bdf-9d85-472444caf3d5,34bef981-1e45-4a9c-8874-896b3038c882,North BLR Morning Harvest In Stock,AgriLink North Bengaluru update for account buyer.siddarama.35@gmail.com.,False
aa2c60ae-507e-40da-a411-af4d6ab88b3c,2e3f0a6f-4790-4969-95a8-6b0cbf5b169e,Manyata Tech Park Express Slot Available,AgriLink North Bengaluru update for account farmer.suresh.111@agrilink.in.,True
669b9f90-6401-4ba5-b057-46fd2aa50eeb,93dd4eab-3d90-453e-bf2f-01889e54202c,North BLR Morning Harvest In Stock,AgriLink North Bengaluru update for account ops.suresh.2@agrilink.in.,True
89697adb-62ce-4f97-95ce-4b3ae3451612,194980c6-ab50-456b-b413-6ba0c3977fd1,Yelahanka Hub Order Dispatched,AgriLink North Bengaluru update for account buyer.neha.14@gmail.com.,True
9ed04a8d-4ab8-44c9-93cc-33d94cf1847d,79af261d-2d26-4762-b060-cdf35c6475ce,Yelahanka Hub Order Dispatched,AgriLink North Bengaluru update for account farmer.lakshmi.63@agrilink.in.,True
b1cb8df7-5867-4d2f-ada7-8c033f76cc6b,120fccb6-00a1-4449-bd47-31ca0423099c,Mandi Price Update for North Bengaluru,AgriLink North Bengaluru update for account buyer.nandini.83@gmail.com.,True
179edd69-e335-4c13-be20-aede30732c3b,d897d730-6fea-48d8-8eca-3b287c08ff94,Mandi Price Update for North Bengaluru,AgriLink North Bengaluru update for account farmer.suresh.130@agrilink.in.,True
55b6380d-5e98-462b-8356-539b9822d9c3,3222469d-4132-45e8-9295-4c8a04a60798,Mandi Price Update for North Bengaluru,AgriLink North Bengaluru update for account buyer.vinay.47@gmail.com.,True
9129ee0e-8135-4f14-9bbe-e35ee32f4e5a,639f6233-fbdc-4078-bf1b-7f8d54f1f70f,Manyata Tech Park Express Slot Available,AgriLink North Bengaluru update for account ops.pooja.16@agrilink.in.,True
b1185679-2df1-4afb-9b6f-a01e362fda12,f876f85e-dd4a-404b-b539-3c190169f811,Mandi Price Update for North Bengaluru,AgriLink North Bengaluru update for account hub.lakshmi.20@agrilink.in.,True
9dbd3260-2a22-4f64-a723-8bae50835100,bbc80609-7b21-4e43-9c2b-b645e36980fc,Farmer Direct Payout Credited,AgriLink North Bengaluru update for account farmer.girish.31@agrilink.in.,False
f95ccc90-9356-48b1-8721-1f63b25686fa,04a034d6-81db-4085-88b1-5cc7663937e5,Mandi Price Update for North Bengaluru,AgriLink North Bengaluru update for account buyer.arjun.96@gmail.com.,True
d50ecdea-6df7-439a-b176-bf9377930453,20b568f3-d4d6-4c51-880a-0cf05f29bd10,Manyata Tech Park Express Slot Available,AgriLink North Bengaluru update for account farmer.nandini.68@agrilink.in.,True
329e7eb2-1a51-4fec-8d4b-740502a7b93e,4837746c-8912-46b7-a007-bd55d1f12b64,Manyata Tech Park Express Slot Available,AgriLink North Bengaluru update for account farmer.chandrashekar.140@agrilink.in.,True
a4021a74-fd68-4110-8ede-293b31f366a0,cd6a617b-fffe-4ae6-ad14-9a9164c88f07,Farmer Direct Payout Credited,AgriLink North Bengaluru update for account farmer.gautam.70@agrilink.in.,False
8133c36d-4cef-4726-a898-35400acecce8,e2be6ff9-75ff-429d-9335-7fe88a71e8f5,North BLR Morning Harvest In Stock,AgriLink North Bengaluru update for account farmer.vinay.119@agrilink.in.,True
8e83615f-849c-42f7-89c1-64862888e1e2,5d495dd2-c8ca-4e3e-9207-17e3d1e0eec5,Manyata Tech Park Express Slot Available,AgriLink North Bengaluru update for account hub.prajwal.26@agrilink.in.,True
08efd5cf-4d96-43b9-aadf-e35fe080e9a1,e29c070a-fd5f-40ea-ae6e-bb1fae5175bf,Yelahanka Hub Order Dispatched,AgriLink North Bengaluru update for account farmer.suresh.129@agrilink.in.,False
e7bf98b4-a4e1-49da-975c-28f73e597a36,a93ec7db-1dc2-45d2-92b7-199a184e0a17,Yelahanka Hub Order Dispatched,AgriLink North Bengaluru update for account farmer.girish.67@agrilink.in.,True
d0c3497e-5b54-464f-bc77-876bbfd60c07,0686782c-c111-4be9-962f-a84b597fb591,Mandi Price Update for North Bengaluru,AgriLink North Bengaluru update for account farmer.darshan.115@agrilink.in.,False
909b9def-c530-465c-8dcf-8df56f1f80ed,a3f01b2a-ddb3-4d55-b263-b07c775dd1da,Mandi Price Update for North Bengaluru,AgriLink North Bengaluru update for account farmer.deepak.83@agrilink.in.,True
3ce035c0-e41f-4eee-b7be-219fe2a916f1,a2d54c4f-f277-49f8-8efe-a1a95ab1eaf2,Mandi Price Update for North Bengaluru,AgriLink North Bengaluru update for account farmer.girish.121@agrilink.in.,True
604dd9cb-cc5c-4e6f-a312-6358cbbb6f4c,4b67a9d8-3a5b-4900-84fd-a67efbb88b7f,North BLR Morning Harvest In Stock,AgriLink North Bengaluru update for account farmer.aditya.77@agrilink.in.,True
59c4a467-0d6e-4b6d-85c9-a0f57a3326e6,adc8746c-b2c8-4b62-abc7-78a0fc2967f6,Manyata Tech Park Express Slot Available,AgriLink North Bengaluru update for account ops.chetan.1@agrilink.in.,True
757db9cb-7f46-47b7-8e59-942a592b8ec6,7700709f-d0c8-4a98-8b3a-bba5da377121,Yelahanka Hub Order Dispatched,AgriLink North Bengaluru update for account buyer.lakshmi.50@gmail.com.,True
d8721de9-2830-40e4-995d-78fb0f3d6f33,ff296733-c72c-4ab7-87a5-bd2d86edb5a4,Yelahanka Hub Order Dispatched,AgriLink North Bengaluru update for account farmer.rahul.107@agrilink.in.,True
7781de64-e72b-4f08-a147-a8f8c55820d5,de99bbdb-0fbd-4365-8bd6-0612d03a361d,North BLR Morning Harvest In Stock,AgriLink North Bengaluru update for account hub.suresh.13@agrilink.in.,True
26c880b6-c655-4b8b-af07-1adc3392f056,3e07dc76-7dd1-4f11-8060-0cd5259bfb3f,Mandi Price Update for North Bengaluru,AgriLink North Bengaluru update for account ops.bharath.15@agrilink.in.,True
548991c1-60ee-4a89-b882-0601dc6c0bab,efa6d4bb-d246-49c5-ab00-d99cf7d44a1a,Yelahanka Hub Order Dispatched,AgriLink North Bengaluru update for account farmer.roopa.85@agrilink.in.,True
98fb2089-9ec9-42be-815b-62792119a441,c6516e97-1794-4415-8b3f-2dc3fe0c93cd,North BLR Morning Harvest In Stock,AgriLink North Bengaluru update for account farmer.girish.22@agrilink.in.,True
9cded0f4-e39c-4519-91cf-2e6f1a0948f2,8354a6bd-1e0c-4873-ba9b-1907f42db022,Yelahanka Hub Order Dispatched,AgriLink North Bengaluru update for account farmer.meghana.94@agrilink.in.,True
515480c5-0143-4fc5-b3fd-0e23af587827,06b2bfe7-297e-4465-8971-0f7a01b8c2b8,North BLR Morning Harvest In Stock,AgriLink North Bengaluru update for account farmer.karthik.1@agrilink.in.,True
73055cb7-0d94-4a1f-a842-9b5c957953c5,db2400b1-5911-4794-838e-9014c98b59fc,Manyata Tech Park Express Slot Available,AgriLink North Bengaluru update for account hub.meghana.17@agrilink.in.,False
0f5056a2-b6b2-4f81-84e7-4080ac5ba573,3b67a860-8524-4b75-8aa4-dcf1574ad09c,Manyata Tech Park Express Slot Available,AgriLink North Bengaluru update for account buyer.sneha.72@gmail.com.,True
5cfb0aca-40fc-4111-bd46-bf48f81ac854,a22e6049-6f99-43f8-93f5-4d4e5e1ce7a8,North BLR Morning Harvest In Stock,AgriLink North Bengaluru update for account farmer.roopa.23@agrilink.in.,True
72a1de9e-fe5f-4065-96da-bf20cc926e18,c84d0cac-a879-41ca-8d9d-66bd94e90ec1,Manyata Tech Park Express Slot Available,AgriLink North Bengaluru update for account ops.bharath.5@agrilink.in.,True
3e8fd06a-5293-49f2-b69c-9e9f0e0be5f2,3222469d-4132-45e8-9295-4c8a04a60798,North BLR Morning Harvest In Stock,AgriLink North Bengaluru update for account buyer.vinay.47@gmail.com.,True
bba398ca-af75-4a96-85b0-967fd1087a43,97c7fcbb-d2bd-4f0e-8ff8-ab1221c94e44,North BLR Morning Harvest In Stock,AgriLink North Bengaluru update for account ops.sowmya.0@agrilink.in.,False
a6339b0e-4fcf-49f8-81a3-b574ca20417f,c46e1796-7099-4bca-b49e-d75a46aa7392,Farmer Direct Payout Credited,AgriLink North Bengaluru update for account farmer.pooja.96@agrilink.in.,False
9fb7674c-f1e3-4f8e-bc6b-8e58b9403c79,50bdb802-6822-4f64-87b6-92ef8bc5d549,Farmer Direct Payout Credited,AgriLink North Bengaluru update for account farmer.karthik.47@agrilink.in.,True
9b64db13-d999-4a99-b7c1-5fde38160c13,c96c2cf9-9234-449a-b8ff-c258c54bafe8,Mandi Price Update for North Bengaluru,AgriLink North Bengaluru update for account farmer.siddarama.120@agrilink.in.,False
2fc1fcfc-0c82-4b6c-a0fd-3646f94534fe,57dfeed4-7cb8-4f90-95ec-677d5aed5030,Yelahanka Hub Order Dispatched,AgriLink North Bengaluru update for account buyer.kishore.13@gmail.com.,True
f46d2b18-45be-4888-a499-ef7210128c51,95545331-ca94-41b7-8594-e495117705a0,Mandi Price Update for North Bengaluru,AgriLink North Bengaluru update for account farmer.venkatesh.43@agrilink.in.,True
34b073fb-53db-43b0-a491-6148bae483e7,592c2557-856b-46b5-988a-648acb62be18,Manyata Tech Park Express Slot Available,AgriLink North Bengaluru update for account farmer.venkatesh.24@agrilink.in.,False
79af1b5e-3ff4-4bab-ab79-1ac4e380777d,b009799b-fcac-44fb-9bdf-22a937fe452b,Mandi Price Update for North Bengaluru,AgriLink North Bengaluru update for account buyer.kishore.65@gmail.com.,True
1813e4c7-da1f-4586-a79e-95eb42a7943a,cd6a617b-fffe-4ae6-ad14-9a9164c88f07,Yelahanka Hub Order Dispatched,AgriLink North Bengaluru update for account farmer.gautam.70@agrilink.in.,False
582c2cae-229b-4e7a-a124-15667c538235,d8afda4f-ac34-4766-8814-f2ae9cd7f036,Manyata Tech Park Express Slot Available,AgriLink North Bengaluru update for account buyer.vinay.8@gmail.com.,True
c2a7ed0f-5d63-47fc-8212-aac292fe43bf,3177fd8c-3c78-4181-923a-ada1abc5683d,North BLR Morning Harvest In Stock,AgriLink North Bengaluru update for account buyer.sunitha.11@gmail.com.,True
dbd6366c-38a8-479a-af00-ce95b8d1a634,06b2bfe7-297e-4465-8971-0f7a01b8c2b8,Yelahanka Hub Order Dispatched,AgriLink North Bengaluru update for account farmer.karthik.1@agrilink.in.,True
