payment_id,order_id,transaction_ref,payment_amount,payment_status
e0ef6b07-3918-4c68-b0f3-fa9eb525caeb,7814a3bd-c0ac-41d6-b685-606257181026,pay_blr_12512345,316.16,SUCCESS
c5ad6863-c0c1-4ab6-a89a-2c1d7e168a89,4a1dab7f-3c5b-4fa4-8ed7-0f5a059fc0e3,pay_blr_65548633,358.36,SUCCESS
d0999da7-db2a-43d2-9d14-b524a6fe563c,27b46fc8-6edb-4474-b531-35db14badf58,pay_blr_74890505,425.41,SUCCESS
c9893ce6-5774-48b0-b158-3067d8eee938,0bcad669-2664-4758-8b04-4b805b06a314,pay_blr_98447373,560.77,SUCCESS
8c1397a6-dbc3-44f7-9e13-2f7e7dd68d2f,4e86e1a1-4c7a-4fc1-9d2b-b62d3b095d20,pay_blr_32988138,299.28,SUCCESS
16d43d5c-35b9-4b71-8159-49245dd4e840,5aa628dd-45b5-493a-bb00-08e01ade80cd,pay_blr_86207390,492.38,SUCCESS
b2f82eab-508e-4218-8314-d3817b37c8f0,f54799ef-dfcd-4685-a317-b345d54879b3,pay_blr_71906810,519.56,SUCCESS
dc901ce8-3f39-498d-a4ae-b34708260f84,8fa74ae3-9cc0-4089-9ca7-b482474a3977,pay_blr_55729880,372.45,SUCCESS
528bb82b-c005-43d2-9a42-8a8ae37e5f9a,d1fc121c-6529-4a63-8684-450fdbba0a09,pay_blr_76343171,447.07,SUCCESS
80feae96-67df-444a-9648-8b07a88ec885,c00afd0d-5174-4b1a-bafa-39f2a3932611,pay_blr_21983952,342.76,SUCCESS
453209a5-3250-45dc-8c92-bda50f0b284d,bcae986d-14f3-4003-910f-d02054afd1af,pay_blr_89210454,186.21,SUCCESS
9b233efd-c79c-489e-bdf5-e91a73647699,df1dbd28-6166-4183-a602-b35b9c0b745b,pay_blr_98305426,500.97,SUCCESS
826e9157-ecf7-43de-92dd-e79f8ef23fc4,f55ee903-f697-41cd-8292-d8ac7cd97ff3,pay_blr_47503167,859.37,SUCCESS
a1f92098-3cb6-46be-ba19-a8837a7499da,e6a31d97-4e46-4b44-acdf-ed876d1f0d41,pay_blr_32693431,1105.14,SUCCESS
1380ba41-524c-42f3-a9ac-ee44c6696b21,c4368b4d-1065-4324-bfd1-73e63d4e55a7,pay_blr_29470999,916.96,SUCCESS
b644cdbb-5f06-4bfc-a55e-8d764c0b724c,e631ebef-71b0-4b69-94dc-5231eb5dc94f,pay_blr_81194737,900.7,SUCCESS
d1110588-09f1-4ca6-9b0f-9a72b4d718c1,7ef31c51-e64d-4294-b3a8-9e752da7096e,pay_blr_11419753,1047.31,SUCCESS
f8aff268-9600-4245-a614-362828caea59,3be62aea-ef86-4fa3-ba6a-ead0ac4b981d,pay_blr_34731360,730.44,SUCCESS
15f1aa9e-a1a8-433f-98fd-26cbe2ec9b74,83d60ef6-5dc5-4211-b905-9f52d97eb607,pay_blr_92405160,727.64,SUCCESS
77498bd4-12ed-4982-8835-9ba0943e636b,c70d32c3-0a25-4c2a-a6cb-5d8a82fe3d3a,pay_blr_10443906,565.49,SUCCESS
1306d6a9-0bf3-46d8-9bc5-2f2e9abd96da,f0e1f08a-d6a2-4e62-8482-c16c53fc5fd4,pay_blr_21390049,492.82,SUCCESS
9f910c24-7702-490f-874e-d0e7d614f8d9,eb40eb10-64a5-4ac3-bf42-e750d33dc504,pay_blr_38410963,275.85,SUCCESS
b9e3e3f5-d696-40a8-8c14-5b140066ac1d,b2171627-358d-4be4-bf8b-baad599e36d5,pay_blr_92037350,211.91,SUCCESS
ecd799d4-c2f8-4165-acef-1ebb646caaaa,9d5ee820-6174-466f-bff8-e640955fa897,pay_blr_94851724,801.76,SUCCESS
90fee0b5-1904-4bac-adb5-deb27585a255,cda6c357-2d90-4b95-85a8-31cecdc01b78,pay_blr_65301908,706.69,SUCCESS
80e06999-c508-4e31-a4d8-3efcc36cb8b9,f04a7435-6978-4fe1-a898-73f15ee54820,pay_blr_94082607,851.73,SUCCESS
8c2f9b2e-1420-4b2c-8719-873af7a83f15,2fa04a2e-9d82-45c6-b6e7-c5b00a1d6bbc,pay_blr_13901068,546.75,SUCCESS
4c0282e4-474c-49af-b588-a2fc41373a93,62ebd67a-0e48-4cb0-97a8-e175c7d26faa,pay_blr_33898911,404.3,SUCCESS
679f668d-ffa2-4ab9-9ee4-740ff7f4a76f,9888977b-ba25-4fed-bf70-f21f0160e70b,pay_blr_84189605,622.28,SUCCESS
b9e41bbf-b902-4c53-8c86-02ea9f8b96bf,80406585-8dc7-41a2-96d4-946b1fdc44dc,pay_blr_42280906,1001.7,SUCCESS
0496edc0-2320-4648-9c78-b7a2ec11d8b0,a27e5196-a6ba-4b69-b2d3-dcd6b02bc4f3,pay_blr_64406548,429.08,SUCCESS
0ad187c3-b9fa-4599-8fed-d3edc949a7f1,4e28bc50-6044-4de9-993f-65c92d878fa9,pay_blr_17356698,417.56,SUCCESS
9c35b962-1fe9-40fc-9a00-093aae5d6b8f,00fd2a23-969a-4fa6-b06a-b97f5b40a31f,pay_blr_74222305,273.82,SUCCESS
6370aa2d-dc47-488a-bda2-5597a73ff1c3,c607e91a-7598-4b13-94aa-bf3ae0b6ac65,pay_blr_21718382,302.12,SUCCESS
e942bc05-63f6-4a21-9309-6db365a184c1,f95eadc9-ff1d-48f2-8619-dc06c5990669,pay_blr_18448940,1167.85,SUCCESS
b43f0717-0b90-4724-96fc-16310936a387,d81ca4e8-6b59-4760-8c11-e322d747c4bf,pay_blr_32328873,694.14,SUCCESS
34e9ef2a-7c6a-465a-83dd-a0187147bf5d,ec8c9fb5-ea01-4eb2-8e04-0ed4abe9ff90,pay_blr_71477186,523.79,SUCCESS
91ad5b5b-dede-4d13-959b-af5ea3a60505,e06b2f9f-4ea4-4481-b4ac-0c86bf889874,pay_blr_83948598,431.0,SUCCESS
3ea3ca9f-1c2a-403f-bda3-3304b762c3fd,d9fe8d82-5013-4ecc-952b-1502f3ea0a5c,pay_blr_17522583,444.51,SUCCESS
2dc07e2d-29a7-4411-a087-f5b9e6326d8f,83f43cc7-68cf-4f5e-99e0-e6b8ed103577,pay_blr_88809974,347.19,SUCCESS
df2eaa2e-3f87-436a-aab5-5c2afffa3bd7,90f0356f-f7d9-40ae-a4a9-fdd3cc8738fc,pay_blr_76317044,472.73,SUCCESS
14cfeb71-d158-4f1e-b00a-f5143652ae0d,d620855b-71d0-408a-addf-93884ea8d20f,pay_blr_58554539,223.35,SUCCESS
6fd18fd7-39b9-4236-95a9-fdda761df34f,7b60910f-f045-49d0-9151-7a2f87edd3d7,pay_blr_94292753,196.17,SUCCESS
1194fcf8-27e4-4558-aeba-6ad9640bdf67,fd5745bb-9f29-4d36-9371-e4fae1f60bc1,pay_blr_81416669,388.96,SUCCESS
de0481d3-6607-466f-80ed-5a0dd3322868,760fa665-1e4d-4e63-83ca-d8f821a65bbc,pay_blr_13860039,398.45,SUCCESS
a7ec20fc-8712-4923-8a38-5b56ea39e2ca,9e64afc0-a264-41eb-9f2f-5db005e16aa1,pay_blr_99601933,416.24,SUCCESS
3d9f4906-48dd-4969-98ad-6bd2cdf24283,47a0e423-06e3-4cac-9ef2-aa37012a7dad,pay_blr_10581018,535.57,SUCCESS
6b4af227-d48a-4a17-a88a-960e78da1a0d,89a72a8a-b648-4b88-91a6-99c229162c08,pay_blr_15450389,493.3,SUCCESS
4fa3670b-cc1f-4184-94ed-6905b60043f9,5faca890-f6fc-49ed-91d7-1b7f44cd338e,pay_blr_29242468,452.85,SUCCESS
8aea74bf-0237-4382-b8bf-54a7e63805ff,98afe395-166f-4c47-b788-8ede5e125e0d,pay_blr_99479873,350.16,SUCCESS
bda4f19a-a110-4a2a-83a4-61160134af8a,ef4dbc74-3726-401c-8e83-debbe0026db6,pay_blr_53883276,248.72,SUCCESS
ec400207-5eab-4cc4-98d5-24ad4e3b2eac,af51b2a5-ba2a-405c-9973-887d3ef76992,pay_blr_62221499,653.46,SUCCESS
24d5d9c8-af8d-41a5-b5a3-7553c6eb35e6,ced5c039-98e0-4420-90a1-eb5bccd1a899,pay_blr_17576489,733.07,SUCCESS
84515aeb-91da-475a-b3d1-e01fbf26cad3,8c1f5b26-fbe7-4c67-9342-417dfa3180ff,pay_blr_92520800,927.45,SUCCESS
ee2fa84a-7463-430c-89e6-d9807531bd67,24364876-ea4d-4261-bdb6-2c548d9827e8,pay_blr_82470537,667.8,SUCCESS
a4067467-81cf-4b0f-8fe5-bce3170c66c2,22aae1cc-5017-4497-8bd4-5313f9ad6c84,pay_blr_50302318,754.25,SUCCESS
4cb56e56-f877-4ca2-8d52-722c287bade4,c8eb024e-15d7-41b4-abdc-010b77cd1b6c,pay_blr_83914523,610.48,SUCCESS
7e9199c4-a360-471d-8413-58b9d73635b1,a9becdf1-e37e-4129-8fcb-58ed3ecf9efc,pay_blr_76632538,945.17,SUCCESS
ecfcd8a0-2a7c-44b2-b0bf-b5382d0992dd,50405f75-1516-4b92-835c-f3ddfc627b44,pay_blr_91311077,742.5,SUCCESS
27616f01-0ef5-465f-9867-9be0eedefd97,196e0987-19f8-4036-9f8d-66a4a07f555b,pay_blr_52571763,731.16,SUCCESS
1ee16749-c517-49da-8003-bcaaa78d0182,add4456b-73f7-4371-af4f-1e47f938ed78,pay_blr_36853654,765.79,SUCCESS
00aece52-2637-4dca-bf88-66d1edef4193,081eb6c8-3a72-409c-a584-fb48c95c35cd,pay_blr_40130153,810.49,SUCCESS
b719f840-72ca-4e91-959b-1773bded5b63,c847fdae-6b70-4ff2-897c-43362b8ae2e3,pay_blr_37265709,1173.2,SUCCESS
b707b048-60bc-4ef4-8291-50aae884a625,e19a22b2-a8eb-4412-b25b-5f24df2aa20f,pay_blr_43328672,524.66,SUCCESS
60a5744f-1b0d-4d9f-b1ba-944e539ed7c7,3154f1f8-46d3-48f5-b10a-32edcfab88c4,pay_blr_91386202,814.31,SUCCESS
59d9d7ca-512c-4427-aca6-8383a1342833,98c766ee-a589-494a-acae-838cb1558684,pay_blr_29031501,867.86,SUCCESS
be13f65e-6b0b-49ce-82b5-73450b9e4933,3b67b0b4-80d4-4bac-85c8-598b4cb470e6,pay_blr_73115555,531.18,SUCCESS
deb280c7-81ed-4c2d-a8ae-fa6c055a2528,440fbcc8-f013-4ccd-8354-9704ec6876a7,pay_blr_85597784,371.27,SUCCESS
d2e3c9b0-379c-42c5-a91c-7b4bcd2b3f60,6e7883ac-5c42-4c23-bad0-18c8a150caaf,pay_blr_46147308,884.93,SUCCESS
99c06ca3-628e-47a2-a91f-772d2c98e3c9,3ab256d5-57fa-498e-b98c-c88f24837d51,pay_blr_48243447,201.7,SUCCESS
420537c1-f2a7-4782-bee7-8cdc7f439013,ea044190-ccb6-420d-861a-0b3f5344650c,pay_blr_90576371,373.27,SUCCESS
d24b6157-008b-47f0-a862-ae307ba3f25b,d5270570-f983-46b7-8bb5-accd2a092230,pay_blr_27151649,689.93,SUCCESS
cefede6f-9f9c-4692-b363-71cbbdc5b95f,c3b30160-e075-43c2-9405-de46db4940e4,pay_blr_88813775,997.4,SUCCESS
297267bb-f9b4-47ed-89c6-21a9df6894a5,8f203b0a-3e92-46ba-802f-661d7f705970,pay_blr_93013580,889.39,SUCCESS
95f52cd4-0990-4e86-ad19-166f763a7df2,d4472519-67a3-41da-8dd3-a18c0e8b7e58,pay_blr_66623671,758.78,SUCCESS
e63c65fc-a3ba-4131-bb7a-8db887a148e4,1babe19d-7b62-4dec-a83a-e71976edffa8,pay_blr_18147644,895.25,SUCCESS
ec224ec9-703e-4e97-af6f-8e355fdf1ce9,58399cbc-8a10-49f6-a488-f5f3bc6c55f5,pay_blr_72876614,933.94,SUCCESS
6e90a82b-37c2-40bb-bc66-94a48b626900,6dcf811e-74fc-44dc-af84-a4ecc0f8a05d,pay_blr_45005058,631.98,SUCCESS
91bdc5ed-60e7-4d11-a4de-3577d271a95b,e33f43a2-fd6c-495f-9fc2-095346f93264,pay_blr_24888885,490.28,SUCCESS
4cb735bd-54f5-4049-82f2-dfe011a57f54,2bb684c4-da45-4b43-9e01-bb508333c353,pay_blr_68936139,574.66,SUCCESS
52000835-a880-4543-a77e-698ca2ad2614,a79b894b-ed71-467f-9fab-3e86ac46c950,pay_blr_69401906,631.0,SUCCESS
a8f557f1-1a1f-481e-9a4e-24d69e6fc573,a610bd56-41f4-45a1-b2b1-39f68b85a811,pay_blr_63955904,508.69,SUCCESS
dde1787d-43c3-4676-8e90-56081a58c888,ec601616-3297-4522-bc6f-67df4c25ce07,pay_blr_21311994,416.05,SUCCESS
bcdf0dd3-e1ef-4e02-a0cd-1b853c6fc05c,03d426db-b5c4-4d2c-bc45-07e22a293fca,pay_blr_86830962,609.72,SUCCESS
032a0665-09d0-4fa8-91df-77af2cea7c47,bd2c53b0-cd7c-4f87-a885-b8bf69d098b4,pay_blr_18347493,316.03,SUCCESS
74a1af5d-f0ed-457a-bf1d-40016106fc6b,efa74033-d604-48cc-8683-994aa9657d99,pay_blr_27365785,899.53,SUCCESS
370ea797-9327-4c08-8b63-7f591818c742,89676bc2-c639-4c15-8953-d6dcf00a768d,pay_blr_13755114,893.33,SUCCESS
dec0e2fc-be0b-4ba3-8f67-a7e860d392f3,6562c62a-5cf9-4884-83ad-c459fe607d36,pay_blr_53649791,623.2,SUCCESS
ca29f41f-29c4-40ae-8572-fc101f25c240,062225d5-54a4-47a0-b2cd-da15418f6013,pay_blr_26613686,298.6,SUCCESS
1c86bd6b-12a2-475f-b811-164944273755,35cdf1e5-0e9c-4c76-8eb0-0acec0ec54fb,pay_blr_75964394,616.19,SUCCESS
3701a1d4-a0a1-4ae6-a6d1-b0a87a0abbf0,a3d85e31-4978-4646-9ee7-6eb7f3615229,pay_blr_29120731,663.88,SUCCESS
1582c802-843d-4e61-a36c-a65b1c2305cf,6e6f723c-2b92-4c00-a819-18910c5542e5,pay_blr_23624363,362.79,SUCCESS
e6547e6b-85c5-41d0-8bf8-8d5023905ac2,76677d99-cd64-4f19-b4d6-f91763432ed1,pay_blr_90244451,807.46,SUCCESS
130172aa-71c1-4dca-a6d7-cc680d7c0198,8cab8283-6c82-43ef-aee2-e433f84e4cad,pay_blr_71713222,1024.6,SUCCESS
fc3ec274-a59f-429e-a554-bb96cba6ded0,36fd085a-4932-4960-a6a9-322d07e298c8,pay_blr_61908845,634.06,SUCCESS
df72ab20-723f-4d5f-b53a-efc32868756c,d936fd8c-a047-4870-8383-a81ad934229e,pay_blr_86383608,1086.92,SUCCESS
2644c4df-c3a6-4ed5-b35f-376159216d53,85928a15-65ef-43fd-b07b-0e956cdf7528,pay_blr_79425047,1120.32,SUCCESS
8b153767-f445-429a-b7bd-be31c2f503ed,5f8c7034-827d-4a2b-b4b2-03e7f0fc72d1,pay_blr_54869326,428.95,SUCCESS
ac9930cc-85a8-4197-906c-25362e2f5ce9,11e35812-83fc-4f82-beea-1eb511476536,pay_blr_17353632,932.11,SUCCESS
8b5b573a-af04-49e8-a69d-cf6bc8ca525b,bf73f7b2-c4d3-46b4-a513-ad683c076398,pay_blr_89883050,599.95,SUCCESS
1cc68e4b-2275-422b-a6b9-bf9e2757583a,065b8f2d-8dd3-4752-8978-bd522d443206,pay_blr_82631078,741.06,SUCCESS
25394e10-3c27-43b6-ba76-977f0eacd5f8,15a756df-464c-4ca3-afd0-7e5deb20a3c6,pay_blr_50215871,1083.57,SUCCESS
c26e4456-6d83-4dfb-86dc-a6378cd8106f,703961df-183a-4550-bf2a-6ff50b1ec154,pay_blr_14028892,1088.93,SUCCESS
bd40563f-d6c4-4001-9afc-74301eb43046,11838048-06ca-4e39-9693-13f1b7608e0c,pay_blr_28420515,212.4,SUCCESS
2653616f-f836-4758-9332-9b3e9f9cda60,33baf3bd-08b7-47d4-8c70-83de5f515588,pay_blr_35727027,430.79,SUCCESS
16e2a059-70a5-47d1-9b4d-9d029aad67c2,1cdc2616-8bde-4bce-84e7-44d5ee3cc32f,pay_blr_20926356,441.17,SUCCESS
f22b938b-9623-4fd1-a4bd-3aba11642f22,b5f5520c-d14c-440a-8642-c7d67440091f,pay_blr_63136795,463.79,SUCCESS
4718d9cb-a405-4980-9921-c2438f136c51,03b2cd0a-07aa-4f0e-9a50-475af60fc601,pay_blr_61320957,510.05,SUCCESS
75be5902-9073-4775-bac9-b48ae373a922,f8fc19d8-1074-4309-9d69-74082a77ec38,pay_blr_91072076,989.27,SUCCESS
10ad8c6f-3d05-4ff8-9ff1-205d5dd26c13,80bd9930-89e9-4dd1-aa8d-7525e584a6d2,pay_blr_79232906,467.71,SUCCESS
37eda254-cbb6-4ca9-9019-d9c433c807e8,2756c2c7-3974-48d9-bca2-0253586b7098,pay_blr_40264841,614.25,SUCCESS
ffe30175-73f0-4746-a4ab-cca97500f6b3,e40c6d54-97db-4eac-8544-8ceafb02e3ee,pay_blr_73723578,837.16,SUCCESS
41ead51f-5a86-47e2-87bb-33a98f2e469a,76b0fdc9-ecd5-4ad2-b8ba-a5d1a81031a1,pay_blr_59479669,186.49,SUCCESS
5fab70dd-e04a-4237-b81b-d3855f4d0c2e,9c8b19e4-bbe9-46ce-942b-d5597876dd64,pay_blr_10999023,562.67,SUCCESS
dd8f10c2-0eba-4b92-a44e-1f0fa849ab01,f8159a69-60cd-4745-abac-f4eb90d7f4c3,pay_blr_34102565,588.26,SUCCESS
452dae9b-37b9-4ada-b2c8-a1397220eeb9,fdeea3ab-25ba-40d6-8f6b-6b1b91d6fd24,pay_blr_65042162,471.31,SUCCESS
b4e10f74-0ca5-42fb-895d-0f39362436dd,576001db-a8a1-4cca-ac5a-3c6a2d3c81b5,pay_blr_47465789,454.62,SUCCESS
64bd62e3-b232-4ce0-a97b-3b07144dd329,c8a133a8-66f2-4e22-9994-df98fe68873e,pay_blr_51382580,349.7,SUCCESS
f6ead7cb-d6d1-47d8-bace-9dcc95a29ab0,f3840c77-74c7-48f3-bdc6-e25689b5b52a,pay_blr_65791626,342.73,SUCCESS
1e301652-66ac-4fe9-a5b7-1e27d4056de3,88df8c67-a9a4-44bc-a669-5783aa9ab85e,pay_blr_15897385,361.03,SUCCESS
3f18b4bf-63bd-4e78-8e91-da7aedcd7944,5b98abca-a0c8-4fa0-9b66-73498b3c86e0,pay_blr_61321020,642.86,SUCCESS
39f50313-9654-4a9a-9245-ceaece01ce0d,28953df4-c62f-4a7a-931f-e055e58518c0,pay_blr_69555922,180.55,SUCCESS
ddb3e745-1f6a-4130-9b13-5cc7eab8ee6a,17417889-a07e-4c05-9789-d7eab3b86adf,pay_blr_94527978,463.41,SUCCESS
8062cd13-3f79-42aa-a053-9c84b1457de7,ef533122-914d-46d6-80ef-dad530d64c6a,pay_blr_33680772,327.73,SUCCESS
30e89a92-0f3c-420b-ae06-fa23a76e6b59,c2482b50-68a4-4047-b24b-2d13aff4f9b8,pay_blr_82101452,438.37,SUCCESS
60f3aead-de3a-4d3c-8079-faf967814844,8f417fbf-f989-4234-a3f6-cfafa1cbfb67,pay_blr_56785439,1007.69,SUCCESS
0334cfd7-1ad5-480f-8c9c-d971d357a008,78c01abf-e2a4-4e54-b422-c94120d94f15,pay_blr_20784168,1254.33,SUCCESS
565b3428-1ae3-48b6-b832-5c3f66ce6c04,74da64c9-1d66-4a3d-aba0-8ab468d02e78,pay_blr_65947629,1081.89,SUCCESS
0d034c08-1ee3-440b-a929-a0942ed8eaa5,aa8b7ab7-bb4a-410b-ab7e-1b7e2d4a99ac,pay_blr_26734478,955.82,SUCCESS
8d2e25fa-43ee-4b53-8b39-ae27797643a1,cbefdd04-ffd8-4c9d-a8a4-5e2015f10c85,pay_blr_57785434,988.66,SUCCESS
7fe32e11-c34b-472a-bb1c-be15da8bc60d,7e3f2a2e-b5b8-46f6-9360-439d507ea13b,pay_blr_95064149,590.33,SUCCESS
3e266fe9-5cae-4ac2-a3a4-6aa851dd8191,dcf3761a-00bb-4004-8058-333f603afd73,pay_blr_69899586,1174.1,SUCCESS
d0871a90-a5a1-4ca4-bd43-5f1bad71efd7,e328a304-b62b-48d6-a601-924b88268553,pay_blr_95033398,745.02,SUCCESS
5d6b8481-1b4a-4776-98c0-be90e2815a4f,6318a73b-c976-4e7e-88e1-2434ab456548,pay_blr_86885150,911.46,SUCCESS
6fc800f4-5b89-4e69-9862-81cec6a6c70e,9cfd9cb2-369e-4e73-8fb9-7ff637625f8f,pay_blr_49838982,983.48,SUCCESS
20819806-c5b1-4c58-b247-75c6a761d1a0,3bacce85-8db9-41a2-949a-1ef5ac9a5ae6,pay_blr_54713904,734.26,SUCCESS
6e3d2247-3b5a-48a8-a04d-281682315837,2244b034-d49a-4166-9ac7-50f255831628,pay_blr_19639949,639.47,SUCCESS
65bf5295-ff93-460d-a3d5-7449cca4ece0,a2a4054b-1960-424a-8fcb-6aee9eebc4b0,pay_blr_23683207,1014.12,SUCCESS
aea31f98-417a-4dbd-8096-b95cbcfdd2f6,34f2d204-5c94-4cdf-8619-e078a72fc7db,pay_blr_14562440,583.41,SUCCESS
6acb03d0-5f25-4f30-a3de-88ca7ba1d511,ce6414d7-898b-43c9-bedd-b1e54579738d,pay_blr_99763770,269.47,SUCCESS
4d33d65c-1c68-44c7-9ce8-1eefe187ecf2,8b664691-0d5b-42bd-b209-aade089d039a,pay_blr_34150810,935.66,SUCCESS
3891b39a-9095-4158-8932-ff4cda33eb11,069fb7ef-711b-4eec-9efe-cb0107709635,pay_blr_98336655,399.93,SUCCESS
b49082ab-7618-4051-804c-f8779183a35e,431600f8-ad49-4815-b8bb-84423448812d,pay_blr_44221141,864.71,SUCCESS
a71f3178-c673-4c5a-8bad-ec04eced5694,97f42667-f68f-48a3-bd0f-839a3f5fc50c,pay_blr_60860721,674.52,SUCCESS
c0c62917-c7eb-448f-9551-d4c7383c2f0d,d0792eb5-274b-46af-bbdb-fec3c977dc43,pay_blr_51144384,640.13,SUCCESS
4432eff7-7e78-4d1e-bbf8-bc041a0461e6,2b37cdcb-11bf-4b6f-bee6-92785c70e849,pay_blr_60841764,439.21,SUCCESS
922030da-4fff-4122-ab8e-b0b22270790e,cd97173d-624e-46f3-a9ed-37cec7af225c,pay_blr_22567290,461.41,SUCCESS
303a81a4-1ab2-4732-b0e5-db65a59d9299,580b4b92-cea1-452b-89d2-1c178d642d55,pay_blr_98741286,452.14,SUCCESS
fe930e35-0ab2-4f07-a397-933fb4b17cce,13e4f83d-a176-47fd-bbbe-3f9cef1eaef4,pay_blr_32881970,307.08,SUCCESS
225de22f-2342-4d56-82a3-14ac1fcc3180,41a81e05-c062-4ba0-bb73-4ca73fa262fa,pay_blr_54097476,571.22,SUCCESS
188e8edc-f6b9-46b6-b514-45a2ed01e74e,3cf8173d-5e5b-4ea5-9351-8967b25222c1,pay_blr_24588794,350.28,SUCCESS
d2d9202a-c554-4a92-91dd-092754cb4259,9826c83a-34fa-41ed-80d0-122c2ee31021,pay_blr_63670451,490.51,SUCCESS
21b4789d-08c6-45c1-b63b-9b2caea8b017,ef5ad98f-4d06-40ab-ae8b-1a9670b7a129,pay_blr_35079956,262.87,SUCCESS
299993b6-95fd-479e-91cd-a6a0f60a8c85,c98e34a2-d2c5-477f-99d9-3d885b96deaa,pay_blr_51130478,473.04,SUCCESS
8b684b09-b1e7-4b08-b599-3de4ea2edba0,84edddfc-2cae-42dd-9c0b-01db98247ebc,pay_blr_50850064,719.23,SUCCESS
b9f2cbda-1098-456b-b2d5-ec787cdac8f5,dd722324-e5d9-44a7-bf05-f07861dfc5e0,pay_blr_23238889,396.02,SUCCESS
92c7e581-1624-4f79-8802-0021a0b9d5fd,caf9fdab-6961-4678-82ca-6dce2bd12517,pay_blr_66237786,534.26,SUCCESS
84660027-b1d6-4d71-a2e2-ff510c0c3022,915bc420-c5ad-4a14-b9ad-57a66d669ab2,pay_blr_37772949,644.52,SUCCESS
0fd37fdb-3439-4b0f-ba1d-19276b0b008f,8f262b62-f5d0-407a-8aa2-251a02e6fe61,pay_blr_16914893,401.88,SUCCESS
c35ad0d5-edec-4d48-8087-322f6e941e73,6aa2312b-f922-4a85-896f-921b5068f51d,pay_blr_12098962,661.64,SUCCESS
d544c67f-845e-42fd-a428-3419367428e0,2e12dd24-845c-4439-99d2-9de6c1c482f2,pay_blr_34213769,240.03,SUCCESS
f3c6f52d-302f-43bc-9327-678454651454,795fb6ba-1ee7-49c0-9512-80df4fe62e9f,pay_blr_21403835,1029.64,SUCCESS
2d79abe5-6d06-4785-af23-0ca721d7d93e,9686cc56-5cae-437b-bc66-b78bc6c6a1ff,pay_blr_61639439,673.2,SUCCESS
687bc89e-2cac-4fce-9e80-7f68712f03ed,06dead06-ac94-4d5f-97b8-352f559c650d,pay_blr_10292428,694.85,SUCCESS
8f23ebc2-1737-4725-b2db-7739c50b8a35,b296f773-36da-479c-a72b-891fedc8580c,pay_blr_95443567,291.62,SUCCESS
48cb45e5-5d67-4e00-a212-fa9076a7f932,21c25483-2a3c-48b2-b110-f35e2a9fcf1d,pay_blr_49553600,787.88,SUCCESS
4ef63d7b-0fed-47bd-861e-c5b8741abc6a,ab335575-7305-4fee-a761-cbc09c10f182,pay_blr_89715350,656.8,SUCCESS
22d92a6e-c9b3-4a20-aed6-ec8f5d7ae073,aacc5d14-a3bd-4892-84e5-fa9843ca735a,pay_blr_66857416,824.62,SUCCESS
9b09ef28-8c5a-419d-a0d2-fc6e23c20f18,c119f829-990a-43c2-af26-1af30ffa369a,pay_blr_91212919,603.27,SUCCESS
9e21d518-f488-482a-9133-1c8eaa153d2a,a5ed4a86-a0f3-46ea-a2e1-c80c99d5a5e1,pay_blr_90142849,880.48,SUCCESS
fbdaf142-ce7f-4b43-995c-a6eefb4a32c1,8a4a9b90-fefe-444b-808f-0b4ed2c03f66,pay_blr_77137866,1048.99,SUCCESS
b1363ac2-166a-469d-92b2-2f5f632142b6,84e6d154-0f72-48f6-a6ae-ea902c5f1f04,pay_blr_22521287,550.95,SUCCESS
7de91c4c-0ef8-49fb-94f6-d6e4d96e7211,f9244966-3f6c-4c83-9885-ae0417aa796d,pay_blr_94260499,387.09,SUCCESS
84153a73-00d7-495c-9a26-b3b467fdb72e,cad1ecef-06ff-4a8b-92af-558bf12e0922,pay_blr_28850509,581.7,SUCCESS
b33031ff-30ac-4fe8-82d2-617cd6f2f7a2,ed6568c1-9d37-447c-aa31-c4eb2d7c3eab,pay_blr_15727818,395.8,SUCCESS
a28a5ede-3699-4792-8bbf-c62c5bef875b,726ade74-8b41-449a-98e9-f6b1f2efe8d7,pay_blr_34195880,271.5,SUCCESS
61bf53e2-a3d9-4ed5-856c-7467223ff970,2aa2ab54-5edf-4761-a73e-d3a5511fb47d,pay_blr_61040965,211.68,SUCCESS
e2e93b5c-c31c-4273-a1e5-8c83c2114091,183f78b8-f923-4ee1-9b0c-c9abe0626e6f,pay_blr_22407255,714.18,SUCCESS
6441f283-773e-47c6-ba36-265730205df2,22c18c23-1e69-48e5-9282-0c9ee14dcf64,pay_blr_87643527,365.32,SUCCESS
89040a5c-610d-450d-a048-728e19d43c73,c35954fe-244f-450e-8959-9102bee4490a,pay_blr_39343051,325.11,SUCCESS
3f003f21-76e8-4075-8402-ae073f8ca104,e60e9670-e2bd-48bd-b5ee-7f3f3f0c3359,pay_blr_67156511,889.55,SUCCESS
cab3b79a-b96b-498a-8a3a-9fb541a2f524,8a93cdad-ca38-4747-a875-37db393c5af9,pay_blr_22031000,421.98,SUCCESS
f1a65a1c-60a5-4337-ab2e-b93485fcb07a,e1767f77-74ff-4f6b-b79f-ee8dc2c17b5d,pay_blr_72269929,455.75,SUCCESS
e0888fe8-b385-4fc7-b170-09fc580d2217,d649cebb-9bd8-424a-b0aa-83d31e6e8b55,pay_blr_84590103,468.76,SUCCESS
4b71ba74-00f9-40da-abd0-c4788b6d9ca2,68cd49d5-a558-4d53-9968-2be6e85e4a2f,pay_blr_13394349,803.96,SUCCESS
605f2691-0b19-48c2-a33e-77d7fe12b0d0,0a3b12e5-fcbe-4046-b271-b6c4e77549b9,pay_blr_62452316,1407.9,SUCCESS
46cf1111-3c4b-457f-829c-2bbd9242a0ce,e0688c39-d429-4043-b998-019b0eeae2b0,pay_blr_92410355,308.58,SUCCESS
f2c7bf24-ba90-4b9a-ad1e-de103da6cfcc,903ea817-d4cb-4bce-97c2-5ab0f4be1dc5,pay_blr_78807596,543.12,SUCCESS
dcee6af2-851b-4d1e-b366-9393680d7148,d5705a58-1a8c-4202-b043-13a394a3d01c,pay_blr_14531191,766.97,SUCCESS
707380a4-1ad2-40bd-9608-5438fb0e1e75,467017f7-775c-476a-b806-08937042db3c,pay_blr_18889930,331.97,SUCCESS
9fdada31-a4c1-477e-a7c5-570cfb51cdcf,9a7d5400-f6d6-4817-a093-3b5c9bd62bac,pay_blr_70771788,316.47,SUCCESS
f5b92bf0-3fab-4635-a4fe-c17239038dc3,151abcd9-e57e-4278-b97c-0c7a27295273,pay_blr_56415774,715.73,SUCCESS
5a0aa205-2d15-43fa-bd88-c294733a07d6,b75c7ee7-25e3-46fe-a4f4-1271d3d1cf5e,pay_blr_40379009,390.42,SUCCESS
344f41d6-5a5b-4447-bd85-456d85d26537,574e13cc-5bee-42af-b200-f69a6cc153e8,pay_blr_26424667,583.99,SUCCESS
b7f4e58f-9384-487f-a48f-7be4dc3009a3,15e2cc81-e9b4-4432-be43-6456154d9cf8,pay_blr_52058336,643.47,SUCCESS
e1a6bb3e-b609-4fc2-9ad5-68bb385534ee,0aebca87-7f80-4e18-b59b-9a703941dc0e,pay_blr_24384568,898.47,SUCCESS
3e3667e0-4bdf-4d1b-b4a2-6f0739e4fac4,0247eeba-bf41-42f7-9e31-c837e57cd1f0,pay_blr_61341304,688.71,SUCCESS
9f3b1ce8-a015-4355-a3b4-c9dfc239fb04,29697adf-c1a8-44be-b9c1-5024db2eec4a,pay_blr_45725839,813.8,SUCCESS
56be85fe-a387-4b8a-8b4f-00bd6d8067ca,33404f44-0b0f-4d8d-a483-033e9840c2d4,pay_blr_29036590,890.95,SUCCESS
e2f5708e-17c0-4526-a525-0d700620282f,423e40a1-890b-4e79-8e81-cdf0b23f86ee,pay_blr_12334156,290.46,SUCCESS
c08c474b-c7c7-4e90-8a12-34d314b9ecfb,c943d1dc-5781-4870-9cfc-aedd12aa3435,pay_blr_39562206,672.04,SUCCESS
45b4826e-8ced-4bb1-9949-49c82a97523e,d8f1f3de-5550-4d9a-a1bb-b58035a9461c,pay_blr_79803651,1495.78,SUCCESS
3f6da143-ec99-42fb-bdc8-a14ad231b8e9,e54c8389-9317-4d08-9b2a-021fbd3b4afb,pay_blr_47985938,510.95,SUCCESS
93ed6d94-b501-472e-b2b2-15d749b7b1aa,47393b39-27b0-4451-8423-8d99553a6854,pay_blr_43383774,888.42,SUCCESS
5bdb4c35-5f70-428f-90fe-3a30455c48d9,e59fa9c1-80b4-499a-864d-c9a0c603c091,pay_blr_21488759,377.55,SUCCESS
fddc4a30-8bd4-4c5c-a174-2327d7050f67,52cb1fe9-c4c0-4306-8aba-8b878dec426a,pay_blr_85015510,488.11,SUCCESS
6d9a7ea4-8bec-4487-9cae-11363959e352,74fa0611-c41c-47bc-8c74-a446e3e4fc79,pay_blr_79525894,695.19,SUCCESS
1fa35af0-29f9-4bbb-bdcc-c5a04b1514d5,f1a21c17-08ff-454b-a460-4ec026b6092c,pay_blr_10004793,636.95,SUCCESS
c82b4bc5-e3d0-4734-9519-9718975f24f0,0615e5a2-37a8-42c6-aeb3-8585e8cb5179,pay_blr_68939010,297.96,SUCCESS
4cdcc2db-99e6-4d78-8a04-9ecf85db5582,a6465aa0-b88f-4c3a-b90f-228df5afa56a,pay_blr_11479031,532.68,SUCCESS
40e9b764-a8fa-4b32-be64-d9aa5df22fcd,6ebdd573-56fe-4d54-989d-e4c57cffa8e5,pay_blr_85584413,650.69,SUCCESS
bd6790fa-8153-4f6b-a42e-6b27b5d8e91d,ff8b1078-0f97-4088-89be-6ab70ee199b3,pay_blr_87943552,473.09,SUCCESS
c7e651d5-2bdb-4d76-a933-2e77676336a6,d8b96bd4-00a9-4a00-a4be-c74f116e6697,pay_blr_18311653,207.53,SUCCESS
582fcb32-c891-43c6-9242-2c0640aa6e81,a110b5c3-9346-44ba-8367-89db15268050,pay_blr_21545180,731.72,SUCCESS
ffa14679-fcf6-416e-9590-681e654986e6,1d140449-e58c-4de9-9c38-ae967ef5743f,pay_blr_68905216,585.46,SUCCESS
475b6c79-5918-454c-b5bb-dcbbd6aba590,3778f970-74c0-4d67-9be0-74cada8320c0,pay_blr_87222958,473.89,SUCCESS
d03da678-5f45-4952-b960-f535b13181e0,aa565149-bae7-4338-8425-aae1906afb0f,pay_blr_19786069,568.15,SUCCESS
8156b452-f34b-403d-8646-d4095e12978f,6a5a5a5e-120c-4a52-a67d-41f900e0f8f7,pay_blr_60920647,701.68,SUCCESS
f0c436bd-af55-4eae-b8d3-0325f2a9f9c8,24274a9e-2eb3-4fb8-9760-d2e0526d2664,pay_blr_11999650,428.33,SUCCESS
70a3f9ef-1741-459c-8912-f8b5150c4191,d34837d5-cca3-4e3b-8faf-4095b3249d62,pay_blr_42776746,991.82,SUCCESS
3ca49b89-e710-4b42-9f7a-a4ce93e76487,1f86d66f-48f2-447b-8a0d-497413715b70,pay_blr_97229186,649.49,SUCCESS
02b24d1a-7eca-4e3e-a5ac-927daa605dd2,35c072bf-917c-4ebb-a294-4d8527ccc2bf,pay_blr_45236547,497.42,SUCCESS
c9140764-13e7-4799-b315-d9ddb0febf74,43a54b0e-0bcb-4354-97cc-95f9b4f94655,pay_blr_47674933,1037.01,SUCCESS
72ef4db7-888e-4151-944d-6ccc6052728c,9e0abb5e-97b8-457c-9fba-67e030975266,pay_blr_58147073,773.62,SUCCESS
c9d42dd0-a324-47a4-ba48-1b3978931f0d,ce46bb7b-6bc6-43c4-b9e5-18ef922ed0ae,pay_blr_97859036,462.36,SUCCESS
4456009f-395d-490b-8c79-23ccad184704,5d7bb3da-7b45-44e3-a9c8-fdf851b71be2,pay_blr_37386042,507.36,SUCCESS
0f4beb63-d395-4af7-b207-fa12c59dde7e,20b479ce-3717-4851-8443-efbc33aea7c3,pay_blr_91743716,363.39,SUCCESS
f5c2efca-fd32-48e1-a272-2fceeda7a914,a0b32f57-576c-4803-bd9e-2e7c357ffb3c,pay_blr_73394946,889.29,SUCCESS
30c2ac30-0be6-4b88-a13d-d9f07ed25758,346c215b-e492-4f6f-b0b2-76805b976551,pay_blr_57242574,357.59,SUCCESS
ef798755-4c34-424f-8af2-e3b7927b454e,b70c1fbf-7421-424d-a8e5-804338c4e9cf,pay_blr_29917719,555.04,SUCCESS
468e183e-b871-4c12-b3b3-e6495dbbf3f8,384f2651-0401-4392-ade3-680c7583f38e,pay_blr_79108317,434.36,SUCCESS
7d09dace-e7c0-426c-b52d-555d67a31cb9,1d1390b7-7cc6-497c-aa37-8b447cc49c79,pay_blr_94668837,270.14,SUCCESS
f4e08abe-b24a-4503-83fc-95dfe297e325,98a7e837-9f57-4135-93f0-ceff0c16f77c,pay_blr_78213192,1099.73,SUCCESS
7f13a93b-5eda-4657-b0dc-db86305aa922,62b88eca-6255-44e1-af49-eeeefa70d2d1,pay_blr_46755323,326.17,SUCCESS
37b514d5-714b-4a99-a02f-8bd356fee84a,90628f07-81f2-490f-8db5-084a96ddda37,pay_blr_68017753,1010.4,SUCCESS
5a7731d2-c2ca-4f02-ac43-df3662e2a314,3da4b63f-fa16-4bb2-9de8-3f0878f73011,pay_blr_60493924,1108.77,SUCCESS
057e6e0f-5043-49b7-ba55-db4a4e14c8ec,9857b2c1-382f-475a-938a-270a96360d7e,pay_blr_33906194,432.29,SUCCESS
e489d401-b80f-4d2b-95f5-6d26171b0349,66fc773f-c5eb-4518-b0d4-1c7e7d2dc29d,pay_blr_90672745,896.1,SUCCESS
43bd4139-a6e5-4a71-84f4-e5533a77bf07,6709e61d-2689-4ee8-9849-8b7131f2c44b,pay_blr_60893769,701.4,SUCCESS
58dd5800-e992-4bf2-b32f-1f95d48cb2df,5eeedf75-7b81-46d4-9588-5397b67dba16,pay_blr_50462140,661.91,SUCCESS
db5afa2b-bcae-42c8-a7a6-5245bf1a4dff,6b456429-0d74-4d03-8bdb-bf4e9b8c3e55,pay_blr_22825399,460.19,SUCCESS
4f38c20f-b01b-492c-9fde-716cb5a3dab3,e4e67db8-10a6-46a7-b695-25ca1c3da7a3,pay_blr_74874074,158.59,SUCCESS
490afc74-5f97-4bca-80aa-46d3793fdba1,ab7fe385-b86e-4ddd-a143-915d49f9b159,pay_blr_96277647,798.03,SUCCESS
965309d2-f1f8-4cac-987d-8b2664a01811,76c650cf-6146-45f5-bbf4-d8f56580e5c9,pay_blr_51802776,416.39,SUCCESS
4d092885-9001-428e-8ff7-f7f2aed09ba4,e4d89454-6be5-4705-bdea-55b1a414021f,pay_blr_67136758,322.7,SUCCESS
0cd16479-a8b6-4fde-8130-7aa2b40fd904,65f590e0-4b90-4678-94f8-426f1cb0fa9d,pay_blr_49829248,185.86,SUCCESS
d428963e-d25b-472d-abcc-09cf678a7f60,efb27aa7-e059-44a8-a7b0-2aeea729284a,pay_blr_28164926,360.78,SUCCESS
6b95fd6b-5bf8-48cd-bab9-d34a134d25f1,f47c812b-268f-4d2d-b989-7cdae848e22e,pay_blr_30998769,308.86,SUCCESS
4f033ab6-6f36-46ed-b064-076eb93c5abc,80d650af-2206-426e-be9c-df94aef75301,pay_blr_45290889,775.39,SUCCESS
3558a43e-ed98-47a0-b68b-130ce5ea18c1,5003b985-c0e4-4a28-b973-78132b9ce94c,pay_blr_78679917,1198.12,SUCCESS
5af5a648-a54a-4e17-9a10-5d2f993b162e,77f084c3-e075-4a03-9e0c-c1b994dafd0c,pay_blr_95063153,347.51,SUCCESS
4532d7c5-1e07-4b06-8356-df50cc203749,7149d7e4-1c25-4f24-9d26-13b5f5ea02b4,pay_blr_60225060,354.21,SUCCESS
638a140d-2a62-4caf-a63a-dfb0e87a7c1c,57a85b54-5eef-40e5-9861-0ff7f4a51a0d,pay_blr_43962179,290.63,SUCCESS
4b110d4f-029b-4c44-85c7-ca13721be09d,75255a30-1028-495f-895e-b0efc80805d9,pay_blr_18365183,347.83,SUCCESS
74e1fcaa-6c05-4031-9ab3-db8ae3d66673,5a0e5df5-f960-4775-bf24-3ffde6e5e430,pay_blr_35895959,435.98,SUCCESS
d6d174fb-2758-42a9-8b1e-f5092662d6ce,26ec8293-95c7-49ee-9537-7ad800583ce5,pay_blr_25604379,333.21,SUCCESS
7a081eb0-e9fc-4750-8e60-31367d2414ec,a7d6ade0-e617-414f-bda7-04fe6d7250b3,pay_blr_49585149,554.88,SUCCESS
55beba5d-8717-4082-91af-8d8d04da4f5e,420ad81f-7d30-4ab9-acec-a006a36a6acf,pay_blr_22181265,487.11,SUCCESS
8d62289f-aa84-48a0-9bd5-bdfc37df051d,88c00375-8306-451c-bdc4-af7b25d639ab,pay_blr_34986069,542.46,SUCCESS
f58e3105-220e-48df-bd22-837e17ca0e36,13e6bb4e-dd21-44ce-82f9-2e2a48ce0b90,pay_blr_67162555,387.01,SUCCESS
f77a08d0-a062-4126-a1d5-b98d04ea7cdf,bab41f8c-6b63-424e-900d-d07b1fe56271,pay_blr_98396950,1112.08,SUCCESS
5d19f577-4c2e-4820-834f-4d8373572165,31e05370-19ed-4f7d-9323-14a3afb30415,pay_blr_99716075,334.03,SUCCESS
929b7870-3d8a-4bc8-bb3e-589758f7b7a6,fb2be265-0591-4fea-9c63-3ce0da1f8608,pay_blr_63442916,1003.46,SUCCESS
05ba165f-5595-45ed-a308-050435bc91ff,3172225e-907f-4ee5-a50c-1fba98522183,pay_blr_31593455,574.71,SUCCESS
8ab34a6f-5d0d-4f45-97ff-3da36fa3c6b5,f732af62-81e6-448b-b741-9b47d39b7622,pay_blr_10933716,1070.76,SUCCESS
b322a27d-60b9-4cba-ad7c-691f9670ff5f,bee18a79-834c-4288-a50e-073dfaf7581d,pay_blr_49954382,1053.54,SUCCESS
fc9a0a5d-fdea-4425-8c77-4caa8d886042,eb4484b7-bdff-4631-8614-f30ec7e6a178,pay_blr_20571641,596.8,SUCCESS
c081a9dd-499a-4585-8a72-2bebf2df1b3d,89bbff34-abbb-4bba-a632-8cccd9cdebdf,pay_blr_47158689,965.91,SUCCESS
c45a1881-7c9c-40a5-9532-e257e992003b,d3d1dd73-2c48-4590-8478-8d30e417ef6c,pay_blr_11686744,806.25,SUCCESS
a8c1ad36-0b56-4456-8a6e-be036c95e00e,944f878e-4153-466e-a50f-bdc3bfd164b5,pay_blr_82154472,1168.91,SUCCESS
15a4d4fe-8d1c-46f8-ac6b-e536e474e998,923dc5bc-31b0-4ac7-bdd6-b69e6df59eec,pay_blr_63694387,686.5,SUCCESS
ba6bc955-b39c-42bf-bbf5-7b6f55b88039,2dde7699-1e92-4d71-8b48-05aadbff57f5,pay_blr_43546480,693.35,SUCCESS
3ad39709-49c1-433d-93ed-899eaefdb4a4,3b6a4791-506e-48bb-86bf-a04847124fca,pay_blr_49323367,546.66,SUCCESS
f50aab64-ec40-4818-97f5-df1672818c62,fe5426d7-a4b8-4e9d-9094-5a2208270f69,pay_blr_61716183,874.83,SUCCESS
d225a18a-866a-4d84-9e94-6a07730bace9,9f2e8bcd-6e7b-4413-85e6-83e9a6df61f5,pay_blr_26650628,475.62,SUCCESS
97b9b71d-62a8-4883-9eb9-9e38b441af17,2ee8ab04-1d64-4937-a2a0-8a3e7beca5c1,pay_blr_49633430,600.65,SUCCESS
2dc839ba-6c7d-4307-9551-dc77ce9d692c,8917ccc2-fc76-445d-84d2-a10e745dfcdd,pay_blr_49578072,197.25,SUCCESS
abf99868-4c46-4970-8458-3bba5cbfcfb9,3f0adaea-c2be-4b93-bdfe-c7ca4000b7c4,pay_blr_32872059,305.88,SUCCESS
f6e17b1b-cbd1-45d9-9c4e-40e8d44ffa6c,69c01fe4-f9a4-4213-9bd4-d76f7cf02909,pay_blr_91690443,502.53,SUCCESS
af4cba9e-e3ab-4bc1-a3dd-7b6e5eff2a81,d54ddb73-39f7-445a-a480-9521972087ad,pay_blr_19019126,839.23,SUCCESS
af1b2a3d-af4b-49ca-a773-a0009578d5b9,1dc1c3bb-6191-472d-9d0c-641cc3412e39,pay_blr_80136507,213.71,SUCCESS
7050a814-49e0-4c2d-b1a3-7bddb1b194cd,7256124d-3074-4bfa-afc6-c07b29946be4,pay_blr_95219204,492.04,SUCCESS
8129f4e3-6673-4683-a907-1675c1a95548,940b8651-a74a-41c4-89d0-cde54d60a5ed,pay_blr_52843311,612.17,SUCCESS
440a7f0e-7e84-4f29-a2e5-1a0a36ddf9ca,a9fca044-831d-41cc-af1d-80f08237727a,pay_blr_77347727,252.35,SUCCESS
7446f8df-65d3-4aa1-b7e6-ecf235868065,2e01fac1-3e49-4372-b46c-7a2daac96aa5,pay_blr_45279856,658.69,SUCCESS
4abcd6e6-6f4b-4986-972d-a4a8cd6a7295,0bde2583-28a1-49d0-9553-f53a4ef1b4c0,pay_blr_98859467,691.64,SUCCESS
1bbad2f6-187a-4c6c-b034-80a5543cdfd7,1564f1da-7509-46ff-886f-9f1f0ddf9869,pay_blr_98505617,404.72,SUCCESS
f6afe19e-08e0-4f25-9e4e-925617c423bf,10d53ad6-b744-43f9-929d-0c32410dddca,pay_blr_89162732,564.96,SUCCESS
29b2ffec-67ad-4c55-ae7e-e3e40d3e2827,8a7e1213-789d-40d0-b261-7e4228e89287,pay_blr_53119744,501.61,SUCCESS
fe586293-1449-45b8-91eb-c61fe30508ba,56585fec-bc74-4e27-86a3-219ae46d3a0e,pay_blr_14306243,388.33,SUCCESS
77463d5a-42ea-4289-82eb-dcf7d3e4f109,949761d0-bf3d-4d88-aa08-9f7650b04208,pay_blr_34383847,798.88,SUCCESS
2e551541-127b-4939-b7b8-8ecfeb0d7835,469c0c45-b0e8-4b05-99f5-3a30718172cd,pay_blr_35346665,523.01,SUCCESS
fa4c8b0e-c721-436c-bac1-d6726ddaaf37,9199f0fa-6a52-41a5-99f8-f10185cd63ea,pay_blr_61070501,908.43,SUCCESS
2fcd5bfe-3020-4821-8799-0ec4c6096164,dbaebb24-00cf-4f42-b5cd-da36f7509b2b,pay_blr_50358524,590.16,SUCCESS
426583af-f55b-48e9-9db4-a3449163d1dc,424317c5-ee26-4a11-8856-f82ed294cb63,pay_blr_65683763,398.32,SUCCESS
1b311d6b-b9b6-4b64-a1eb-85d33a62140d,6accae49-6263-4fdb-a557-69582298e015,pay_blr_73149753,707.4,SUCCESS
44ab814f-3f26-453e-a3a8-f7378dbeb5fc,220cd897-b6cb-450d-8666-3f2f70b79501,pay_blr_86670472,1204.74,SUCCESS
e25c623c-edd9-4ff7-b560-cb8dc3e25362,8ef1dee3-8fe1-4479-864a-7ad30f28cf0d,pay_blr_29491232,584.1,SUCCESS
b916d062-2455-450f-bb48-ae837c3f0bf7,39590b38-3d59-4c5e-a0e1-e2c9d6a4b51f,pay_blr_70680386,286.44,SUCCESS
01cca6ae-45d8-47f2-b311-81e50014cdc6,a2141487-a9db-4f27-9c98-04e696e8d0b1,pay_blr_26951598,1344.56,SUCCESS
182b2945-fd7c-4210-9829-c56325fb5a84,5f7b0dd9-c50d-4dde-82fe-82aa30c1947d,pay_blr_31307037,680.09,SUCCESS
131ef815-9f8b-463a-9622-f4f31cafe6e6,1a4e84d9-39ef-4ee7-ac55-de21da28f2a8,pay_blr_65079671,1144.9,SUCCESS
4520fdc4-6f9d-427c-bba3-e4d93e159af2,2d8c41a9-d793-4596-aecc-2c8dba22acdd,pay_blr_95464025,867.43,SUCCESS
a0e8f399-2ea0-41ae-a427-59f7a00455bb,61fd415f-5ce0-46b4-b680-5a2e1392ae6d,pay_blr_90402724,781.85,SUCCESS
b6183f5e-e5ad-4bf2-a9f2-3f367ab41e4a,7f0bc705-d545-4703-8b76-386c47777f73,pay_blr_61349988,936.8,SUCCESS
6fb9ea6e-9721-4aec-afd9-7eca5e9dc134,08eb04e6-d725-45fb-9e11-fbf20e8bce5d,pay_blr_58128991,1099.93,SUCCESS
3a20d12f-8e0a-4f08-8d5d-e2a99fdf3b33,1b6b93b2-86e8-4623-b85c-4b30ca707b59,pay_blr_54796947,818.21,SUCCESS
37697181-a8b7-4e4b-8a7e-6c7b61edba45,6a184827-2714-42aa-a2d4-e7cac5f11822,pay_blr_53320084,598.07,SUCCESS
88aa4be7-5ce8-4a38-b36f-89cc68729c61,5126eef8-2f82-42b9-852b-e7a17ae38ae5,pay_blr_86518436,892.98,SUCCESS
90d1c0bc-6309-4cce-a2b2-458ae72d1e3d,9db1f859-713b-4ef7-9b51-32c95ed563dc,pay_blr_45374067,829.38,SUCCESS
d14c7c34-bf1c-49d6-ae47-5e94d9c7448a,32410ef3-843d-450b-bbf9-da4961ca0d57,pay_blr_96565865,546.42,SUCCESS
70b88f48-5510-41ae-aea6-5c6539fa296b,d4d0730e-8e13-432a-bf34-587afc0a27f1,pay_blr_47056223,273.79,SUCCESS
4c62a10e-7d5d-4c2d-a886-871ccd9b1f5b,a36a5d02-80d5-48af-8b64-c95d0777bd7d,pay_blr_88768688,425.06,SUCCESS
1561aec4-7697-46fb-9a36-f7c004c97001,0961c4be-51ed-4d57-92f6-9491ed206fb7,pay_blr_62002811,541.39,SUCCESS
21348fef-ecb1-4731-be6c-f9b07bc5460c,510f0163-c039-4366-99e4-8859cbf0ef13,pay_blr_17938468,601.68,SUCCESS
295193c2-4ede-4ff4-9da2-f307fc9d85d9,4658b1f9-a599-4069-a5b1-9eb528a7ead3,pay_blr_69741176,1224.78,SUCCESS
5df73a66-33f0-42a8-8af1-042754f63afd,61b89425-a8b6-4574-bac1-9bdf4b2b8e5e,pay_blr_64262173,994.47,SUCCESS
25aa0732-b877-4070-82c1-4cbc20a092fa,953e1548-6b94-4381-9b76-0a97732da46a,pay_blr_85330101,1015.44,SUCCESS
9475da4c-2d53-47fb-90ae-a6053284cfbe,21a80e08-1713-4d3e-af0e-c36f32036ed2,pay_blr_80328000,580.87,SUCCESS
6ce9c838-42ab-42b3-a6a2-33e9138e42a3,b99ca377-3398-49d7-9919-2a03ce3db62f,pay_blr_62333608,916.63,SUCCESS
6665a07e-90a1-41d1-b812-9fd9bd6d71ff,0b51f9a2-c692-4455-a1de-071b58706a59,pay_blr_35433791,347.48,SUCCESS
7ce00193-3dd7-4cb7-bd33-3cc0b98d11d4,1d0e81b1-6068-4419-a8a0-4a126431c3b1,pay_blr_26025691,293.62,SUCCESS
908ddace-1b6c-4423-95de-7c5e69eedc00,b9d33a43-ce2f-43cb-a8e9-0edb1681f535,pay_blr_92586963,170.87,SUCCESS
3c4822b6-1d98-4136-a1a0-2505cad42a5e,7989ab80-21b0-45d5-8cfd-8014c0c4959a,pay_blr_61007346,516.78,SUCCESS
bdd43156-ae96-4ae3-9015-207beb5a9583,7c0f7e87-e4da-41bf-92d3-86042b0190c5,pay_blr_59710508,306.75,SUCCESS
dbbedce8-67ea-458e-9959-f9fcdb0cb3e5,c46efe80-8736-4762-a16e-1267865b9597,pay_blr_75842162,350.41,SUCCESS
3062720c-0e78-42d0-9e61-2400fe864185,f4c69be1-0185-462e-9c6a-4279612842bd,pay_blr_94087394,780.28,SUCCESS
3ee89817-8ada-4e81-b5a8-0a683660f972,aa9c986d-fec1-40ed-bba8-111cd7fdd270,pay_blr_51191284,319.7,SUCCESS
15476d4e-010e-40e2-8567-4554e7e70a9e,bbc74c85-4f58-4cc3-ae55-31f214d8212f,pay_blr_86154186,437.1,SUCCESS
894c282b-ef7c-482d-b79c-1c38f053babf,fc2671cd-e589-4217-9fe7-71c8bce069b2,pay_blr_17080348,701.56,SUCCESS
0274c862-8b50-4781-9c4b-9a6b13ac1531,f3eac322-d110-4d73-838d-9237f7aa2b52,pay_blr_92985330,659.64,SUCCESS
8776b297-a18b-4bb4-ade3-c195fe131f8a,51691405-0ec8-4ee4-b372-09156305ab35,pay_blr_88502768,296.03,SUCCESS
8b03b3f7-0419-4a67-aa99-d95237c1b402,7a93a558-78b3-4684-bba0-db73e78decfd,pay_blr_32398512,1481.18,SUCCESS
3d7e35a1-ee14-4568-9438-2fc12388f4f7,7b6f189d-9543-4ada-ad34-051c898e1cfc,pay_blr_35891060,1016.78,SUCCESS
bd597c3d-d3aa-499c-a28a-f54cb85a0193,b321ab06-42ab-49b2-a242-11e6b162479c,pay_blr_17538528,1305.55,SUCCESS
05a913a7-b63d-4793-a28d-2aadf25ed922,4033a21c-6168-4fd2-8be7-817c5babc5e0,pay_blr_89431668,703.24,SUCCESS
39d7edfe-1bcc-4f38-a087-c2b88517414a,3fa3eccf-879d-4e34-bae6-8feb5f2f02e8,pay_blr_18677624,820.89,SUCCESS
618ecdea-ea74-421b-bd44-6e96eaa69362,9ba5f4c7-c8bc-4a64-88fd-b931560bd123,pay_blr_71960301,577.77,SUCCESS
4005360b-0676-4e7d-acba-23f7018991a6,2db0a672-5572-4a32-b964-61e0ea65b094,pay_blr_76749487,734.89,SUCCESS
f18f2f17-3a3a-4a09-a6a9-d03953beb64c,ad6f7ee5-f180-43ef-939e-623399558c75,pay_blr_28988828,408.26,SUCCESS
40b26cd6-3d09-42cb-bb83-8be22099e389,9e0c6617-c431-48d8-a99d-59f41a551ba3,pay_blr_85876997,713.91,SUCCESS
a86aa416-c7af-4268-ad62-c26aabb47418,060753cc-0605-40de-ba19-c668c73798c3,pay_blr_41812000,1228.18,SUCCESS
edcff4ae-3e6f-42b7-814f-2703ac0c5fb8,5dadc1e2-5d89-4c44-bb20-272d824dc833,pay_blr_93302571,577.32,SUCCESS
842a1d24-5a44-4f99-9cd6-420712377416,c35a5d30-b913-4225-a512-050d8831d9be,pay_blr_45029200,906.59,SUCCESS
43ac20f2-6d67-4bba-964d-80b1bbdc69a7,fe7ee577-217b-46ab-81c7-4afcd0019936,pay_blr_17036160,971.25,SUCCESS
af1e69c6-df41-437a-8115-5a197b394215,2e9d34f8-9296-4052-8714-dfafa73caab5,pay_blr_27698856,306.29,SUCCESS
438867a1-e55b-467c-aca0-947133d85eb4,15d4e3fd-a3c0-4710-b08a-cd06e131005c,pay_blr_63148900,243.78,SUCCESS
7f9252ba-36b8-4c78-a2f0-d44c085ef2e7,a173dd54-b7a0-4f0c-b242-97c6e05f8bb8,pay_blr_77187230,281.96,SUCCESS
0a62c6aa-37ae-4a76-b0e5-0adc0f2fecf6,945219df-68b4-460d-b338-af1e42a4729c,pay_blr_20821631,164.97,SUCCESS
d8e86494-bb43-4fe7-b72a-fbd2b6667979,9708c672-fb8d-4216-82ee-8e5fe8e74adf,pay_blr_36276131,324.19,SUCCESS
c32c34c7-c86e-4a09-ba52-63d17750fea1,10c7bc39-d4cc-4eef-98ef-4c7afd6e532a,pay_blr_72247467,385.77,SUCCESS
94fd42a2-1f91-46a6-9658-e13929ad3447,6e5cc990-130e-4c29-8080-bfb912454503,pay_blr_24396406,667.28,SUCCESS
0e635a61-fdfe-4799-9808-24a1ea204f11,16823d38-7fd7-43bc-a6ba-0fbe58ddf661,pay_blr_13005743,336.27,SUCCESS
1cf7994a-c4b4-47e7-9fae-ef605acc5594,ef294909-c583-4618-978c-f302eaaa6ff2,pay_blr_60657129,756.27,SUCCESS
2ba4807b-a3f9-424f-b39d-50c0563dd483,3fa64f87-5d62-4f64-9f6a-035ff3bec4f6,pay_blr_85020246,967.53,SUCCESS
defdb972-6bfc-406c-8121-fb811e9ca158,1dce667a-f088-4f2a-95cf-cdb553aebb83,pay_blr_76372099,502.44,SUCCESS
2bfb9ec1-d584-4fdf-b764-1f6c946e8141,0d874db3-52c7-4cb5-8831-3afb3c433ae8,pay_blr_37623724,386.33,SUCCESS
b0956196-9985-4119-97ec-e7045b9a7d1c,5c08a717-4129-4e2d-b88d-a2ff2d073167,pay_blr_57128455,476.96,SUCCESS
68fd7bf6-4769-4115-b206-d554917cbdce,2d32f9ae-a5c7-4a1f-ac24-159693e36d6a,pay_blr_14173828,383.51,SUCCESS
27fd2f61-068b-4dc9-ae60-c8a4bf31d85e,60c924dc-f2d7-4058-a917-3a63bdb67de6,pay_blr_82345677,510.56,SUCCESS
d248f535-a618-41dd-b638-6700e2cb7aa4,f721c4ec-d454-49c3-a0b7-371ca10ef9e6,pay_blr_53335214,312.39,SUCCESS
c51e97fe-0e3d-429c-a2c7-85a7a87e62dd,437be0bf-27d2-4832-b7ce-a2cf2135de71,pay_blr_75914192,519.28,SUCCESS
a256a945-d819-481a-82a3-e53c4ed054d5,326e31c6-cfa5-4864-af33-b471474fa7b5,pay_blr_25581274,368.91,SUCCESS
97ad174d-30ff-447c-a595-fb097059c562,960c40df-03c5-470a-943a-b09206b1b54f,pay_blr_31742644,631.69,SUCCESS
736713fc-3732-4363-88ae-13fedf448554,649ffd4c-ddc3-48e3-9936-4efc133bfd3e,pay_blr_74476742,578.85,SUCCESS
25ce265e-9622-4781-b857-ba6b16ff1cb2,eff3674c-5bc1-4374-84d2-0be9502fb7d2,pay_blr_45227919,574.4,SUCCESS
2c03ed69-9d9b-402a-8f8d-039f3fb2ed66,a2235afd-5ae4-462c-b15f-bb7b113c4786,pay_blr_79962130,374.06,SUCCESS
bc54e22f-b452-48bd-b8fc-aa93ecfcd39a,70b45847-3e1e-4cdb-82f7-874502f16485,pay_blr_78644309,318.61,SUCCESS
b736cfce-1928-4621-9caa-a1799986be6e,082b9792-1353-4b43-abdf-1125a75e91a3,pay_blr_35671365,338.1,SUCCESS
51a70b8b-9ca2-49b5-8461-68de754fd1e8,1b4ba633-8dc1-47f7-b3dc-fde2901ae9cc,pay_blr_95710818,586.18,SUCCESS
a503027a-1765-4de1-898f-557d916c4648,9d03a238-e400-48eb-8858-60cf0bd57fa3,pay_blr_35357498,424.29,SUCCESS
aabf7c04-3d5e-4eed-9076-7369d3924184,e0c9432d-08a4-4c0e-a032-a89e72650588,pay_blr_46025956,313.81,SUCCESS
77da5afe-c4b0-473b-a087-45f65a1143fa,5d5b9044-92c0-4596-ab27-2a27176534c5,pay_blr_84317731,375.27,SUCCESS
076aa40c-4a48-4267-9b4e-7817c5c4d4da,98fc5a27-099a-4328-9c9a-99fddfdc6c58,pay_blr_41162770,1049.48,SUCCESS
88bace31-e125-4f2a-8472-e302fc8d3307,22d51bbd-cb2c-41e4-a85e-794d0d9672fd,pay_blr_49014249,1088.43,SUCCESS
47dda047-de83-4392-9fdb-b4605e2d0237,8212ad41-2156-41ce-a93d-bb6565ea4282,pay_blr_56738646,392.73,SUCCESS
fb640211-d2cc-4e49-a30b-12bf2862f065,2215ba60-3bf9-4470-9a71-50fbc8bfcb58,pay_blr_68504671,542.23,SUCCESS
8393f854-8b1d-4a70-8456-ef0caba45c71,90c51d48-90b7-4105-ba86-30e28b7df93d,pay_blr_72080682,500.29,SUCCESS
a07bb817-aae4-46a1-ba1f-3e309a0cdd4e,1043ff36-b662-4cc3-80a6-0ddb39c405a6,pay_blr_24747331,689.1,SUCCESS
abaa3756-911b-4b4a-9191-98416758dfda,30e3bb11-4416-4888-ac85-e7ccef5f70af,pay_blr_77072182,673.46,SUCCESS
a3d3a8d4-f147-418c-8dac-7d3114dce712,2d1d81bd-10b8-4169-9538-58f18dfc52d0,pay_blr_42815131,553.53,SUCCESS
31b6b92f-dbc6-484a-b411-5dd10d10d537,fbc74f63-5893-4084-af41-9225fa6ed741,pay_blr_57050710,801.69,SUCCESS
2eba8255-b0dc-46af-b95f-32e529d3c609,6ea58d52-2ce9-4bfa-aa71-0293c755ea96,pay_blr_23596622,468.11,SUCCESS
2fc52786-a74a-4868-b819-9412a64462fb,6a545e3c-8dd0-4829-8637-d8081ae85ff2,pay_blr_26548749,615.33,SUCCESS
e2693abd-040c-457b-a49c-aa9bf1ee3b62,fec7e7a3-4c29-42cf-95d5-8fbbf06d12d0,pay_blr_61524781,253.51,SUCCESS
e6962488-3171-48e5-8e5d-1a4a28c11fe9,e8fb719b-da4a-4c1d-a78b-0dabaced4d03,pay_blr_20733328,454.27,SUCCESS
24543dca-3b59-45ae-85b1-4f083d87b28d,55634905-a884-4074-8c57-c52422ccffbc,pay_blr_68233497,398.34,SUCCESS
8129c90b-9c26-4729-ae62-fb549c96e590,9996f718-bfd4-442e-a5e4-f14fd1ab8acc,pay_blr_20888977,481.77,SUCCESS
be2780e4-6436-4bf5-993b-5b36f10bf37b,f677654a-c44d-4bfd-9763-f9e621273951,pay_blr_41556108,328.92,SUCCESS
1ac9f3ad-36a4-4e1b-b3d6-1ae50b53cd96,14392b64-4541-428d-868b-ebcdf0467d6e,pay_blr_49114136,458.45,SUCCESS
2be46948-34f2-4b25-9f6d-bbd3a58146e9,61a90b0d-6e6b-4776-a5a3-b47700ff5ae3,pay_blr_48177542,850.55,SUCCESS
c3b92a33-dd4e-45a6-80f9-8f00bdfc60ab,f5493b83-732e-4711-92d1-d53059cd2154,pay_blr_71912861,859.81,SUCCESS
a3749372-6eb1-4f79-90ee-c15bcb374c3b,2c0ad1f0-5099-47ad-9418-929c1af0c791,pay_blr_18865799,753.13,SUCCESS
e58f8eda-e9e3-4076-aade-6b8f947a6736,de98fd6a-0e73-4446-8a57-235a5ed070c4,pay_blr_75349833,811.33,SUCCESS
22a349e8-b68c-481f-8a73-8628388b94e3,971195af-ddbf-4f71-a024-4d701f6cc1ce,pay_blr_62437549,387.73,SUCCESS
3a8326be-b56c-4942-938b-7a0c84059c2b,aeae0f94-9eb7-4911-9ecf-d9ce2bacdd65,pay_blr_45527500,224.66,SUCCESS
361d909b-3a77-4c7f-bb7d-10e154161ce8,9f7af0e9-248d-4116-9e9e-99203f837f00,pay_blr_77343991,261.37,SUCCESS
adef18ec-ba2b-4912-9f01-0f9e9e1bd792,7a212c58-65c2-4a49-a630-9e012809c5be,pay_blr_96817795,492.13,SUCCESS
fd977609-902a-45fc-af30-8be6d9b173ad,23675223-3d94-4c1e-ace9-28c5f74e91e7,pay_blr_30880066,346.06,SUCCESS
dc1005d8-5cd6-4d27-aef7-16b684f5d497,16876575-71e5-4849-a14f-2ecd8aa8c001,pay_blr_21599659,533.35,SUCCESS
ea918fdd-a055-4807-8fd3-75c8c2a17ee1,53d48642-9b8d-469a-9e5b-cfb6450eafe0,pay_blr_61979251,302.29,SUCCESS
c2ceef98-00d1-46c3-b040-ebd8657f63dc,9bbfc518-a37d-43de-870a-15afdc7a3ec6,pay_blr_76349917,489.46,SUCCESS
1f27c2bb-bf1a-40e2-8f9a-bc61ed314cfa,252b2beb-8c8d-4428-8249-8f2bce4d7687,pay_blr_65301707,321.44,SUCCESS
bbec4d29-e8d8-4068-a1aa-d852bc5dfe82,d5d4d936-ba32-4beb-8318-2a00a86f49f2,pay_blr_34510701,425.96,SUCCESS
159f3988-7d38-40bc-8281-18e4e7f4e089,87140754-6dd5-4fbc-b02e-48713cf48a17,pay_blr_98301804,504.89,SUCCESS
e1bb2b33-be40-47f2-a6c2-97d0053cfaec,93ae1259-d5b2-4ac9-8eaa-10f8187c7fbc,pay_blr_64490879,215.92,SUCCESS
9b7620b6-ffb5-4dbc-ba1b-ec81c6604b64,e2aab7d2-9f1c-4f05-8a66-aec76acecc6c,pay_blr_10709540,524.89,SUCCESS
7926af13-f1c4-4273-9cf5-716a5ccd40d6,25526c95-b76a-472b-9e1c-69a7cbcf55aa,pay_blr_43948523,811.24,SUCCESS
bddebdfb-dbe0-4ec0-a1bd-009ec4bb9287,32deb9a3-3a63-4af6-908a-4c376d92916a,pay_blr_53635741,1002.61,SUCCESS
e7a75031-4f17-4650-9e97-1858396c5b99,c9e2f3cc-b853-45bb-9a9e-083fc7572818,pay_blr_80367938,238.34,SUCCESS
c9ee79e4-c98b-4f38-9e44-f047663f2a84,d4eff6c6-1664-43cf-9a82-4414f16be27c,pay_blr_75216738,908.6,SUCCESS
cf4b9429-a83f-471d-9b08-7496018cbc78,da8f07a2-a970-4f97-9cac-b6aa1664cd6f,pay_blr_76711135,979.68,SUCCESS
1ca24e30-d31c-4d86-b89c-64bc00516c1c,d78466cf-3f33-4138-9c50-1817823ddcf8,pay_blr_20236554,730.7,SUCCESS
ebe45b68-9c37-4341-afbb-d443aaafdbf9,463c57d9-755c-4e67-875b-ca304a7b91e8,pay_blr_22550720,780.07,SUCCESS
69d5dc40-31cc-4ec8-a370-cb980bce5690,fabbc3ee-2605-40bb-852a-f8ba0c57a113,pay_blr_13610372,1315.52,SUCCESS
be9fb11f-c1d9-486d-80d0-56c502e6a364,a2981716-5e3c-4136-b332-3a8252c336f5,pay_blr_11023114,600.59,SUCCESS
8dc27d49-2539-48ef-ad23-e228115acf9d,162bba37-1c87-4997-b09d-2d7766667bc0,pay_blr_31125488,860.48,SUCCESS
947e7858-37a4-4cc0-aeb7-012af0e5b3a2,3598142e-8aa3-47d4-8696-413963e8bfc0,pay_blr_79518667,839.37,SUCCESS
b7509dad-e1f1-4609-aaf8-2f79cae932c1,3ff7e5b3-13fe-48c6-b686-8694930453d0,pay_blr_29840362,660.59,SUCCESS
500cde16-37e1-4453-b4fd-3e7a54f400ab,8b25fc63-30a1-4106-8cd7-66d667070cec,pay_blr_35558010,574.74,SUCCESS
98526b11-401e-4f5b-b2fa-c2b1e3448455,a543fa46-4db4-43b4-867a-7ec2a4b7175f,pay_blr_90577383,326.7,SUCCESS
790a9199-14c5-4c02-9009-3ccfdda73889,3a0fc7da-9afa-4ffc-aad6-30881a05fd11,pay_blr_60720307,171.29,SUCCESS
176ce03c-c02c-4bb1-89eb-b735d4a3e8b4,1a9d3810-4b90-4ee0-9276-d86a2a859ed3,pay_blr_92437710,1034.57,SUCCESS
4088d175-4f3c-4e04-b280-3e39b314c673,7904c52b-03e6-4197-bb56-07373f8eafef,pay_blr_76900453,1179.84,SUCCESS
24e5c56c-fd37-40a9-a3cb-b2b47bd9609b,7138487d-94f7-4b35-a0ac-bf67cd2126ac,pay_blr_15473245,1069.15,SUCCESS
e24e47a6-92f6-40ed-bc2f-66790267a5ac,9a122840-249e-4b8a-97ae-c667b57aa781,pay_blr_42405983,1179.26,SUCCESS
09eb44e7-2414-40c0-ba49-eb48642d9d19,398ae1b9-c94c-46bf-afc5-4d33f21b8272,pay_blr_44590202,588.29,SUCCESS
f7875b69-0bb7-426c-b4ff-f5f6cecc0164,b171104a-2a1e-4291-8d52-256d989dce4b,pay_blr_20313372,607.96,SUCCESS
9fe655d7-a834-4d19-828b-1ec961cf5f7a,820dd23e-7b25-4a66-80c5-77f7b52e97e2,pay_blr_27167388,155.12,SUCCESS
157c3775-4739-41d8-a86e-7743c864cfc8,306d248f-bc58-4129-b439-d1c018347110,pay_blr_17777252,558.18,SUCCESS
5c444e2e-1f5c-47a0-b043-be562a85ac15,18eb9189-83a2-4383-90ae-7f67773a4550,pay_blr_77894385,362.98,SUCCESS
a9f14875-9690-4602-83fc-15e3d5c16078,d9702a38-3c1e-4140-8519-ccc5497a5f6e,pay_blr_79704534,445.25,SUCCESS
2133d5fa-d936-49a8-8006-46b3eeb6cf3c,3d563eda-a0fb-474b-a24e-152c4cdafd6f,pay_blr_83858860,483.44,SUCCESS
55ee559c-aefa-4f86-88c5-dc6716e222fe,e75913aa-18c6-4777-b002-3814305dce9d,pay_blr_74006673,367.68,SUCCESS
59085962-9628-4e02-a732-239fcc44a5c7,35259f09-cb7e-480c-bde7-be50e91899ef,pay_blr_85760777,783.88,SUCCESS
46f85a48-d86d-4747-8afe-2c1bc56780d0,8715d5ed-21ad-40ec-aba4-05143064d1bd,pay_blr_87749589,541.03,SUCCESS
0d7d6fba-407e-44da-9b0c-4890caf2ba66,c79da530-2bff-441a-8c3e-9bd038064164,pay_blr_85141628,408.52,SUCCESS
ff7098e6-f124-4d41-967a-cca857c2c6a2,91d0fa43-13b8-4f28-b891-d7e34d123360,pay_blr_85316719,537.37,SUCCESS
3aa49f44-1d8a-47f5-b88e-f7c67b8754e7,b1191a01-ad14-4a7e-b045-3e3e4090ecfb,pay_blr_60774044,793.79,SUCCESS
15b55a37-e551-47b1-89cd-1d12d74bb861,6a6651ad-af00-4902-8495-4c08851fc605,pay_blr_15444149,1325.12,SUCCESS
82f5cf49-b646-4c30-adcd-e73a7e011da9,2861207c-bca7-4036-930a-17b8080a33e9,pay_blr_60357342,667.46,SUCCESS
